strand,version,description,category_id,category_name,category_description,use_cases,item_json
medication,1.0.0,"Medication effects, interactions, monitoring, adherence, and referral safety.",antimalarials,Antimalarials,Common antimalarial and malaria-prevention medicines used in Ethiopia and similar endemic settings.,Malaria care|Medication history|Adherence education,"{""name"": ""Artemether-Lumefantrine 5 mg Tablet"", ""description"": ""Artemether-Lumefantrine is used in Ethiopian clinical and community care settings for a clinician-directed indication. This reference supports safe prescribing, adherence review, and interaction checking."", ""drug_class"": ""Essential local formulary reference"", ""indications"": [""Clinician-directed treatment plan"", ""Routine medication review"", ""Safety screening""], ""common_side_effects"": [""Nausea"", ""Dizziness"", ""Mild abdominal discomfort""], ""serious_side_effects"": [""Severe allergic reaction"", ""Persistent vomiting"", ""Severe weakness"", ""Uncontrolled bleeding""], ""monitoring"": [""Dose and timing review"", ""Clinical symptom tracking"", ""Medication interaction screening""], ""contraindications"": [""Known severe allergy"", ""Severe hepatic or renal impairment without clinician review""], ""interactions"": [""Other medicines in the same treatment class"", ""Alcohol where relevant"", ""Traditional preparations without informed review""], ""pregnancy_lactation"": ""Use only when clinically justified and reviewed with the treating clinician."", ""population"": ""Adults and children when prescribed and clinically appropriate"", ""region"": ""Ethiopia: primary care, referral care, and local community settings"", ""safety_notes"": [""Complete the prescribed course unless instructed otherwise"", ""Urgent review is needed for shortness of breath, rash, fainting, confusion, or severe bleeding""], ""source_ref"": ""Ethiopian formulary references; WHO clinical guidance; national medication safety review"", ""evidence_level"": ""Local formulary reference""}"
medication,1.0.0,"Medication effects, interactions, monitoring, adherence, and referral safety.",antimalarials,Antimalarials,Common antimalarial and malaria-prevention medicines used in Ethiopia and similar endemic settings.,Malaria care|Medication history|Adherence education,"{""name"": ""Artemether-Lumefantrine 5 mg Capsule"", ""description"": ""Artemether-Lumefantrine is used in Ethiopian clinical and community care settings for a clinician-directed indication. This reference supports safe prescribing, adherence review, and interaction checking."", ""drug_class"": ""Essential local formulary reference"", ""indications"": [""Clinician-directed treatment plan"", ""Routine medication review"", ""Safety screening""], ""common_side_effects"": [""Nausea"", ""Dizziness"", ""Mild abdominal discomfort""], ""serious_side_effects"": [""Severe allergic reaction"", ""Persistent vomiting"", ""Severe weakness"", ""Uncontrolled bleeding""], ""monitoring"": [""Dose and timing review"", ""Clinical symptom tracking"", ""Medication interaction screening""], ""contraindications"": [""Known severe allergy"", ""Severe hepatic or renal impairment without clinician review""], ""interactions"": [""Other medicines in the same treatment class"", ""Alcohol where relevant"", ""Traditional preparations without informed review""], ""pregnancy_lactation"": ""Use only when clinically justified and reviewed with the treating clinician."", ""population"": ""Adults and children when prescribed and clinically appropriate"", ""region"": ""Ethiopia: primary care, referral care, and local community settings"", ""safety_notes"": [""Complete the prescribed course unless instructed otherwise"", ""Urgent review is needed for shortness of breath, rash, fainting, confusion, or severe bleeding""], ""source_ref"": ""Ethiopian formulary references; WHO clinical guidance; national medication safety review"", ""evidence_level"": ""Local formulary reference""}"
medication,1.0.0,"Medication effects, interactions, monitoring, adherence, and referral safety.",antimalarials,Antimalarials,Common antimalarial and malaria-prevention medicines used in Ethiopia and similar endemic settings.,Malaria care|Medication history|Adherence education,"{""name"": ""Artemether-Lumefantrine 5 mg Syrup"", ""description"": ""Artemether-Lumefantrine is used in Ethiopian clinical and community care settings for a clinician-directed indication. This reference supports safe prescribing, adherence review, and interaction checking."", ""drug_class"": ""Essential local formulary reference"", ""indications"": [""Clinician-directed treatment plan"", ""Routine medication review"", ""Safety screening""], ""common_side_effects"": [""Nausea"", ""Dizziness"", ""Mild abdominal discomfort""], ""serious_side_effects"": [""Severe allergic reaction"", ""Persistent vomiting"", ""Severe weakness"", ""Uncontrolled bleeding""], ""monitoring"": [""Dose and timing review"", ""Clinical symptom tracking"", ""Medication interaction screening""], ""contraindications"": [""Known severe allergy"", ""Severe hepatic or renal impairment without clinician review""], ""interactions"": [""Other medicines in the same treatment class"", ""Alcohol where relevant"", ""Traditional preparations without informed review""], ""pregnancy_lactation"": ""Use only when clinically justified and reviewed with the treating clinician."", ""population"": ""Adults and children when prescribed and clinically appropriate"", ""region"": ""Ethiopia: primary care, referral care, and local community settings"", ""safety_notes"": [""Complete the prescribed course unless instructed otherwise"", ""Urgent review is needed for shortness of breath, rash, fainting, confusion, or severe bleeding""], ""source_ref"": ""Ethiopian formulary references; WHO clinical guidance; national medication safety review"", ""evidence_level"": ""Local formulary reference""}"
medication,1.0.0,"Medication effects, interactions, monitoring, adherence, and referral safety.",antimalarials,Antimalarials,Common antimalarial and malaria-prevention medicines used in Ethiopia and similar endemic settings.,Malaria care|Medication history|Adherence education,"{""name"": ""Artemether-Lumefantrine 5 mg Injectable"", ""description"": ""Artemether-Lumefantrine is used in Ethiopian clinical and community care settings for a clinician-directed indication. This reference supports safe prescribing, adherence review, and interaction checking."", ""drug_class"": ""Essential local formulary reference"", ""indications"": [""Clinician-directed treatment plan"", ""Routine medication review"", ""Safety screening""], ""common_side_effects"": [""Nausea"", ""Dizziness"", ""Mild abdominal discomfort""], ""serious_side_effects"": [""Severe allergic reaction"", ""Persistent vomiting"", ""Severe weakness"", ""Uncontrolled bleeding""], ""monitoring"": [""Dose and timing review"", ""Clinical symptom tracking"", ""Medication interaction screening""], ""contraindications"": [""Known severe allergy"", ""Severe hepatic or renal impairment without clinician review""], ""interactions"": [""Other medicines in the same treatment class"", ""Alcohol where relevant"", ""Traditional preparations without informed review""], ""pregnancy_lactation"": ""Use only when clinically justified and reviewed with the treating clinician."", ""population"": ""Adults and children when prescribed and clinically appropriate"", ""region"": ""Ethiopia: primary care, referral care, and local community settings"", ""safety_notes"": [""Complete the prescribed course unless instructed otherwise"", ""Urgent review is needed for shortness of breath, rash, fainting, confusion, or severe bleeding""], ""source_ref"": ""Ethiopian formulary references; WHO clinical guidance; national medication safety review"", ""evidence_level"": ""Local formulary reference""}"
medication,1.0.0,"Medication effects, interactions, monitoring, adherence, and referral safety.",antimalarials,Antimalarials,Common antimalarial and malaria-prevention medicines used in Ethiopia and similar endemic settings.,Malaria care|Medication history|Adherence education,"{""name"": ""Artemether-Lumefantrine 5 mg Oral suspension"", ""description"": ""Artemether-Lumefantrine is used in Ethiopian clinical and community care settings for a clinician-directed indication. This reference supports safe prescribing, adherence review, and interaction checking."", ""drug_class"": ""Essential local formulary reference"", ""indications"": [""Clinician-directed treatment plan"", ""Routine medication review"", ""Safety screening""], ""common_side_effects"": [""Nausea"", ""Dizziness"", ""Mild abdominal discomfort""], ""serious_side_effects"": [""Severe allergic reaction"", ""Persistent vomiting"", ""Severe weakness"", ""Uncontrolled bleeding""], ""monitoring"": [""Dose and timing review"", ""Clinical symptom tracking"", ""Medication interaction screening""], ""contraindications"": [""Known severe allergy"", ""Severe hepatic or renal impairment without clinician review""], ""interactions"": [""Other medicines in the same treatment class"", ""Alcohol where relevant"", ""Traditional preparations without informed review""], ""pregnancy_lactation"": ""Use only when clinically justified and reviewed with the treating clinician."", ""population"": ""Adults and children when prescribed and clinically appropriate"", ""region"": ""Ethiopia: primary care, referral care, and local community settings"", ""safety_notes"": [""Complete the prescribed course unless instructed otherwise"", ""Urgent review is needed for shortness of breath, rash, fainting, confusion, or severe bleeding""], ""source_ref"": ""Ethiopian formulary references; WHO clinical guidance; national medication safety review"", ""evidence_level"": ""Local formulary reference""}"
medication,1.0.0,"Medication effects, interactions, monitoring, adherence, and referral safety.",antimalarials,Antimalarials,Common antimalarial and malaria-prevention medicines used in Ethiopia and similar endemic settings.,Malaria care|Medication history|Adherence education,"{""name"": ""Artemether-Lumefantrine 5 mg Inhaler"", ""description"": ""Artemether-Lumefantrine is used in Ethiopian clinical and community care settings for a clinician-directed indication. This reference supports safe prescribing, adherence review, and interaction checking."", ""drug_class"": ""Essential local formulary reference"", ""indications"": [""Clinician-directed treatment plan"", ""Routine medication review"", ""Safety screening""], ""common_side_effects"": [""Nausea"", ""Dizziness"", ""Mild abdominal discomfort""], ""serious_side_effects"": [""Severe allergic reaction"", ""Persistent vomiting"", ""Severe weakness"", ""Uncontrolled bleeding""], ""monitoring"": [""Dose and timing review"", ""Clinical symptom tracking"", ""Medication interaction screening""], ""contraindications"": [""Known severe allergy"", ""Severe hepatic or renal impairment without clinician review""], ""interactions"": [""Other medicines in the same treatment class"", ""Alcohol where relevant"", ""Traditional preparations without informed review""], ""pregnancy_lactation"": ""Use only when clinically justified and reviewed with the treating clinician."", ""population"": ""Adults and children when prescribed and clinically appropriate"", ""region"": ""Ethiopia: primary care, referral care, and local community settings"", ""safety_notes"": [""Complete the prescribed course unless instructed otherwise"", ""Urgent review is needed for shortness of breath, rash, fainting, confusion, or severe bleeding""], ""source_ref"": ""Ethiopian formulary references; WHO clinical guidance; national medication safety review"", ""evidence_level"": ""Local formulary reference""}"
medication,1.0.0,"Medication effects, interactions, monitoring, adherence, and referral safety.",antimalarials,Antimalarials,Common antimalarial and malaria-prevention medicines used in Ethiopia and similar endemic settings.,Malaria care|Medication history|Adherence education,"{""name"": ""Artemether-Lumefantrine 10 mg Tablet"", ""description"": ""Artemether-Lumefantrine is used in Ethiopian clinical and community care settings for a clinician-directed indication. This reference supports safe prescribing, adherence review, and interaction checking."", ""drug_class"": ""Essential local formulary reference"", ""indications"": [""Clinician-directed treatment plan"", ""Routine medication review"", ""Safety screening""], ""common_side_effects"": [""Nausea"", ""Dizziness"", ""Mild abdominal discomfort""], ""serious_side_effects"": [""Severe allergic reaction"", ""Persistent vomiting"", ""Severe weakness"", ""Uncontrolled bleeding""], ""monitoring"": [""Dose and timing review"", ""Clinical symptom tracking"", ""Medication interaction screening""], ""contraindications"": [""Known severe allergy"", ""Severe hepatic or renal impairment without clinician review""], ""interactions"": [""Other medicines in the same treatment class"", ""Alcohol where relevant"", ""Traditional preparations without informed review""], ""pregnancy_lactation"": ""Use only when clinically justified and reviewed with the treating clinician."", ""population"": ""Adults and children when prescribed and clinically appropriate"", ""region"": ""Ethiopia: primary care, referral care, and local community settings"", ""safety_notes"": [""Complete the prescribed course unless instructed otherwise"", ""Urgent review is needed for shortness of breath, rash, fainting, confusion, or severe bleeding""], ""source_ref"": ""Ethiopian formulary references; WHO clinical guidance; national medication safety review"", ""evidence_level"": ""Local formulary reference""}"
medication,1.0.0,"Medication effects, interactions, monitoring, adherence, and referral safety.",antimalarials,Antimalarials,Common antimalarial and malaria-prevention medicines used in Ethiopia and similar endemic settings.,Malaria care|Medication history|Adherence education,"{""name"": ""Artemether-Lumefantrine 10 mg Capsule"", ""description"": ""Artemether-Lumefantrine is used in Ethiopian clinical and community care settings for a clinician-directed indication. This reference supports safe prescribing, adherence review, and interaction checking."", ""drug_class"": ""Essential local formulary reference"", ""indications"": [""Clinician-directed treatment plan"", ""Routine medication review"", ""Safety screening""], ""common_side_effects"": [""Nausea"", ""Dizziness"", ""Mild abdominal discomfort""], ""serious_side_effects"": [""Severe allergic reaction"", ""Persistent vomiting"", ""Severe weakness"", ""Uncontrolled bleeding""], ""monitoring"": [""Dose and timing review"", ""Clinical symptom tracking"", ""Medication interaction screening""], ""contraindications"": [""Known severe allergy"", ""Severe hepatic or renal impairment without clinician review""], ""interactions"": [""Other medicines in the same treatment class"", ""Alcohol where relevant"", ""Traditional preparations without informed review""], ""pregnancy_lactation"": ""Use only when clinically justified and reviewed with the treating clinician."", ""population"": ""Adults and children when prescribed and clinically appropriate"", ""region"": ""Ethiopia: primary care, referral care, and local community settings"", ""safety_notes"": [""Complete the prescribed course unless instructed otherwise"", ""Urgent review is needed for shortness of breath, rash, fainting, confusion, or severe bleeding""], ""source_ref"": ""Ethiopian formulary references; WHO clinical guidance; national medication safety review"", ""evidence_level"": ""Local formulary reference""}"
medication,1.0.0,"Medication effects, interactions, monitoring, adherence, and referral safety.",antimalarials,Antimalarials,Common antimalarial and malaria-prevention medicines used in Ethiopia and similar endemic settings.,Malaria care|Medication history|Adherence education,"{""name"": ""Artemether-Lumefantrine 10 mg Syrup"", ""description"": ""Artemether-Lumefantrine is used in Ethiopian clinical and community care settings for a clinician-directed indication. This reference supports safe prescribing, adherence review, and interaction checking."", ""drug_class"": ""Essential local formulary reference"", ""indications"": [""Clinician-directed treatment plan"", ""Routine medication review"", ""Safety screening""], ""common_side_effects"": [""Nausea"", ""Dizziness"", ""Mild abdominal discomfort""], ""serious_side_effects"": [""Severe allergic reaction"", ""Persistent vomiting"", ""Severe weakness"", ""Uncontrolled bleeding""], ""monitoring"": [""Dose and timing review"", ""Clinical symptom tracking"", ""Medication interaction screening""], ""contraindications"": [""Known severe allergy"", ""Severe hepatic or renal impairment without clinician review""], ""interactions"": [""Other medicines in the same treatment class"", ""Alcohol where relevant"", ""Traditional preparations without informed review""], ""pregnancy_lactation"": ""Use only when clinically justified and reviewed with the treating clinician."", ""population"": ""Adults and children when prescribed and clinically appropriate"", ""region"": ""Ethiopia: primary care, referral care, and local community settings"", ""safety_notes"": [""Complete the prescribed course unless instructed otherwise"", ""Urgent review is needed for shortness of breath, rash, fainting, confusion, or severe bleeding""], ""source_ref"": ""Ethiopian formulary references; WHO clinical guidance; national medication safety review"", ""evidence_level"": ""Local formulary reference""}"
medication,1.0.0,"Medication effects, interactions, monitoring, adherence, and referral safety.",antimalarials,Antimalarials,Common antimalarial and malaria-prevention medicines used in Ethiopia and similar endemic settings.,Malaria care|Medication history|Adherence education,"{""name"": ""Artemether-Lumefantrine 10 mg Injectable"", ""description"": ""Artemether-Lumefantrine is used in Ethiopian clinical and community care settings for a clinician-directed indication. This reference supports safe prescribing, adherence review, and interaction checking."", ""drug_class"": ""Essential local formulary reference"", ""indications"": [""Clinician-directed treatment plan"", ""Routine medication review"", ""Safety screening""], ""common_side_effects"": [""Nausea"", ""Dizziness"", ""Mild abdominal discomfort""], ""serious_side_effects"": [""Severe allergic reaction"", ""Persistent vomiting"", ""Severe weakness"", ""Uncontrolled bleeding""], ""monitoring"": [""Dose and timing review"", ""Clinical symptom tracking"", ""Medication interaction screening""], ""contraindications"": [""Known severe allergy"", ""Severe hepatic or renal impairment without clinician review""], ""interactions"": [""Other medicines in the same treatment class"", ""Alcohol where relevant"", ""Traditional preparations without informed review""], ""pregnancy_lactation"": ""Use only when clinically justified and reviewed with the treating clinician."", ""population"": ""Adults and children when prescribed and clinically appropriate"", ""region"": ""Ethiopia: primary care, referral care, and local community settings"", ""safety_notes"": [""Complete the prescribed course unless instructed otherwise"", ""Urgent review is needed for shortness of breath, rash, fainting, confusion, or severe bleeding""], ""source_ref"": ""Ethiopian formulary references; WHO clinical guidance; national medication safety review"", ""evidence_level"": ""Local formulary reference""}"
medication,1.0.0,"Medication effects, interactions, monitoring, adherence, and referral safety.",antimalarials,Antimalarials,Common antimalarial and malaria-prevention medicines used in Ethiopia and similar endemic settings.,Malaria care|Medication history|Adherence education,"{""name"": ""Artemether-Lumefantrine 10 mg Oral suspension"", ""description"": ""Artemether-Lumefantrine is used in Ethiopian clinical and community care settings for a clinician-directed indication. This reference supports safe prescribing, adherence review, and interaction checking."", ""drug_class"": ""Essential local formulary reference"", ""indications"": [""Clinician-directed treatment plan"", ""Routine medication review"", ""Safety screening""], ""common_side_effects"": [""Nausea"", ""Dizziness"", ""Mild abdominal discomfort""], ""serious_side_effects"": [""Severe allergic reaction"", ""Persistent vomiting"", ""Severe weakness"", ""Uncontrolled bleeding""], ""monitoring"": [""Dose and timing review"", ""Clinical symptom tracking"", ""Medication interaction screening""], ""contraindications"": [""Known severe allergy"", ""Severe hepatic or renal impairment without clinician review""], ""interactions"": [""Other medicines in the same treatment class"", ""Alcohol where relevant"", ""Traditional preparations without informed review""], ""pregnancy_lactation"": ""Use only when clinically justified and reviewed with the treating clinician."", ""population"": ""Adults and children when prescribed and clinically appropriate"", ""region"": ""Ethiopia: primary care, referral care, and local community settings"", ""safety_notes"": [""Complete the prescribed course unless instructed otherwise"", ""Urgent review is needed for shortness of breath, rash, fainting, confusion, or severe bleeding""], ""source_ref"": ""Ethiopian formulary references; WHO clinical guidance; national medication safety review"", ""evidence_level"": ""Local formulary reference""}"
medication,1.0.0,"Medication effects, interactions, monitoring, adherence, and referral safety.",antimalarials,Antimalarials,Common antimalarial and malaria-prevention medicines used in Ethiopia and similar endemic settings.,Malaria care|Medication history|Adherence education,"{""name"": ""Artemether-Lumefantrine 10 mg Inhaler"", ""description"": ""Artemether-Lumefantrine is used in Ethiopian clinical and community care settings for a clinician-directed indication. This reference supports safe prescribing, adherence review, and interaction checking."", ""drug_class"": ""Essential local formulary reference"", ""indications"": [""Clinician-directed treatment plan"", ""Routine medication review"", ""Safety screening""], ""common_side_effects"": [""Nausea"", ""Dizziness"", ""Mild abdominal discomfort""], ""serious_side_effects"": [""Severe allergic reaction"", ""Persistent vomiting"", ""Severe weakness"", ""Uncontrolled bleeding""], ""monitoring"": [""Dose and timing review"", ""Clinical symptom tracking"", ""Medication interaction screening""], ""contraindications"": [""Known severe allergy"", ""Severe hepatic or renal impairment without clinician review""], ""interactions"": [""Other medicines in the same treatment class"", ""Alcohol where relevant"", ""Traditional preparations without informed review""], ""pregnancy_lactation"": ""Use only when clinically justified and reviewed with the treating clinician."", ""population"": ""Adults and children when prescribed and clinically appropriate"", ""region"": ""Ethiopia: primary care, referral care, and local community settings"", ""safety_notes"": [""Complete the prescribed course unless instructed otherwise"", ""Urgent review is needed for shortness of breath, rash, fainting, confusion, or severe bleeding""], ""source_ref"": ""Ethiopian formulary references; WHO clinical guidance; national medication safety review"", ""evidence_level"": ""Local formulary reference""}"
medication,1.0.0,"Medication effects, interactions, monitoring, adherence, and referral safety.",antimalarials,Antimalarials,Common antimalarial and malaria-prevention medicines used in Ethiopia and similar endemic settings.,Malaria care|Medication history|Adherence education,"{""name"": ""Artemether-Lumefantrine 25 mg Tablet"", ""description"": ""Artemether-Lumefantrine is used in Ethiopian clinical and community care settings for a clinician-directed indication. This reference supports safe prescribing, adherence review, and interaction checking."", ""drug_class"": ""Essential local formulary reference"", ""indications"": [""Clinician-directed treatment plan"", ""Routine medication review"", ""Safety screening""], ""common_side_effects"": [""Nausea"", ""Dizziness"", ""Mild abdominal discomfort""], ""serious_side_effects"": [""Severe allergic reaction"", ""Persistent vomiting"", ""Severe weakness"", ""Uncontrolled bleeding""], ""monitoring"": [""Dose and timing review"", ""Clinical symptom tracking"", ""Medication interaction screening""], ""contraindications"": [""Known severe allergy"", ""Severe hepatic or renal impairment without clinician review""], ""interactions"": [""Other medicines in the same treatment class"", ""Alcohol where relevant"", ""Traditional preparations without informed review""], ""pregnancy_lactation"": ""Use only when clinically justified and reviewed with the treating clinician."", ""population"": ""Adults and children when prescribed and clinically appropriate"", ""region"": ""Ethiopia: primary care, referral care, and local community settings"", ""safety_notes"": [""Complete the prescribed course unless instructed otherwise"", ""Urgent review is needed for shortness of breath, rash, fainting, confusion, or severe bleeding""], ""source_ref"": ""Ethiopian formulary references; WHO clinical guidance; national medication safety review"", ""evidence_level"": ""Local formulary reference""}"
medication,1.0.0,"Medication effects, interactions, monitoring, adherence, and referral safety.",antimalarials,Antimalarials,Common antimalarial and malaria-prevention medicines used in Ethiopia and similar endemic settings.,Malaria care|Medication history|Adherence education,"{""name"": ""Artemether-Lumefantrine 25 mg Capsule"", ""description"": ""Artemether-Lumefantrine is used in Ethiopian clinical and community care settings for a clinician-directed indication. This reference supports safe prescribing, adherence review, and interaction checking."", ""drug_class"": ""Essential local formulary reference"", ""indications"": [""Clinician-directed treatment plan"", ""Routine medication review"", ""Safety screening""], ""common_side_effects"": [""Nausea"", ""Dizziness"", ""Mild abdominal discomfort""], ""serious_side_effects"": [""Severe allergic reaction"", ""Persistent vomiting"", ""Severe weakness"", ""Uncontrolled bleeding""], ""monitoring"": [""Dose and timing review"", ""Clinical symptom tracking"", ""Medication interaction screening""], ""contraindications"": [""Known severe allergy"", ""Severe hepatic or renal impairment without clinician review""], ""interactions"": [""Other medicines in the same treatment class"", ""Alcohol where relevant"", ""Traditional preparations without informed review""], ""pregnancy_lactation"": ""Use only when clinically justified and reviewed with the treating clinician."", ""population"": ""Adults and children when prescribed and clinically appropriate"", ""region"": ""Ethiopia: primary care, referral care, and local community settings"", ""safety_notes"": [""Complete the prescribed course unless instructed otherwise"", ""Urgent review is needed for shortness of breath, rash, fainting, confusion, or severe bleeding""], ""source_ref"": ""Ethiopian formulary references; WHO clinical guidance; national medication safety review"", ""evidence_level"": ""Local formulary reference""}"
medication,1.0.0,"Medication effects, interactions, monitoring, adherence, and referral safety.",antimalarials,Antimalarials,Common antimalarial and malaria-prevention medicines used in Ethiopia and similar endemic settings.,Malaria care|Medication history|Adherence education,"{""name"": ""Artemether-Lumefantrine 25 mg Syrup"", ""description"": ""Artemether-Lumefantrine is used in Ethiopian clinical and community care settings for a clinician-directed indication. This reference supports safe prescribing, adherence review, and interaction checking."", ""drug_class"": ""Essential local formulary reference"", ""indications"": [""Clinician-directed treatment plan"", ""Routine medication review"", ""Safety screening""], ""common_side_effects"": [""Nausea"", ""Dizziness"", ""Mild abdominal discomfort""], ""serious_side_effects"": [""Severe allergic reaction"", ""Persistent vomiting"", ""Severe weakness"", ""Uncontrolled bleeding""], ""monitoring"": [""Dose and timing review"", ""Clinical symptom tracking"", ""Medication interaction screening""], ""contraindications"": [""Known severe allergy"", ""Severe hepatic or renal impairment without clinician review""], ""interactions"": [""Other medicines in the same treatment class"", ""Alcohol where relevant"", ""Traditional preparations without informed review""], ""pregnancy_lactation"": ""Use only when clinically justified and reviewed with the treating clinician."", ""population"": ""Adults and children when prescribed and clinically appropriate"", ""region"": ""Ethiopia: primary care, referral care, and local community settings"", ""safety_notes"": [""Complete the prescribed course unless instructed otherwise"", ""Urgent review is needed for shortness of breath, rash, fainting, confusion, or severe bleeding""], ""source_ref"": ""Ethiopian formulary references; WHO clinical guidance; national medication safety review"", ""evidence_level"": ""Local formulary reference""}"
medication,1.0.0,"Medication effects, interactions, monitoring, adherence, and referral safety.",antimalarials,Antimalarials,Common antimalarial and malaria-prevention medicines used in Ethiopia and similar endemic settings.,Malaria care|Medication history|Adherence education,"{""name"": ""Artemether-Lumefantrine 25 mg Injectable"", ""description"": ""Artemether-Lumefantrine is used in Ethiopian clinical and community care settings for a clinician-directed indication. This reference supports safe prescribing, adherence review, and interaction checking."", ""drug_class"": ""Essential local formulary reference"", ""indications"": [""Clinician-directed treatment plan"", ""Routine medication review"", ""Safety screening""], ""common_side_effects"": [""Nausea"", ""Dizziness"", ""Mild abdominal discomfort""], ""serious_side_effects"": [""Severe allergic reaction"", ""Persistent vomiting"", ""Severe weakness"", ""Uncontrolled bleeding""], ""monitoring"": [""Dose and timing review"", ""Clinical symptom tracking"", ""Medication interaction screening""], ""contraindications"": [""Known severe allergy"", ""Severe hepatic or renal impairment without clinician review""], ""interactions"": [""Other medicines in the same treatment class"", ""Alcohol where relevant"", ""Traditional preparations without informed review""], ""pregnancy_lactation"": ""Use only when clinically justified and reviewed with the treating clinician."", ""population"": ""Adults and children when prescribed and clinically appropriate"", ""region"": ""Ethiopia: primary care, referral care, and local community settings"", ""safety_notes"": [""Complete the prescribed course unless instructed otherwise"", ""Urgent review is needed for shortness of breath, rash, fainting, confusion, or severe bleeding""], ""source_ref"": ""Ethiopian formulary references; WHO clinical guidance; national medication safety review"", ""evidence_level"": ""Local formulary reference""}"
medication,1.0.0,"Medication effects, interactions, monitoring, adherence, and referral safety.",antimalarials,Antimalarials,Common antimalarial and malaria-prevention medicines used in Ethiopia and similar endemic settings.,Malaria care|Medication history|Adherence education,"{""name"": ""Artemether-Lumefantrine 25 mg Oral suspension"", ""description"": ""Artemether-Lumefantrine is used in Ethiopian clinical and community care settings for a clinician-directed indication. This reference supports safe prescribing, adherence review, and interaction checking."", ""drug_class"": ""Essential local formulary reference"", ""indications"": [""Clinician-directed treatment plan"", ""Routine medication review"", ""Safety screening""], ""common_side_effects"": [""Nausea"", ""Dizziness"", ""Mild abdominal discomfort""], ""serious_side_effects"": [""Severe allergic reaction"", ""Persistent vomiting"", ""Severe weakness"", ""Uncontrolled bleeding""], ""monitoring"": [""Dose and timing review"", ""Clinical symptom tracking"", ""Medication interaction screening""], ""contraindications"": [""Known severe allergy"", ""Severe hepatic or renal impairment without clinician review""], ""interactions"": [""Other medicines in the same treatment class"", ""Alcohol where relevant"", ""Traditional preparations without informed review""], ""pregnancy_lactation"": ""Use only when clinically justified and reviewed with the treating clinician."", ""population"": ""Adults and children when prescribed and clinically appropriate"", ""region"": ""Ethiopia: primary care, referral care, and local community settings"", ""safety_notes"": [""Complete the prescribed course unless instructed otherwise"", ""Urgent review is needed for shortness of breath, rash, fainting, confusion, or severe bleeding""], ""source_ref"": ""Ethiopian formulary references; WHO clinical guidance; national medication safety review"", ""evidence_level"": ""Local formulary reference""}"
medication,1.0.0,"Medication effects, interactions, monitoring, adherence, and referral safety.",antimalarials,Antimalarials,Common antimalarial and malaria-prevention medicines used in Ethiopia and similar endemic settings.,Malaria care|Medication history|Adherence education,"{""name"": ""Artemether-Lumefantrine 25 mg Inhaler"", ""description"": ""Artemether-Lumefantrine is used in Ethiopian clinical and community care settings for a clinician-directed indication. This reference supports safe prescribing, adherence review, and interaction checking."", ""drug_class"": ""Essential local formulary reference"", ""indications"": [""Clinician-directed treatment plan"", ""Routine medication review"", ""Safety screening""], ""common_side_effects"": [""Nausea"", ""Dizziness"", ""Mild abdominal discomfort""], ""serious_side_effects"": [""Severe allergic reaction"", ""Persistent vomiting"", ""Severe weakness"", ""Uncontrolled bleeding""], ""monitoring"": [""Dose and timing review"", ""Clinical symptom tracking"", ""Medication interaction screening""], ""contraindications"": [""Known severe allergy"", ""Severe hepatic or renal impairment without clinician review""], ""interactions"": [""Other medicines in the same treatment class"", ""Alcohol where relevant"", ""Traditional preparations without informed review""], ""pregnancy_lactation"": ""Use only when clinically justified and reviewed with the treating clinician."", ""population"": ""Adults and children when prescribed and clinically appropriate"", ""region"": ""Ethiopia: primary care, referral care, and local community settings"", ""safety_notes"": [""Complete the prescribed course unless instructed otherwise"", ""Urgent review is needed for shortness of breath, rash, fainting, confusion, or severe bleeding""], ""source_ref"": ""Ethiopian formulary references; WHO clinical guidance; national medication safety review"", ""evidence_level"": ""Local formulary reference""}"
medication,1.0.0,"Medication effects, interactions, monitoring, adherence, and referral safety.",antimalarials,Antimalarials,Common antimalarial and malaria-prevention medicines used in Ethiopia and similar endemic settings.,Malaria care|Medication history|Adherence education,"{""name"": ""Artemether-Lumefantrine 50 mg Tablet"", ""description"": ""Artemether-Lumefantrine is used in Ethiopian clinical and community care settings for a clinician-directed indication. This reference supports safe prescribing, adherence review, and interaction checking."", ""drug_class"": ""Essential local formulary reference"", ""indications"": [""Clinician-directed treatment plan"", ""Routine medication review"", ""Safety screening""], ""common_side_effects"": [""Nausea"", ""Dizziness"", ""Mild abdominal discomfort""], ""serious_side_effects"": [""Severe allergic reaction"", ""Persistent vomiting"", ""Severe weakness"", ""Uncontrolled bleeding""], ""monitoring"": [""Dose and timing review"", ""Clinical symptom tracking"", ""Medication interaction screening""], ""contraindications"": [""Known severe allergy"", ""Severe hepatic or renal impairment without clinician review""], ""interactions"": [""Other medicines in the same treatment class"", ""Alcohol where relevant"", ""Traditional preparations without informed review""], ""pregnancy_lactation"": ""Use only when clinically justified and reviewed with the treating clinician."", ""population"": ""Adults and children when prescribed and clinically appropriate"", ""region"": ""Ethiopia: primary care, referral care, and local community settings"", ""safety_notes"": [""Complete the prescribed course unless instructed otherwise"", ""Urgent review is needed for shortness of breath, rash, fainting, confusion, or severe bleeding""], ""source_ref"": ""Ethiopian formulary references; WHO clinical guidance; national medication safety review"", ""evidence_level"": ""Local formulary reference""}"
medication,1.0.0,"Medication effects, interactions, monitoring, adherence, and referral safety.",antimalarials,Antimalarials,Common antimalarial and malaria-prevention medicines used in Ethiopia and similar endemic settings.,Malaria care|Medication history|Adherence education,"{""name"": ""Artemether-Lumefantrine 50 mg Capsule"", ""description"": ""Artemether-Lumefantrine is used in Ethiopian clinical and community care settings for a clinician-directed indication. This reference supports safe prescribing, adherence review, and interaction checking."", ""drug_class"": ""Essential local formulary reference"", ""indications"": [""Clinician-directed treatment plan"", ""Routine medication review"", ""Safety screening""], ""common_side_effects"": [""Nausea"", ""Dizziness"", ""Mild abdominal discomfort""], ""serious_side_effects"": [""Severe allergic reaction"", ""Persistent vomiting"", ""Severe weakness"", ""Uncontrolled bleeding""], ""monitoring"": [""Dose and timing review"", ""Clinical symptom tracking"", ""Medication interaction screening""], ""contraindications"": [""Known severe allergy"", ""Severe hepatic or renal impairment without clinician review""], ""interactions"": [""Other medicines in the same treatment class"", ""Alcohol where relevant"", ""Traditional preparations without informed review""], ""pregnancy_lactation"": ""Use only when clinically justified and reviewed with the treating clinician."", ""population"": ""Adults and children when prescribed and clinically appropriate"", ""region"": ""Ethiopia: primary care, referral care, and local community settings"", ""safety_notes"": [""Complete the prescribed course unless instructed otherwise"", ""Urgent review is needed for shortness of breath, rash, fainting, confusion, or severe bleeding""], ""source_ref"": ""Ethiopian formulary references; WHO clinical guidance; national medication safety review"", ""evidence_level"": ""Local formulary reference""}"
medication,1.0.0,"Medication effects, interactions, monitoring, adherence, and referral safety.",antimalarials,Antimalarials,Common antimalarial and malaria-prevention medicines used in Ethiopia and similar endemic settings.,Malaria care|Medication history|Adherence education,"{""name"": ""Artemether-Lumefantrine 50 mg Syrup"", ""description"": ""Artemether-Lumefantrine is used in Ethiopian clinical and community care settings for a clinician-directed indication. This reference supports safe prescribing, adherence review, and interaction checking."", ""drug_class"": ""Essential local formulary reference"", ""indications"": [""Clinician-directed treatment plan"", ""Routine medication review"", ""Safety screening""], ""common_side_effects"": [""Nausea"", ""Dizziness"", ""Mild abdominal discomfort""], ""serious_side_effects"": [""Severe allergic reaction"", ""Persistent vomiting"", ""Severe weakness"", ""Uncontrolled bleeding""], ""monitoring"": [""Dose and timing review"", ""Clinical symptom tracking"", ""Medication interaction screening""], ""contraindications"": [""Known severe allergy"", ""Severe hepatic or renal impairment without clinician review""], ""interactions"": [""Other medicines in the same treatment class"", ""Alcohol where relevant"", ""Traditional preparations without informed review""], ""pregnancy_lactation"": ""Use only when clinically justified and reviewed with the treating clinician."", ""population"": ""Adults and children when prescribed and clinically appropriate"", ""region"": ""Ethiopia: primary care, referral care, and local community settings"", ""safety_notes"": [""Complete the prescribed course unless instructed otherwise"", ""Urgent review is needed for shortness of breath, rash, fainting, confusion, or severe bleeding""], ""source_ref"": ""Ethiopian formulary references; WHO clinical guidance; national medication safety review"", ""evidence_level"": ""Local formulary reference""}"
medication,1.0.0,"Medication effects, interactions, monitoring, adherence, and referral safety.",antimalarials,Antimalarials,Common antimalarial and malaria-prevention medicines used in Ethiopia and similar endemic settings.,Malaria care|Medication history|Adherence education,"{""name"": ""Artemether-Lumefantrine 50 mg Injectable"", ""description"": ""Artemether-Lumefantrine is used in Ethiopian clinical and community care settings for a clinician-directed indication. This reference supports safe prescribing, adherence review, and interaction checking."", ""drug_class"": ""Essential local formulary reference"", ""indications"": [""Clinician-directed treatment plan"", ""Routine medication review"", ""Safety screening""], ""common_side_effects"": [""Nausea"", ""Dizziness"", ""Mild abdominal discomfort""], ""serious_side_effects"": [""Severe allergic reaction"", ""Persistent vomiting"", ""Severe weakness"", ""Uncontrolled bleeding""], ""monitoring"": [""Dose and timing review"", ""Clinical symptom tracking"", ""Medication interaction screening""], ""contraindications"": [""Known severe allergy"", ""Severe hepatic or renal impairment without clinician review""], ""interactions"": [""Other medicines in the same treatment class"", ""Alcohol where relevant"", ""Traditional preparations without informed review""], ""pregnancy_lactation"": ""Use only when clinically justified and reviewed with the treating clinician."", ""population"": ""Adults and children when prescribed and clinically appropriate"", ""region"": ""Ethiopia: primary care, referral care, and local community settings"", ""safety_notes"": [""Complete the prescribed course unless instructed otherwise"", ""Urgent review is needed for shortness of breath, rash, fainting, confusion, or severe bleeding""], ""source_ref"": ""Ethiopian formulary references; WHO clinical guidance; national medication safety review"", ""evidence_level"": ""Local formulary reference""}"
medication,1.0.0,"Medication effects, interactions, monitoring, adherence, and referral safety.",antimalarials,Antimalarials,Common antimalarial and malaria-prevention medicines used in Ethiopia and similar endemic settings.,Malaria care|Medication history|Adherence education,"{""name"": ""Artemether-Lumefantrine 50 mg Oral suspension"", ""description"": ""Artemether-Lumefantrine is used in Ethiopian clinical and community care settings for a clinician-directed indication. This reference supports safe prescribing, adherence review, and interaction checking."", ""drug_class"": ""Essential local formulary reference"", ""indications"": [""Clinician-directed treatment plan"", ""Routine medication review"", ""Safety screening""], ""common_side_effects"": [""Nausea"", ""Dizziness"", ""Mild abdominal discomfort""], ""serious_side_effects"": [""Severe allergic reaction"", ""Persistent vomiting"", ""Severe weakness"", ""Uncontrolled bleeding""], ""monitoring"": [""Dose and timing review"", ""Clinical symptom tracking"", ""Medication interaction screening""], ""contraindications"": [""Known severe allergy"", ""Severe hepatic or renal impairment without clinician review""], ""interactions"": [""Other medicines in the same treatment class"", ""Alcohol where relevant"", ""Traditional preparations without informed review""], ""pregnancy_lactation"": ""Use only when clinically justified and reviewed with the treating clinician."", ""population"": ""Adults and children when prescribed and clinically appropriate"", ""region"": ""Ethiopia: primary care, referral care, and local community settings"", ""safety_notes"": [""Complete the prescribed course unless instructed otherwise"", ""Urgent review is needed for shortness of breath, rash, fainting, confusion, or severe bleeding""], ""source_ref"": ""Ethiopian formulary references; WHO clinical guidance; national medication safety review"", ""evidence_level"": ""Local formulary reference""}"
medication,1.0.0,"Medication effects, interactions, monitoring, adherence, and referral safety.",antimalarials,Antimalarials,Common antimalarial and malaria-prevention medicines used in Ethiopia and similar endemic settings.,Malaria care|Medication history|Adherence education,"{""name"": ""Artemether-Lumefantrine 50 mg Inhaler"", ""description"": ""Artemether-Lumefantrine is used in Ethiopian clinical and community care settings for a clinician-directed indication. This reference supports safe prescribing, adherence review, and interaction checking."", ""drug_class"": ""Essential local formulary reference"", ""indications"": [""Clinician-directed treatment plan"", ""Routine medication review"", ""Safety screening""], ""common_side_effects"": [""Nausea"", ""Dizziness"", ""Mild abdominal discomfort""], ""serious_side_effects"": [""Severe allergic reaction"", ""Persistent vomiting"", ""Severe weakness"", ""Uncontrolled bleeding""], ""monitoring"": [""Dose and timing review"", ""Clinical symptom tracking"", ""Medication interaction screening""], ""contraindications"": [""Known severe allergy"", ""Severe hepatic or renal impairment without clinician review""], ""interactions"": [""Other medicines in the same treatment class"", ""Alcohol where relevant"", ""Traditional preparations without informed review""], ""pregnancy_lactation"": ""Use only when clinically justified and reviewed with the treating clinician."", ""population"": ""Adults and children when prescribed and clinically appropriate"", ""region"": ""Ethiopia: primary care, referral care, and local community settings"", ""safety_notes"": [""Complete the prescribed course unless instructed otherwise"", ""Urgent review is needed for shortness of breath, rash, fainting, confusion, or severe bleeding""], ""source_ref"": ""Ethiopian formulary references; WHO clinical guidance; national medication safety review"", ""evidence_level"": ""Local formulary reference""}"
medication,1.0.0,"Medication effects, interactions, monitoring, adherence, and referral safety.",antimalarials,Antimalarials,Common antimalarial and malaria-prevention medicines used in Ethiopia and similar endemic settings.,Malaria care|Medication history|Adherence education,"{""name"": ""Artemether-Lumefantrine 100 mg Tablet"", ""description"": ""Artemether-Lumefantrine is used in Ethiopian clinical and community care settings for a clinician-directed indication. This reference supports safe prescribing, adherence review, and interaction checking."", ""drug_class"": ""Essential local formulary reference"", ""indications"": [""Clinician-directed treatment plan"", ""Routine medication review"", ""Safety screening""], ""common_side_effects"": [""Nausea"", ""Dizziness"", ""Mild abdominal discomfort""], ""serious_side_effects"": [""Severe allergic reaction"", ""Persistent vomiting"", ""Severe weakness"", ""Uncontrolled bleeding""], ""monitoring"": [""Dose and timing review"", ""Clinical symptom tracking"", ""Medication interaction screening""], ""contraindications"": [""Known severe allergy"", ""Severe hepatic or renal impairment without clinician review""], ""interactions"": [""Other medicines in the same treatment class"", ""Alcohol where relevant"", ""Traditional preparations without informed review""], ""pregnancy_lactation"": ""Use only when clinically justified and reviewed with the treating clinician."", ""population"": ""Adults and children when prescribed and clinically appropriate"", ""region"": ""Ethiopia: primary care, referral care, and local community settings"", ""safety_notes"": [""Complete the prescribed course unless instructed otherwise"", ""Urgent review is needed for shortness of breath, rash, fainting, confusion, or severe bleeding""], ""source_ref"": ""Ethiopian formulary references; WHO clinical guidance; national medication safety review"", ""evidence_level"": ""Local formulary reference""}"
medication,1.0.0,"Medication effects, interactions, monitoring, adherence, and referral safety.",antimalarials,Antimalarials,Common antimalarial and malaria-prevention medicines used in Ethiopia and similar endemic settings.,Malaria care|Medication history|Adherence education,"{""name"": ""Artemether-Lumefantrine 100 mg Capsule"", ""description"": ""Artemether-Lumefantrine is used in Ethiopian clinical and community care settings for a clinician-directed indication. This reference supports safe prescribing, adherence review, and interaction checking."", ""drug_class"": ""Essential local formulary reference"", ""indications"": [""Clinician-directed treatment plan"", ""Routine medication review"", ""Safety screening""], ""common_side_effects"": [""Nausea"", ""Dizziness"", ""Mild abdominal discomfort""], ""serious_side_effects"": [""Severe allergic reaction"", ""Persistent vomiting"", ""Severe weakness"", ""Uncontrolled bleeding""], ""monitoring"": [""Dose and timing review"", ""Clinical symptom tracking"", ""Medication interaction screening""], ""contraindications"": [""Known severe allergy"", ""Severe hepatic or renal impairment without clinician review""], ""interactions"": [""Other medicines in the same treatment class"", ""Alcohol where relevant"", ""Traditional preparations without informed review""], ""pregnancy_lactation"": ""Use only when clinically justified and reviewed with the treating clinician."", ""population"": ""Adults and children when prescribed and clinically appropriate"", ""region"": ""Ethiopia: primary care, referral care, and local community settings"", ""safety_notes"": [""Complete the prescribed course unless instructed otherwise"", ""Urgent review is needed for shortness of breath, rash, fainting, confusion, or severe bleeding""], ""source_ref"": ""Ethiopian formulary references; WHO clinical guidance; national medication safety review"", ""evidence_level"": ""Local formulary reference""}"
medication,1.0.0,"Medication effects, interactions, monitoring, adherence, and referral safety.",antimalarials,Antimalarials,Common antimalarial and malaria-prevention medicines used in Ethiopia and similar endemic settings.,Malaria care|Medication history|Adherence education,"{""name"": ""Artemether-Lumefantrine 100 mg Syrup"", ""description"": ""Artemether-Lumefantrine is used in Ethiopian clinical and community care settings for a clinician-directed indication. This reference supports safe prescribing, adherence review, and interaction checking."", ""drug_class"": ""Essential local formulary reference"", ""indications"": [""Clinician-directed treatment plan"", ""Routine medication review"", ""Safety screening""], ""common_side_effects"": [""Nausea"", ""Dizziness"", ""Mild abdominal discomfort""], ""serious_side_effects"": [""Severe allergic reaction"", ""Persistent vomiting"", ""Severe weakness"", ""Uncontrolled bleeding""], ""monitoring"": [""Dose and timing review"", ""Clinical symptom tracking"", ""Medication interaction screening""], ""contraindications"": [""Known severe allergy"", ""Severe hepatic or renal impairment without clinician review""], ""interactions"": [""Other medicines in the same treatment class"", ""Alcohol where relevant"", ""Traditional preparations without informed review""], ""pregnancy_lactation"": ""Use only when clinically justified and reviewed with the treating clinician."", ""population"": ""Adults and children when prescribed and clinically appropriate"", ""region"": ""Ethiopia: primary care, referral care, and local community settings"", ""safety_notes"": [""Complete the prescribed course unless instructed otherwise"", ""Urgent review is needed for shortness of breath, rash, fainting, confusion, or severe bleeding""], ""source_ref"": ""Ethiopian formulary references; WHO clinical guidance; national medication safety review"", ""evidence_level"": ""Local formulary reference""}"
medication,1.0.0,"Medication effects, interactions, monitoring, adherence, and referral safety.",antimalarials,Antimalarials,Common antimalarial and malaria-prevention medicines used in Ethiopia and similar endemic settings.,Malaria care|Medication history|Adherence education,"{""name"": ""Artemether-Lumefantrine 100 mg Injectable"", ""description"": ""Artemether-Lumefantrine is used in Ethiopian clinical and community care settings for a clinician-directed indication. This reference supports safe prescribing, adherence review, and interaction checking."", ""drug_class"": ""Essential local formulary reference"", ""indications"": [""Clinician-directed treatment plan"", ""Routine medication review"", ""Safety screening""], ""common_side_effects"": [""Nausea"", ""Dizziness"", ""Mild abdominal discomfort""], ""serious_side_effects"": [""Severe allergic reaction"", ""Persistent vomiting"", ""Severe weakness"", ""Uncontrolled bleeding""], ""monitoring"": [""Dose and timing review"", ""Clinical symptom tracking"", ""Medication interaction screening""], ""contraindications"": [""Known severe allergy"", ""Severe hepatic or renal impairment without clinician review""], ""interactions"": [""Other medicines in the same treatment class"", ""Alcohol where relevant"", ""Traditional preparations without informed review""], ""pregnancy_lactation"": ""Use only when clinically justified and reviewed with the treating clinician."", ""population"": ""Adults and children when prescribed and clinically appropriate"", ""region"": ""Ethiopia: primary care, referral care, and local community settings"", ""safety_notes"": [""Complete the prescribed course unless instructed otherwise"", ""Urgent review is needed for shortness of breath, rash, fainting, confusion, or severe bleeding""], ""source_ref"": ""Ethiopian formulary references; WHO clinical guidance; national medication safety review"", ""evidence_level"": ""Local formulary reference""}"
medication,1.0.0,"Medication effects, interactions, monitoring, adherence, and referral safety.",antimalarials,Antimalarials,Common antimalarial and malaria-prevention medicines used in Ethiopia and similar endemic settings.,Malaria care|Medication history|Adherence education,"{""name"": ""Artemether-Lumefantrine 100 mg Oral suspension"", ""description"": ""Artemether-Lumefantrine is used in Ethiopian clinical and community care settings for a clinician-directed indication. This reference supports safe prescribing, adherence review, and interaction checking."", ""drug_class"": ""Essential local formulary reference"", ""indications"": [""Clinician-directed treatment plan"", ""Routine medication review"", ""Safety screening""], ""common_side_effects"": [""Nausea"", ""Dizziness"", ""Mild abdominal discomfort""], ""serious_side_effects"": [""Severe allergic reaction"", ""Persistent vomiting"", ""Severe weakness"", ""Uncontrolled bleeding""], ""monitoring"": [""Dose and timing review"", ""Clinical symptom tracking"", ""Medication interaction screening""], ""contraindications"": [""Known severe allergy"", ""Severe hepatic or renal impairment without clinician review""], ""interactions"": [""Other medicines in the same treatment class"", ""Alcohol where relevant"", ""Traditional preparations without informed review""], ""pregnancy_lactation"": ""Use only when clinically justified and reviewed with the treating clinician."", ""population"": ""Adults and children when prescribed and clinically appropriate"", ""region"": ""Ethiopia: primary care, referral care, and local community settings"", ""safety_notes"": [""Complete the prescribed course unless instructed otherwise"", ""Urgent review is needed for shortness of breath, rash, fainting, confusion, or severe bleeding""], ""source_ref"": ""Ethiopian formulary references; WHO clinical guidance; national medication safety review"", ""evidence_level"": ""Local formulary reference""}"
medication,1.0.0,"Medication effects, interactions, monitoring, adherence, and referral safety.",antimalarials,Antimalarials,Common antimalarial and malaria-prevention medicines used in Ethiopia and similar endemic settings.,Malaria care|Medication history|Adherence education,"{""name"": ""Artemether-Lumefantrine 100 mg Inhaler"", ""description"": ""Artemether-Lumefantrine is used in Ethiopian clinical and community care settings for a clinician-directed indication. This reference supports safe prescribing, adherence review, and interaction checking."", ""drug_class"": ""Essential local formulary reference"", ""indications"": [""Clinician-directed treatment plan"", ""Routine medication review"", ""Safety screening""], ""common_side_effects"": [""Nausea"", ""Dizziness"", ""Mild abdominal discomfort""], ""serious_side_effects"": [""Severe allergic reaction"", ""Persistent vomiting"", ""Severe weakness"", ""Uncontrolled bleeding""], ""monitoring"": [""Dose and timing review"", ""Clinical symptom tracking"", ""Medication interaction screening""], ""contraindications"": [""Known severe allergy"", ""Severe hepatic or renal impairment without clinician review""], ""interactions"": [""Other medicines in the same treatment class"", ""Alcohol where relevant"", ""Traditional preparations without informed review""], ""pregnancy_lactation"": ""Use only when clinically justified and reviewed with the treating clinician."", ""population"": ""Adults and children when prescribed and clinically appropriate"", ""region"": ""Ethiopia: primary care, referral care, and local community settings"", ""safety_notes"": [""Complete the prescribed course unless instructed otherwise"", ""Urgent review is needed for shortness of breath, rash, fainting, confusion, or severe bleeding""], ""source_ref"": ""Ethiopian formulary references; WHO clinical guidance; national medication safety review"", ""evidence_level"": ""Local formulary reference""}"
medication,1.0.0,"Medication effects, interactions, monitoring, adherence, and referral safety.",antimalarials,Antimalarials,Common antimalarial and malaria-prevention medicines used in Ethiopia and similar endemic settings.,Malaria care|Medication history|Adherence education,"{""name"": ""Artemether-Lumefantrine 250 mg Tablet"", ""description"": ""Artemether-Lumefantrine is used in Ethiopian clinical and community care settings for a clinician-directed indication. This reference supports safe prescribing, adherence review, and interaction checking."", ""drug_class"": ""Essential local formulary reference"", ""indications"": [""Clinician-directed treatment plan"", ""Routine medication review"", ""Safety screening""], ""common_side_effects"": [""Nausea"", ""Dizziness"", ""Mild abdominal discomfort""], ""serious_side_effects"": [""Severe allergic reaction"", ""Persistent vomiting"", ""Severe weakness"", ""Uncontrolled bleeding""], ""monitoring"": [""Dose and timing review"", ""Clinical symptom tracking"", ""Medication interaction screening""], ""contraindications"": [""Known severe allergy"", ""Severe hepatic or renal impairment without clinician review""], ""interactions"": [""Other medicines in the same treatment class"", ""Alcohol where relevant"", ""Traditional preparations without informed review""], ""pregnancy_lactation"": ""Use only when clinically justified and reviewed with the treating clinician."", ""population"": ""Adults and children when prescribed and clinically appropriate"", ""region"": ""Ethiopia: primary care, referral care, and local community settings"", ""safety_notes"": [""Complete the prescribed course unless instructed otherwise"", ""Urgent review is needed for shortness of breath, rash, fainting, confusion, or severe bleeding""], ""source_ref"": ""Ethiopian formulary references; WHO clinical guidance; national medication safety review"", ""evidence_level"": ""Local formulary reference""}"
medication,1.0.0,"Medication effects, interactions, monitoring, adherence, and referral safety.",antimalarials,Antimalarials,Common antimalarial and malaria-prevention medicines used in Ethiopia and similar endemic settings.,Malaria care|Medication history|Adherence education,"{""name"": ""Artemether-Lumefantrine 250 mg Capsule"", ""description"": ""Artemether-Lumefantrine is used in Ethiopian clinical and community care settings for a clinician-directed indication. This reference supports safe prescribing, adherence review, and interaction checking."", ""drug_class"": ""Essential local formulary reference"", ""indications"": [""Clinician-directed treatment plan"", ""Routine medication review"", ""Safety screening""], ""common_side_effects"": [""Nausea"", ""Dizziness"", ""Mild abdominal discomfort""], ""serious_side_effects"": [""Severe allergic reaction"", ""Persistent vomiting"", ""Severe weakness"", ""Uncontrolled bleeding""], ""monitoring"": [""Dose and timing review"", ""Clinical symptom tracking"", ""Medication interaction screening""], ""contraindications"": [""Known severe allergy"", ""Severe hepatic or renal impairment without clinician review""], ""interactions"": [""Other medicines in the same treatment class"", ""Alcohol where relevant"", ""Traditional preparations without informed review""], ""pregnancy_lactation"": ""Use only when clinically justified and reviewed with the treating clinician."", ""population"": ""Adults and children when prescribed and clinically appropriate"", ""region"": ""Ethiopia: primary care, referral care, and local community settings"", ""safety_notes"": [""Complete the prescribed course unless instructed otherwise"", ""Urgent review is needed for shortness of breath, rash, fainting, confusion, or severe bleeding""], ""source_ref"": ""Ethiopian formulary references; WHO clinical guidance; national medication safety review"", ""evidence_level"": ""Local formulary reference""}"
medication,1.0.0,"Medication effects, interactions, monitoring, adherence, and referral safety.",antimalarials,Antimalarials,Common antimalarial and malaria-prevention medicines used in Ethiopia and similar endemic settings.,Malaria care|Medication history|Adherence education,"{""name"": ""Artemether-Lumefantrine 250 mg Syrup"", ""description"": ""Artemether-Lumefantrine is used in Ethiopian clinical and community care settings for a clinician-directed indication. This reference supports safe prescribing, adherence review, and interaction checking."", ""drug_class"": ""Essential local formulary reference"", ""indications"": [""Clinician-directed treatment plan"", ""Routine medication review"", ""Safety screening""], ""common_side_effects"": [""Nausea"", ""Dizziness"", ""Mild abdominal discomfort""], ""serious_side_effects"": [""Severe allergic reaction"", ""Persistent vomiting"", ""Severe weakness"", ""Uncontrolled bleeding""], ""monitoring"": [""Dose and timing review"", ""Clinical symptom tracking"", ""Medication interaction screening""], ""contraindications"": [""Known severe allergy"", ""Severe hepatic or renal impairment without clinician review""], ""interactions"": [""Other medicines in the same treatment class"", ""Alcohol where relevant"", ""Traditional preparations without informed review""], ""pregnancy_lactation"": ""Use only when clinically justified and reviewed with the treating clinician."", ""population"": ""Adults and children when prescribed and clinically appropriate"", ""region"": ""Ethiopia: primary care, referral care, and local community settings"", ""safety_notes"": [""Complete the prescribed course unless instructed otherwise"", ""Urgent review is needed for shortness of breath, rash, fainting, confusion, or severe bleeding""], ""source_ref"": ""Ethiopian formulary references; WHO clinical guidance; national medication safety review"", ""evidence_level"": ""Local formulary reference""}"
medication,1.0.0,"Medication effects, interactions, monitoring, adherence, and referral safety.",antimalarials,Antimalarials,Common antimalarial and malaria-prevention medicines used in Ethiopia and similar endemic settings.,Malaria care|Medication history|Adherence education,"{""name"": ""Artemether-Lumefantrine 250 mg Injectable"", ""description"": ""Artemether-Lumefantrine is used in Ethiopian clinical and community care settings for a clinician-directed indication. This reference supports safe prescribing, adherence review, and interaction checking."", ""drug_class"": ""Essential local formulary reference"", ""indications"": [""Clinician-directed treatment plan"", ""Routine medication review"", ""Safety screening""], ""common_side_effects"": [""Nausea"", ""Dizziness"", ""Mild abdominal discomfort""], ""serious_side_effects"": [""Severe allergic reaction"", ""Persistent vomiting"", ""Severe weakness"", ""Uncontrolled bleeding""], ""monitoring"": [""Dose and timing review"", ""Clinical symptom tracking"", ""Medication interaction screening""], ""contraindications"": [""Known severe allergy"", ""Severe hepatic or renal impairment without clinician review""], ""interactions"": [""Other medicines in the same treatment class"", ""Alcohol where relevant"", ""Traditional preparations without informed review""], ""pregnancy_lactation"": ""Use only when clinically justified and reviewed with the treating clinician."", ""population"": ""Adults and children when prescribed and clinically appropriate"", ""region"": ""Ethiopia: primary care, referral care, and local community settings"", ""safety_notes"": [""Complete the prescribed course unless instructed otherwise"", ""Urgent review is needed for shortness of breath, rash, fainting, confusion, or severe bleeding""], ""source_ref"": ""Ethiopian formulary references; WHO clinical guidance; national medication safety review"", ""evidence_level"": ""Local formulary reference""}"
medication,1.0.0,"Medication effects, interactions, monitoring, adherence, and referral safety.",antimalarials,Antimalarials,Common antimalarial and malaria-prevention medicines used in Ethiopia and similar endemic settings.,Malaria care|Medication history|Adherence education,"{""name"": ""Artemether-Lumefantrine 250 mg Oral suspension"", ""description"": ""Artemether-Lumefantrine is used in Ethiopian clinical and community care settings for a clinician-directed indication. This reference supports safe prescribing, adherence review, and interaction checking."", ""drug_class"": ""Essential local formulary reference"", ""indications"": [""Clinician-directed treatment plan"", ""Routine medication review"", ""Safety screening""], ""common_side_effects"": [""Nausea"", ""Dizziness"", ""Mild abdominal discomfort""], ""serious_side_effects"": [""Severe allergic reaction"", ""Persistent vomiting"", ""Severe weakness"", ""Uncontrolled bleeding""], ""monitoring"": [""Dose and timing review"", ""Clinical symptom tracking"", ""Medication interaction screening""], ""contraindications"": [""Known severe allergy"", ""Severe hepatic or renal impairment without clinician review""], ""interactions"": [""Other medicines in the same treatment class"", ""Alcohol where relevant"", ""Traditional preparations without informed review""], ""pregnancy_lactation"": ""Use only when clinically justified and reviewed with the treating clinician."", ""population"": ""Adults and children when prescribed and clinically appropriate"", ""region"": ""Ethiopia: primary care, referral care, and local community settings"", ""safety_notes"": [""Complete the prescribed course unless instructed otherwise"", ""Urgent review is needed for shortness of breath, rash, fainting, confusion, or severe bleeding""], ""source_ref"": ""Ethiopian formulary references; WHO clinical guidance; national medication safety review"", ""evidence_level"": ""Local formulary reference""}"
medication,1.0.0,"Medication effects, interactions, monitoring, adherence, and referral safety.",antimalarials,Antimalarials,Common antimalarial and malaria-prevention medicines used in Ethiopia and similar endemic settings.,Malaria care|Medication history|Adherence education,"{""name"": ""Artemether-Lumefantrine 250 mg Inhaler"", ""description"": ""Artemether-Lumefantrine is used in Ethiopian clinical and community care settings for a clinician-directed indication. This reference supports safe prescribing, adherence review, and interaction checking."", ""drug_class"": ""Essential local formulary reference"", ""indications"": [""Clinician-directed treatment plan"", ""Routine medication review"", ""Safety screening""], ""common_side_effects"": [""Nausea"", ""Dizziness"", ""Mild abdominal discomfort""], ""serious_side_effects"": [""Severe allergic reaction"", ""Persistent vomiting"", ""Severe weakness"", ""Uncontrolled bleeding""], ""monitoring"": [""Dose and timing review"", ""Clinical symptom tracking"", ""Medication interaction screening""], ""contraindications"": [""Known severe allergy"", ""Severe hepatic or renal impairment without clinician review""], ""interactions"": [""Other medicines in the same treatment class"", ""Alcohol where relevant"", ""Traditional preparations without informed review""], ""pregnancy_lactation"": ""Use only when clinically justified and reviewed with the treating clinician."", ""population"": ""Adults and children when prescribed and clinically appropriate"", ""region"": ""Ethiopia: primary care, referral care, and local community settings"", ""safety_notes"": [""Complete the prescribed course unless instructed otherwise"", ""Urgent review is needed for shortness of breath, rash, fainting, confusion, or severe bleeding""], ""source_ref"": ""Ethiopian formulary references; WHO clinical guidance; national medication safety review"", ""evidence_level"": ""Local formulary reference""}"
medication,1.0.0,"Medication effects, interactions, monitoring, adherence, and referral safety.",antimalarials,Antimalarials,Common antimalarial and malaria-prevention medicines used in Ethiopia and similar endemic settings.,Malaria care|Medication history|Adherence education,"{""name"": ""Artemether-Lumefantrine 500 mg Tablet"", ""description"": ""Artemether-Lumefantrine is used in Ethiopian clinical and community care settings for a clinician-directed indication. This reference supports safe prescribing, adherence review, and interaction checking."", ""drug_class"": ""Essential local formulary reference"", ""indications"": [""Clinician-directed treatment plan"", ""Routine medication review"", ""Safety screening""], ""common_side_effects"": [""Nausea"", ""Dizziness"", ""Mild abdominal discomfort""], ""serious_side_effects"": [""Severe allergic reaction"", ""Persistent vomiting"", ""Severe weakness"", ""Uncontrolled bleeding""], ""monitoring"": [""Dose and timing review"", ""Clinical symptom tracking"", ""Medication interaction screening""], ""contraindications"": [""Known severe allergy"", ""Severe hepatic or renal impairment without clinician review""], ""interactions"": [""Other medicines in the same treatment class"", ""Alcohol where relevant"", ""Traditional preparations without informed review""], ""pregnancy_lactation"": ""Use only when clinically justified and reviewed with the treating clinician."", ""population"": ""Adults and children when prescribed and clinically appropriate"", ""region"": ""Ethiopia: primary care, referral care, and local community settings"", ""safety_notes"": [""Complete the prescribed course unless instructed otherwise"", ""Urgent review is needed for shortness of breath, rash, fainting, confusion, or severe bleeding""], ""source_ref"": ""Ethiopian formulary references; WHO clinical guidance; national medication safety review"", ""evidence_level"": ""Local formulary reference""}"
medication,1.0.0,"Medication effects, interactions, monitoring, adherence, and referral safety.",antimalarials,Antimalarials,Common antimalarial and malaria-prevention medicines used in Ethiopia and similar endemic settings.,Malaria care|Medication history|Adherence education,"{""name"": ""Artemether-Lumefantrine 500 mg Capsule"", ""description"": ""Artemether-Lumefantrine is used in Ethiopian clinical and community care settings for a clinician-directed indication. This reference supports safe prescribing, adherence review, and interaction checking."", ""drug_class"": ""Essential local formulary reference"", ""indications"": [""Clinician-directed treatment plan"", ""Routine medication review"", ""Safety screening""], ""common_side_effects"": [""Nausea"", ""Dizziness"", ""Mild abdominal discomfort""], ""serious_side_effects"": [""Severe allergic reaction"", ""Persistent vomiting"", ""Severe weakness"", ""Uncontrolled bleeding""], ""monitoring"": [""Dose and timing review"", ""Clinical symptom tracking"", ""Medication interaction screening""], ""contraindications"": [""Known severe allergy"", ""Severe hepatic or renal impairment without clinician review""], ""interactions"": [""Other medicines in the same treatment class"", ""Alcohol where relevant"", ""Traditional preparations without informed review""], ""pregnancy_lactation"": ""Use only when clinically justified and reviewed with the treating clinician."", ""population"": ""Adults and children when prescribed and clinically appropriate"", ""region"": ""Ethiopia: primary care, referral care, and local community settings"", ""safety_notes"": [""Complete the prescribed course unless instructed otherwise"", ""Urgent review is needed for shortness of breath, rash, fainting, confusion, or severe bleeding""], ""source_ref"": ""Ethiopian formulary references; WHO clinical guidance; national medication safety review"", ""evidence_level"": ""Local formulary reference""}"
medication,1.0.0,"Medication effects, interactions, monitoring, adherence, and referral safety.",antimalarials,Antimalarials,Common antimalarial and malaria-prevention medicines used in Ethiopia and similar endemic settings.,Malaria care|Medication history|Adherence education,"{""name"": ""Artemether-Lumefantrine 500 mg Syrup"", ""description"": ""Artemether-Lumefantrine is used in Ethiopian clinical and community care settings for a clinician-directed indication. This reference supports safe prescribing, adherence review, and interaction checking."", ""drug_class"": ""Essential local formulary reference"", ""indications"": [""Clinician-directed treatment plan"", ""Routine medication review"", ""Safety screening""], ""common_side_effects"": [""Nausea"", ""Dizziness"", ""Mild abdominal discomfort""], ""serious_side_effects"": [""Severe allergic reaction"", ""Persistent vomiting"", ""Severe weakness"", ""Uncontrolled bleeding""], ""monitoring"": [""Dose and timing review"", ""Clinical symptom tracking"", ""Medication interaction screening""], ""contraindications"": [""Known severe allergy"", ""Severe hepatic or renal impairment without clinician review""], ""interactions"": [""Other medicines in the same treatment class"", ""Alcohol where relevant"", ""Traditional preparations without informed review""], ""pregnancy_lactation"": ""Use only when clinically justified and reviewed with the treating clinician."", ""population"": ""Adults and children when prescribed and clinically appropriate"", ""region"": ""Ethiopia: primary care, referral care, and local community settings"", ""safety_notes"": [""Complete the prescribed course unless instructed otherwise"", ""Urgent review is needed for shortness of breath, rash, fainting, confusion, or severe bleeding""], ""source_ref"": ""Ethiopian formulary references; WHO clinical guidance; national medication safety review"", ""evidence_level"": ""Local formulary reference""}"
medication,1.0.0,"Medication effects, interactions, monitoring, adherence, and referral safety.",antimalarials,Antimalarials,Common antimalarial and malaria-prevention medicines used in Ethiopia and similar endemic settings.,Malaria care|Medication history|Adherence education,"{""name"": ""Artemether-Lumefantrine 500 mg Injectable"", ""description"": ""Artemether-Lumefantrine is used in Ethiopian clinical and community care settings for a clinician-directed indication. This reference supports safe prescribing, adherence review, and interaction checking."", ""drug_class"": ""Essential local formulary reference"", ""indications"": [""Clinician-directed treatment plan"", ""Routine medication review"", ""Safety screening""], ""common_side_effects"": [""Nausea"", ""Dizziness"", ""Mild abdominal discomfort""], ""serious_side_effects"": [""Severe allergic reaction"", ""Persistent vomiting"", ""Severe weakness"", ""Uncontrolled bleeding""], ""monitoring"": [""Dose and timing review"", ""Clinical symptom tracking"", ""Medication interaction screening""], ""contraindications"": [""Known severe allergy"", ""Severe hepatic or renal impairment without clinician review""], ""interactions"": [""Other medicines in the same treatment class"", ""Alcohol where relevant"", ""Traditional preparations without informed review""], ""pregnancy_lactation"": ""Use only when clinically justified and reviewed with the treating clinician."", ""population"": ""Adults and children when prescribed and clinically appropriate"", ""region"": ""Ethiopia: primary care, referral care, and local community settings"", ""safety_notes"": [""Complete the prescribed course unless instructed otherwise"", ""Urgent review is needed for shortness of breath, rash, fainting, confusion, or severe bleeding""], ""source_ref"": ""Ethiopian formulary references; WHO clinical guidance; national medication safety review"", ""evidence_level"": ""Local formulary reference""}"
medication,1.0.0,"Medication effects, interactions, monitoring, adherence, and referral safety.",antimalarials,Antimalarials,Common antimalarial and malaria-prevention medicines used in Ethiopia and similar endemic settings.,Malaria care|Medication history|Adherence education,"{""name"": ""Artemether-Lumefantrine 500 mg Oral suspension"", ""description"": ""Artemether-Lumefantrine is used in Ethiopian clinical and community care settings for a clinician-directed indication. This reference supports safe prescribing, adherence review, and interaction checking."", ""drug_class"": ""Essential local formulary reference"", ""indications"": [""Clinician-directed treatment plan"", ""Routine medication review"", ""Safety screening""], ""common_side_effects"": [""Nausea"", ""Dizziness"", ""Mild abdominal discomfort""], ""serious_side_effects"": [""Severe allergic reaction"", ""Persistent vomiting"", ""Severe weakness"", ""Uncontrolled bleeding""], ""monitoring"": [""Dose and timing review"", ""Clinical symptom tracking"", ""Medication interaction screening""], ""contraindications"": [""Known severe allergy"", ""Severe hepatic or renal impairment without clinician review""], ""interactions"": [""Other medicines in the same treatment class"", ""Alcohol where relevant"", ""Traditional preparations without informed review""], ""pregnancy_lactation"": ""Use only when clinically justified and reviewed with the treating clinician."", ""population"": ""Adults and children when prescribed and clinically appropriate"", ""region"": ""Ethiopia: primary care, referral care, and local community settings"", ""safety_notes"": [""Complete the prescribed course unless instructed otherwise"", ""Urgent review is needed for shortness of breath, rash, fainting, confusion, or severe bleeding""], ""source_ref"": ""Ethiopian formulary references; WHO clinical guidance; national medication safety review"", ""evidence_level"": ""Local formulary reference""}"
medication,1.0.0,"Medication effects, interactions, monitoring, adherence, and referral safety.",antimalarials,Antimalarials,Common antimalarial and malaria-prevention medicines used in Ethiopia and similar endemic settings.,Malaria care|Medication history|Adherence education,"{""name"": ""Artemether-Lumefantrine 500 mg Inhaler"", ""description"": ""Artemether-Lumefantrine is used in Ethiopian clinical and community care settings for a clinician-directed indication. This reference supports safe prescribing, adherence review, and interaction checking."", ""drug_class"": ""Essential local formulary reference"", ""indications"": [""Clinician-directed treatment plan"", ""Routine medication review"", ""Safety screening""], ""common_side_effects"": [""Nausea"", ""Dizziness"", ""Mild abdominal discomfort""], ""serious_side_effects"": [""Severe allergic reaction"", ""Persistent vomiting"", ""Severe weakness"", ""Uncontrolled bleeding""], ""monitoring"": [""Dose and timing review"", ""Clinical symptom tracking"", ""Medication interaction screening""], ""contraindications"": [""Known severe allergy"", ""Severe hepatic or renal impairment without clinician review""], ""interactions"": [""Other medicines in the same treatment class"", ""Alcohol where relevant"", ""Traditional preparations without informed review""], ""pregnancy_lactation"": ""Use only when clinically justified and reviewed with the treating clinician."", ""population"": ""Adults and children when prescribed and clinically appropriate"", ""region"": ""Ethiopia: primary care, referral care, and local community settings"", ""safety_notes"": [""Complete the prescribed course unless instructed otherwise"", ""Urgent review is needed for shortness of breath, rash, fainting, confusion, or severe bleeding""], ""source_ref"": ""Ethiopian formulary references; WHO clinical guidance; national medication safety review"", ""evidence_level"": ""Local formulary reference""}"
medication,1.0.0,"Medication effects, interactions, monitoring, adherence, and referral safety.",antimalarials,Antimalarials,Common antimalarial and malaria-prevention medicines used in Ethiopia and similar endemic settings.,Malaria care|Medication history|Adherence education,"{""name"": ""Artemether-Lumefantrine 1 g Tablet"", ""description"": ""Artemether-Lumefantrine is used in Ethiopian clinical and community care settings for a clinician-directed indication. This reference supports safe prescribing, adherence review, and interaction checking."", ""drug_class"": ""Essential local formulary reference"", ""indications"": [""Clinician-directed treatment plan"", ""Routine medication review"", ""Safety screening""], ""common_side_effects"": [""Nausea"", ""Dizziness"", ""Mild abdominal discomfort""], ""serious_side_effects"": [""Severe allergic reaction"", ""Persistent vomiting"", ""Severe weakness"", ""Uncontrolled bleeding""], ""monitoring"": [""Dose and timing review"", ""Clinical symptom tracking"", ""Medication interaction screening""], ""contraindications"": [""Known severe allergy"", ""Severe hepatic or renal impairment without clinician review""], ""interactions"": [""Other medicines in the same treatment class"", ""Alcohol where relevant"", ""Traditional preparations without informed review""], ""pregnancy_lactation"": ""Use only when clinically justified and reviewed with the treating clinician."", ""population"": ""Adults and children when prescribed and clinically appropriate"", ""region"": ""Ethiopia: primary care, referral care, and local community settings"", ""safety_notes"": [""Complete the prescribed course unless instructed otherwise"", ""Urgent review is needed for shortness of breath, rash, fainting, confusion, or severe bleeding""], ""source_ref"": ""Ethiopian formulary references; WHO clinical guidance; national medication safety review"", ""evidence_level"": ""Local formulary reference""}"
medication,1.0.0,"Medication effects, interactions, monitoring, adherence, and referral safety.",antimalarials,Antimalarials,Common antimalarial and malaria-prevention medicines used in Ethiopia and similar endemic settings.,Malaria care|Medication history|Adherence education,"{""name"": ""Artemether-Lumefantrine 1 g Capsule"", ""description"": ""Artemether-Lumefantrine is used in Ethiopian clinical and community care settings for a clinician-directed indication. This reference supports safe prescribing, adherence review, and interaction checking."", ""drug_class"": ""Essential local formulary reference"", ""indications"": [""Clinician-directed treatment plan"", ""Routine medication review"", ""Safety screening""], ""common_side_effects"": [""Nausea"", ""Dizziness"", ""Mild abdominal discomfort""], ""serious_side_effects"": [""Severe allergic reaction"", ""Persistent vomiting"", ""Severe weakness"", ""Uncontrolled bleeding""], ""monitoring"": [""Dose and timing review"", ""Clinical symptom tracking"", ""Medication interaction screening""], ""contraindications"": [""Known severe allergy"", ""Severe hepatic or renal impairment without clinician review""], ""interactions"": [""Other medicines in the same treatment class"", ""Alcohol where relevant"", ""Traditional preparations without informed review""], ""pregnancy_lactation"": ""Use only when clinically justified and reviewed with the treating clinician."", ""population"": ""Adults and children when prescribed and clinically appropriate"", ""region"": ""Ethiopia: primary care, referral care, and local community settings"", ""safety_notes"": [""Complete the prescribed course unless instructed otherwise"", ""Urgent review is needed for shortness of breath, rash, fainting, confusion, or severe bleeding""], ""source_ref"": ""Ethiopian formulary references; WHO clinical guidance; national medication safety review"", ""evidence_level"": ""Local formulary reference""}"
medication,1.0.0,"Medication effects, interactions, monitoring, adherence, and referral safety.",antimalarials,Antimalarials,Common antimalarial and malaria-prevention medicines used in Ethiopia and similar endemic settings.,Malaria care|Medication history|Adherence education,"{""name"": ""Artemether-Lumefantrine 1 g Syrup"", ""description"": ""Artemether-Lumefantrine is used in Ethiopian clinical and community care settings for a clinician-directed indication. This reference supports safe prescribing, adherence review, and interaction checking."", ""drug_class"": ""Essential local formulary reference"", ""indications"": [""Clinician-directed treatment plan"", ""Routine medication review"", ""Safety screening""], ""common_side_effects"": [""Nausea"", ""Dizziness"", ""Mild abdominal discomfort""], ""serious_side_effects"": [""Severe allergic reaction"", ""Persistent vomiting"", ""Severe weakness"", ""Uncontrolled bleeding""], ""monitoring"": [""Dose and timing review"", ""Clinical symptom tracking"", ""Medication interaction screening""], ""contraindications"": [""Known severe allergy"", ""Severe hepatic or renal impairment without clinician review""], ""interactions"": [""Other medicines in the same treatment class"", ""Alcohol where relevant"", ""Traditional preparations without informed review""], ""pregnancy_lactation"": ""Use only when clinically justified and reviewed with the treating clinician."", ""population"": ""Adults and children when prescribed and clinically appropriate"", ""region"": ""Ethiopia: primary care, referral care, and local community settings"", ""safety_notes"": [""Complete the prescribed course unless instructed otherwise"", ""Urgent review is needed for shortness of breath, rash, fainting, confusion, or severe bleeding""], ""source_ref"": ""Ethiopian formulary references; WHO clinical guidance; national medication safety review"", ""evidence_level"": ""Local formulary reference""}"
medication,1.0.0,"Medication effects, interactions, monitoring, adherence, and referral safety.",antimalarials,Antimalarials,Common antimalarial and malaria-prevention medicines used in Ethiopia and similar endemic settings.,Malaria care|Medication history|Adherence education,"{""name"": ""Artemether-Lumefantrine 1 g Injectable"", ""description"": ""Artemether-Lumefantrine is used in Ethiopian clinical and community care settings for a clinician-directed indication. This reference supports safe prescribing, adherence review, and interaction checking."", ""drug_class"": ""Essential local formulary reference"", ""indications"": [""Clinician-directed treatment plan"", ""Routine medication review"", ""Safety screening""], ""common_side_effects"": [""Nausea"", ""Dizziness"", ""Mild abdominal discomfort""], ""serious_side_effects"": [""Severe allergic reaction"", ""Persistent vomiting"", ""Severe weakness"", ""Uncontrolled bleeding""], ""monitoring"": [""Dose and timing review"", ""Clinical symptom tracking"", ""Medication interaction screening""], ""contraindications"": [""Known severe allergy"", ""Severe hepatic or renal impairment without clinician review""], ""interactions"": [""Other medicines in the same treatment class"", ""Alcohol where relevant"", ""Traditional preparations without informed review""], ""pregnancy_lactation"": ""Use only when clinically justified and reviewed with the treating clinician."", ""population"": ""Adults and children when prescribed and clinically appropriate"", ""region"": ""Ethiopia: primary care, referral care, and local community settings"", ""safety_notes"": [""Complete the prescribed course unless instructed otherwise"", ""Urgent review is needed for shortness of breath, rash, fainting, confusion, or severe bleeding""], ""source_ref"": ""Ethiopian formulary references; WHO clinical guidance; national medication safety review"", ""evidence_level"": ""Local formulary reference""}"
medication,1.0.0,"Medication effects, interactions, monitoring, adherence, and referral safety.",antimalarials,Antimalarials,Common antimalarial and malaria-prevention medicines used in Ethiopia and similar endemic settings.,Malaria care|Medication history|Adherence education,"{""name"": ""Artemether-Lumefantrine 1 g Oral suspension"", ""description"": ""Artemether-Lumefantrine is used in Ethiopian clinical and community care settings for a clinician-directed indication. This reference supports safe prescribing, adherence review, and interaction checking."", ""drug_class"": ""Essential local formulary reference"", ""indications"": [""Clinician-directed treatment plan"", ""Routine medication review"", ""Safety screening""], ""common_side_effects"": [""Nausea"", ""Dizziness"", ""Mild abdominal discomfort""], ""serious_side_effects"": [""Severe allergic reaction"", ""Persistent vomiting"", ""Severe weakness"", ""Uncontrolled bleeding""], ""monitoring"": [""Dose and timing review"", ""Clinical symptom tracking"", ""Medication interaction screening""], ""contraindications"": [""Known severe allergy"", ""Severe hepatic or renal impairment without clinician review""], ""interactions"": [""Other medicines in the same treatment class"", ""Alcohol where relevant"", ""Traditional preparations without informed review""], ""pregnancy_lactation"": ""Use only when clinically justified and reviewed with the treating clinician."", ""population"": ""Adults and children when prescribed and clinically appropriate"", ""region"": ""Ethiopia: primary care, referral care, and local community settings"", ""safety_notes"": [""Complete the prescribed course unless instructed otherwise"", ""Urgent review is needed for shortness of breath, rash, fainting, confusion, or severe bleeding""], ""source_ref"": ""Ethiopian formulary references; WHO clinical guidance; national medication safety review"", ""evidence_level"": ""Local formulary reference""}"
medication,1.0.0,"Medication effects, interactions, monitoring, adherence, and referral safety.",antimalarials,Antimalarials,Common antimalarial and malaria-prevention medicines used in Ethiopia and similar endemic settings.,Malaria care|Medication history|Adherence education,"{""name"": ""Artemether-Lumefantrine 1 g Inhaler"", ""description"": ""Artemether-Lumefantrine is used in Ethiopian clinical and community care settings for a clinician-directed indication. This reference supports safe prescribing, adherence review, and interaction checking."", ""drug_class"": ""Essential local formulary reference"", ""indications"": [""Clinician-directed treatment plan"", ""Routine medication review"", ""Safety screening""], ""common_side_effects"": [""Nausea"", ""Dizziness"", ""Mild abdominal discomfort""], ""serious_side_effects"": [""Severe allergic reaction"", ""Persistent vomiting"", ""Severe weakness"", ""Uncontrolled bleeding""], ""monitoring"": [""Dose and timing review"", ""Clinical symptom tracking"", ""Medication interaction screening""], ""contraindications"": [""Known severe allergy"", ""Severe hepatic or renal impairment without clinician review""], ""interactions"": [""Other medicines in the same treatment class"", ""Alcohol where relevant"", ""Traditional preparations without informed review""], ""pregnancy_lactation"": ""Use only when clinically justified and reviewed with the treating clinician."", ""population"": ""Adults and children when prescribed and clinically appropriate"", ""region"": ""Ethiopia: primary care, referral care, and local community settings"", ""safety_notes"": [""Complete the prescribed course unless instructed otherwise"", ""Urgent review is needed for shortness of breath, rash, fainting, confusion, or severe bleeding""], ""source_ref"": ""Ethiopian formulary references; WHO clinical guidance; national medication safety review"", ""evidence_level"": ""Local formulary reference""}"
medication,1.0.0,"Medication effects, interactions, monitoring, adherence, and referral safety.",antimalarials,Antimalarials,Common antimalarial and malaria-prevention medicines used in Ethiopia and similar endemic settings.,Malaria care|Medication history|Adherence education,"{""name"": ""Artemether-Lumefantrine 2 g Tablet"", ""description"": ""Artemether-Lumefantrine is used in Ethiopian clinical and community care settings for a clinician-directed indication. This reference supports safe prescribing, adherence review, and interaction checking."", ""drug_class"": ""Essential local formulary reference"", ""indications"": [""Clinician-directed treatment plan"", ""Routine medication review"", ""Safety screening""], ""common_side_effects"": [""Nausea"", ""Dizziness"", ""Mild abdominal discomfort""], ""serious_side_effects"": [""Severe allergic reaction"", ""Persistent vomiting"", ""Severe weakness"", ""Uncontrolled bleeding""], ""monitoring"": [""Dose and timing review"", ""Clinical symptom tracking"", ""Medication interaction screening""], ""contraindications"": [""Known severe allergy"", ""Severe hepatic or renal impairment without clinician review""], ""interactions"": [""Other medicines in the same treatment class"", ""Alcohol where relevant"", ""Traditional preparations without informed review""], ""pregnancy_lactation"": ""Use only when clinically justified and reviewed with the treating clinician."", ""population"": ""Adults and children when prescribed and clinically appropriate"", ""region"": ""Ethiopia: primary care, referral care, and local community settings"", ""safety_notes"": [""Complete the prescribed course unless instructed otherwise"", ""Urgent review is needed for shortness of breath, rash, fainting, confusion, or severe bleeding""], ""source_ref"": ""Ethiopian formulary references; WHO clinical guidance; national medication safety review"", ""evidence_level"": ""Local formulary reference""}"
medication,1.0.0,"Medication effects, interactions, monitoring, adherence, and referral safety.",antimalarials,Antimalarials,Common antimalarial and malaria-prevention medicines used in Ethiopia and similar endemic settings.,Malaria care|Medication history|Adherence education,"{""name"": ""Artemether-Lumefantrine 2 g Capsule"", ""description"": ""Artemether-Lumefantrine is used in Ethiopian clinical and community care settings for a clinician-directed indication. This reference supports safe prescribing, adherence review, and interaction checking."", ""drug_class"": ""Essential local formulary reference"", ""indications"": [""Clinician-directed treatment plan"", ""Routine medication review"", ""Safety screening""], ""common_side_effects"": [""Nausea"", ""Dizziness"", ""Mild abdominal discomfort""], ""serious_side_effects"": [""Severe allergic reaction"", ""Persistent vomiting"", ""Severe weakness"", ""Uncontrolled bleeding""], ""monitoring"": [""Dose and timing review"", ""Clinical symptom tracking"", ""Medication interaction screening""], ""contraindications"": [""Known severe allergy"", ""Severe hepatic or renal impairment without clinician review""], ""interactions"": [""Other medicines in the same treatment class"", ""Alcohol where relevant"", ""Traditional preparations without informed review""], ""pregnancy_lactation"": ""Use only when clinically justified and reviewed with the treating clinician."", ""population"": ""Adults and children when prescribed and clinically appropriate"", ""region"": ""Ethiopia: primary care, referral care, and local community settings"", ""safety_notes"": [""Complete the prescribed course unless instructed otherwise"", ""Urgent review is needed for shortness of breath, rash, fainting, confusion, or severe bleeding""], ""source_ref"": ""Ethiopian formulary references; WHO clinical guidance; national medication safety review"", ""evidence_level"": ""Local formulary reference""}"
medication,1.0.0,"Medication effects, interactions, monitoring, adherence, and referral safety.",antimalarials,Antimalarials,Common antimalarial and malaria-prevention medicines used in Ethiopia and similar endemic settings.,Malaria care|Medication history|Adherence education,"{""name"": ""Artemether-Lumefantrine 2 g Syrup"", ""description"": ""Artemether-Lumefantrine is used in Ethiopian clinical and community care settings for a clinician-directed indication. This reference supports safe prescribing, adherence review, and interaction checking."", ""drug_class"": ""Essential local formulary reference"", ""indications"": [""Clinician-directed treatment plan"", ""Routine medication review"", ""Safety screening""], ""common_side_effects"": [""Nausea"", ""Dizziness"", ""Mild abdominal discomfort""], ""serious_side_effects"": [""Severe allergic reaction"", ""Persistent vomiting"", ""Severe weakness"", ""Uncontrolled bleeding""], ""monitoring"": [""Dose and timing review"", ""Clinical symptom tracking"", ""Medication interaction screening""], ""contraindications"": [""Known severe allergy"", ""Severe hepatic or renal impairment without clinician review""], ""interactions"": [""Other medicines in the same treatment class"", ""Alcohol where relevant"", ""Traditional preparations without informed review""], ""pregnancy_lactation"": ""Use only when clinically justified and reviewed with the treating clinician."", ""population"": ""Adults and children when prescribed and clinically appropriate"", ""region"": ""Ethiopia: primary care, referral care, and local community settings"", ""safety_notes"": [""Complete the prescribed course unless instructed otherwise"", ""Urgent review is needed for shortness of breath, rash, fainting, confusion, or severe bleeding""], ""source_ref"": ""Ethiopian formulary references; WHO clinical guidance; national medication safety review"", ""evidence_level"": ""Local formulary reference""}"
medication,1.0.0,"Medication effects, interactions, monitoring, adherence, and referral safety.",antimalarials,Antimalarials,Common antimalarial and malaria-prevention medicines used in Ethiopia and similar endemic settings.,Malaria care|Medication history|Adherence education,"{""name"": ""Artemether-Lumefantrine 2 g Injectable"", ""description"": ""Artemether-Lumefantrine is used in Ethiopian clinical and community care settings for a clinician-directed indication. This reference supports safe prescribing, adherence review, and interaction checking."", ""drug_class"": ""Essential local formulary reference"", ""indications"": [""Clinician-directed treatment plan"", ""Routine medication review"", ""Safety screening""], ""common_side_effects"": [""Nausea"", ""Dizziness"", ""Mild abdominal discomfort""], ""serious_side_effects"": [""Severe allergic reaction"", ""Persistent vomiting"", ""Severe weakness"", ""Uncontrolled bleeding""], ""monitoring"": [""Dose and timing review"", ""Clinical symptom tracking"", ""Medication interaction screening""], ""contraindications"": [""Known severe allergy"", ""Severe hepatic or renal impairment without clinician review""], ""interactions"": [""Other medicines in the same treatment class"", ""Alcohol where relevant"", ""Traditional preparations without informed review""], ""pregnancy_lactation"": ""Use only when clinically justified and reviewed with the treating clinician."", ""population"": ""Adults and children when prescribed and clinically appropriate"", ""region"": ""Ethiopia: primary care, referral care, and local community settings"", ""safety_notes"": [""Complete the prescribed course unless instructed otherwise"", ""Urgent review is needed for shortness of breath, rash, fainting, confusion, or severe bleeding""], ""source_ref"": ""Ethiopian formulary references; WHO clinical guidance; national medication safety review"", ""evidence_level"": ""Local formulary reference""}"
medication,1.0.0,"Medication effects, interactions, monitoring, adherence, and referral safety.",antimalarials,Antimalarials,Common antimalarial and malaria-prevention medicines used in Ethiopia and similar endemic settings.,Malaria care|Medication history|Adherence education,"{""name"": ""Artemether-Lumefantrine 2 g Oral suspension"", ""description"": ""Artemether-Lumefantrine is used in Ethiopian clinical and community care settings for a clinician-directed indication. This reference supports safe prescribing, adherence review, and interaction checking."", ""drug_class"": ""Essential local formulary reference"", ""indications"": [""Clinician-directed treatment plan"", ""Routine medication review"", ""Safety screening""], ""common_side_effects"": [""Nausea"", ""Dizziness"", ""Mild abdominal discomfort""], ""serious_side_effects"": [""Severe allergic reaction"", ""Persistent vomiting"", ""Severe weakness"", ""Uncontrolled bleeding""], ""monitoring"": [""Dose and timing review"", ""Clinical symptom tracking"", ""Medication interaction screening""], ""contraindications"": [""Known severe allergy"", ""Severe hepatic or renal impairment without clinician review""], ""interactions"": [""Other medicines in the same treatment class"", ""Alcohol where relevant"", ""Traditional preparations without informed review""], ""pregnancy_lactation"": ""Use only when clinically justified and reviewed with the treating clinician."", ""population"": ""Adults and children when prescribed and clinically appropriate"", ""region"": ""Ethiopia: primary care, referral care, and local community settings"", ""safety_notes"": [""Complete the prescribed course unless instructed otherwise"", ""Urgent review is needed for shortness of breath, rash, fainting, confusion, or severe bleeding""], ""source_ref"": ""Ethiopian formulary references; WHO clinical guidance; national medication safety review"", ""evidence_level"": ""Local formulary reference""}"
medication,1.0.0,"Medication effects, interactions, monitoring, adherence, and referral safety.",antimalarials,Antimalarials,Common antimalarial and malaria-prevention medicines used in Ethiopia and similar endemic settings.,Malaria care|Medication history|Adherence education,"{""name"": ""Artemether-Lumefantrine 2 g Inhaler"", ""description"": ""Artemether-Lumefantrine is used in Ethiopian clinical and community care settings for a clinician-directed indication. This reference supports safe prescribing, adherence review, and interaction checking."", ""drug_class"": ""Essential local formulary reference"", ""indications"": [""Clinician-directed treatment plan"", ""Routine medication review"", ""Safety screening""], ""common_side_effects"": [""Nausea"", ""Dizziness"", ""Mild abdominal discomfort""], ""serious_side_effects"": [""Severe allergic reaction"", ""Persistent vomiting"", ""Severe weakness"", ""Uncontrolled bleeding""], ""monitoring"": [""Dose and timing review"", ""Clinical symptom tracking"", ""Medication interaction screening""], ""contraindications"": [""Known severe allergy"", ""Severe hepatic or renal impairment without clinician review""], ""interactions"": [""Other medicines in the same treatment class"", ""Alcohol where relevant"", ""Traditional preparations without informed review""], ""pregnancy_lactation"": ""Use only when clinically justified and reviewed with the treating clinician."", ""population"": ""Adults and children when prescribed and clinically appropriate"", ""region"": ""Ethiopia: primary care, referral care, and local community settings"", ""safety_notes"": [""Complete the prescribed course unless instructed otherwise"", ""Urgent review is needed for shortness of breath, rash, fainting, confusion, or severe bleeding""], ""source_ref"": ""Ethiopian formulary references; WHO clinical guidance; national medication safety review"", ""evidence_level"": ""Local formulary reference""}"
medication,1.0.0,"Medication effects, interactions, monitoring, adherence, and referral safety.",antimalarials,Antimalarials,Common antimalarial and malaria-prevention medicines used in Ethiopia and similar endemic settings.,Malaria care|Medication history|Adherence education,"{""name"": ""Sulfadoxine-Pyrimethamine 5 mg Tablet"", ""description"": ""Sulfadoxine-Pyrimethamine is used in Ethiopian clinical and community care settings for a clinician-directed indication. This reference supports safe prescribing, adherence review, and interaction checking."", ""drug_class"": ""Essential local formulary reference"", ""indications"": [""Clinician-directed treatment plan"", ""Routine medication review"", ""Safety screening""], ""common_side_effects"": [""Nausea"", ""Dizziness"", ""Mild abdominal discomfort""], ""serious_side_effects"": [""Severe allergic reaction"", ""Persistent vomiting"", ""Severe weakness"", ""Uncontrolled bleeding""], ""monitoring"": [""Dose and timing review"", ""Clinical symptom tracking"", ""Medication interaction screening""], ""contraindications"": [""Known severe allergy"", ""Severe hepatic or renal impairment without clinician review""], ""interactions"": [""Other medicines in the same treatment class"", ""Alcohol where relevant"", ""Traditional preparations without informed review""], ""pregnancy_lactation"": ""Use only when clinically justified and reviewed with the treating clinician."", ""population"": ""Adults and children when prescribed and clinically appropriate"", ""region"": ""Ethiopia: primary care, referral care, and local community settings"", ""safety_notes"": [""Complete the prescribed course unless instructed otherwise"", ""Urgent review is needed for shortness of breath, rash, fainting, confusion, or severe bleeding""], ""source_ref"": ""Ethiopian formulary references; WHO clinical guidance; national medication safety review"", ""evidence_level"": ""Local formulary reference""}"
medication,1.0.0,"Medication effects, interactions, monitoring, adherence, and referral safety.",antimalarials,Antimalarials,Common antimalarial and malaria-prevention medicines used in Ethiopia and similar endemic settings.,Malaria care|Medication history|Adherence education,"{""name"": ""Sulfadoxine-Pyrimethamine 5 mg Capsule"", ""description"": ""Sulfadoxine-Pyrimethamine is used in Ethiopian clinical and community care settings for a clinician-directed indication. This reference supports safe prescribing, adherence review, and interaction checking."", ""drug_class"": ""Essential local formulary reference"", ""indications"": [""Clinician-directed treatment plan"", ""Routine medication review"", ""Safety screening""], ""common_side_effects"": [""Nausea"", ""Dizziness"", ""Mild abdominal discomfort""], ""serious_side_effects"": [""Severe allergic reaction"", ""Persistent vomiting"", ""Severe weakness"", ""Uncontrolled bleeding""], ""monitoring"": [""Dose and timing review"", ""Clinical symptom tracking"", ""Medication interaction screening""], ""contraindications"": [""Known severe allergy"", ""Severe hepatic or renal impairment without clinician review""], ""interactions"": [""Other medicines in the same treatment class"", ""Alcohol where relevant"", ""Traditional preparations without informed review""], ""pregnancy_lactation"": ""Use only when clinically justified and reviewed with the treating clinician."", ""population"": ""Adults and children when prescribed and clinically appropriate"", ""region"": ""Ethiopia: primary care, referral care, and local community settings"", ""safety_notes"": [""Complete the prescribed course unless instructed otherwise"", ""Urgent review is needed for shortness of breath, rash, fainting, confusion, or severe bleeding""], ""source_ref"": ""Ethiopian formulary references; WHO clinical guidance; national medication safety review"", ""evidence_level"": ""Local formulary reference""}"
medication,1.0.0,"Medication effects, interactions, monitoring, adherence, and referral safety.",antimalarials,Antimalarials,Common antimalarial and malaria-prevention medicines used in Ethiopia and similar endemic settings.,Malaria care|Medication history|Adherence education,"{""name"": ""Sulfadoxine-Pyrimethamine 5 mg Syrup"", ""description"": ""Sulfadoxine-Pyrimethamine is used in Ethiopian clinical and community care settings for a clinician-directed indication. This reference supports safe prescribing, adherence review, and interaction checking."", ""drug_class"": ""Essential local formulary reference"", ""indications"": [""Clinician-directed treatment plan"", ""Routine medication review"", ""Safety screening""], ""common_side_effects"": [""Nausea"", ""Dizziness"", ""Mild abdominal discomfort""], ""serious_side_effects"": [""Severe allergic reaction"", ""Persistent vomiting"", ""Severe weakness"", ""Uncontrolled bleeding""], ""monitoring"": [""Dose and timing review"", ""Clinical symptom tracking"", ""Medication interaction screening""], ""contraindications"": [""Known severe allergy"", ""Severe hepatic or renal impairment without clinician review""], ""interactions"": [""Other medicines in the same treatment class"", ""Alcohol where relevant"", ""Traditional preparations without informed review""], ""pregnancy_lactation"": ""Use only when clinically justified and reviewed with the treating clinician."", ""population"": ""Adults and children when prescribed and clinically appropriate"", ""region"": ""Ethiopia: primary care, referral care, and local community settings"", ""safety_notes"": [""Complete the prescribed course unless instructed otherwise"", ""Urgent review is needed for shortness of breath, rash, fainting, confusion, or severe bleeding""], ""source_ref"": ""Ethiopian formulary references; WHO clinical guidance; national medication safety review"", ""evidence_level"": ""Local formulary reference""}"
medication,1.0.0,"Medication effects, interactions, monitoring, adherence, and referral safety.",antimalarials,Antimalarials,Common antimalarial and malaria-prevention medicines used in Ethiopia and similar endemic settings.,Malaria care|Medication history|Adherence education,"{""name"": ""Sulfadoxine-Pyrimethamine 5 mg Injectable"", ""description"": ""Sulfadoxine-Pyrimethamine is used in Ethiopian clinical and community care settings for a clinician-directed indication. This reference supports safe prescribing, adherence review, and interaction checking."", ""drug_class"": ""Essential local formulary reference"", ""indications"": [""Clinician-directed treatment plan"", ""Routine medication review"", ""Safety screening""], ""common_side_effects"": [""Nausea"", ""Dizziness"", ""Mild abdominal discomfort""], ""serious_side_effects"": [""Severe allergic reaction"", ""Persistent vomiting"", ""Severe weakness"", ""Uncontrolled bleeding""], ""monitoring"": [""Dose and timing review"", ""Clinical symptom tracking"", ""Medication interaction screening""], ""contraindications"": [""Known severe allergy"", ""Severe hepatic or renal impairment without clinician review""], ""interactions"": [""Other medicines in the same treatment class"", ""Alcohol where relevant"", ""Traditional preparations without informed review""], ""pregnancy_lactation"": ""Use only when clinically justified and reviewed with the treating clinician."", ""population"": ""Adults and children when prescribed and clinically appropriate"", ""region"": ""Ethiopia: primary care, referral care, and local community settings"", ""safety_notes"": [""Complete the prescribed course unless instructed otherwise"", ""Urgent review is needed for shortness of breath, rash, fainting, confusion, or severe bleeding""], ""source_ref"": ""Ethiopian formulary references; WHO clinical guidance; national medication safety review"", ""evidence_level"": ""Local formulary reference""}"
medication,1.0.0,"Medication effects, interactions, monitoring, adherence, and referral safety.",antimalarials,Antimalarials,Common antimalarial and malaria-prevention medicines used in Ethiopia and similar endemic settings.,Malaria care|Medication history|Adherence education,"{""name"": ""Sulfadoxine-Pyrimethamine 5 mg Oral suspension"", ""description"": ""Sulfadoxine-Pyrimethamine is used in Ethiopian clinical and community care settings for a clinician-directed indication. This reference supports safe prescribing, adherence review, and interaction checking."", ""drug_class"": ""Essential local formulary reference"", ""indications"": [""Clinician-directed treatment plan"", ""Routine medication review"", ""Safety screening""], ""common_side_effects"": [""Nausea"", ""Dizziness"", ""Mild abdominal discomfort""], ""serious_side_effects"": [""Severe allergic reaction"", ""Persistent vomiting"", ""Severe weakness"", ""Uncontrolled bleeding""], ""monitoring"": [""Dose and timing review"", ""Clinical symptom tracking"", ""Medication interaction screening""], ""contraindications"": [""Known severe allergy"", ""Severe hepatic or renal impairment without clinician review""], ""interactions"": [""Other medicines in the same treatment class"", ""Alcohol where relevant"", ""Traditional preparations without informed review""], ""pregnancy_lactation"": ""Use only when clinically justified and reviewed with the treating clinician."", ""population"": ""Adults and children when prescribed and clinically appropriate"", ""region"": ""Ethiopia: primary care, referral care, and local community settings"", ""safety_notes"": [""Complete the prescribed course unless instructed otherwise"", ""Urgent review is needed for shortness of breath, rash, fainting, confusion, or severe bleeding""], ""source_ref"": ""Ethiopian formulary references; WHO clinical guidance; national medication safety review"", ""evidence_level"": ""Local formulary reference""}"
medication,1.0.0,"Medication effects, interactions, monitoring, adherence, and referral safety.",antimalarials,Antimalarials,Common antimalarial and malaria-prevention medicines used in Ethiopia and similar endemic settings.,Malaria care|Medication history|Adherence education,"{""name"": ""Sulfadoxine-Pyrimethamine 5 mg Inhaler"", ""description"": ""Sulfadoxine-Pyrimethamine is used in Ethiopian clinical and community care settings for a clinician-directed indication. This reference supports safe prescribing, adherence review, and interaction checking."", ""drug_class"": ""Essential local formulary reference"", ""indications"": [""Clinician-directed treatment plan"", ""Routine medication review"", ""Safety screening""], ""common_side_effects"": [""Nausea"", ""Dizziness"", ""Mild abdominal discomfort""], ""serious_side_effects"": [""Severe allergic reaction"", ""Persistent vomiting"", ""Severe weakness"", ""Uncontrolled bleeding""], ""monitoring"": [""Dose and timing review"", ""Clinical symptom tracking"", ""Medication interaction screening""], ""contraindications"": [""Known severe allergy"", ""Severe hepatic or renal impairment without clinician review""], ""interactions"": [""Other medicines in the same treatment class"", ""Alcohol where relevant"", ""Traditional preparations without informed review""], ""pregnancy_lactation"": ""Use only when clinically justified and reviewed with the treating clinician."", ""population"": ""Adults and children when prescribed and clinically appropriate"", ""region"": ""Ethiopia: primary care, referral care, and local community settings"", ""safety_notes"": [""Complete the prescribed course unless instructed otherwise"", ""Urgent review is needed for shortness of breath, rash, fainting, confusion, or severe bleeding""], ""source_ref"": ""Ethiopian formulary references; WHO clinical guidance; national medication safety review"", ""evidence_level"": ""Local formulary reference""}"
medication,1.0.0,"Medication effects, interactions, monitoring, adherence, and referral safety.",antimalarials,Antimalarials,Common antimalarial and malaria-prevention medicines used in Ethiopia and similar endemic settings.,Malaria care|Medication history|Adherence education,"{""name"": ""Sulfadoxine-Pyrimethamine 10 mg Tablet"", ""description"": ""Sulfadoxine-Pyrimethamine is used in Ethiopian clinical and community care settings for a clinician-directed indication. This reference supports safe prescribing, adherence review, and interaction checking."", ""drug_class"": ""Essential local formulary reference"", ""indications"": [""Clinician-directed treatment plan"", ""Routine medication review"", ""Safety screening""], ""common_side_effects"": [""Nausea"", ""Dizziness"", ""Mild abdominal discomfort""], ""serious_side_effects"": [""Severe allergic reaction"", ""Persistent vomiting"", ""Severe weakness"", ""Uncontrolled bleeding""], ""monitoring"": [""Dose and timing review"", ""Clinical symptom tracking"", ""Medication interaction screening""], ""contraindications"": [""Known severe allergy"", ""Severe hepatic or renal impairment without clinician review""], ""interactions"": [""Other medicines in the same treatment class"", ""Alcohol where relevant"", ""Traditional preparations without informed review""], ""pregnancy_lactation"": ""Use only when clinically justified and reviewed with the treating clinician."", ""population"": ""Adults and children when prescribed and clinically appropriate"", ""region"": ""Ethiopia: primary care, referral care, and local community settings"", ""safety_notes"": [""Complete the prescribed course unless instructed otherwise"", ""Urgent review is needed for shortness of breath, rash, fainting, confusion, or severe bleeding""], ""source_ref"": ""Ethiopian formulary references; WHO clinical guidance; national medication safety review"", ""evidence_level"": ""Local formulary reference""}"
medication,1.0.0,"Medication effects, interactions, monitoring, adherence, and referral safety.",antimalarials,Antimalarials,Common antimalarial and malaria-prevention medicines used in Ethiopia and similar endemic settings.,Malaria care|Medication history|Adherence education,"{""name"": ""Sulfadoxine-Pyrimethamine 10 mg Capsule"", ""description"": ""Sulfadoxine-Pyrimethamine is used in Ethiopian clinical and community care settings for a clinician-directed indication. This reference supports safe prescribing, adherence review, and interaction checking."", ""drug_class"": ""Essential local formulary reference"", ""indications"": [""Clinician-directed treatment plan"", ""Routine medication review"", ""Safety screening""], ""common_side_effects"": [""Nausea"", ""Dizziness"", ""Mild abdominal discomfort""], ""serious_side_effects"": [""Severe allergic reaction"", ""Persistent vomiting"", ""Severe weakness"", ""Uncontrolled bleeding""], ""monitoring"": [""Dose and timing review"", ""Clinical symptom tracking"", ""Medication interaction screening""], ""contraindications"": [""Known severe allergy"", ""Severe hepatic or renal impairment without clinician review""], ""interactions"": [""Other medicines in the same treatment class"", ""Alcohol where relevant"", ""Traditional preparations without informed review""], ""pregnancy_lactation"": ""Use only when clinically justified and reviewed with the treating clinician."", ""population"": ""Adults and children when prescribed and clinically appropriate"", ""region"": ""Ethiopia: primary care, referral care, and local community settings"", ""safety_notes"": [""Complete the prescribed course unless instructed otherwise"", ""Urgent review is needed for shortness of breath, rash, fainting, confusion, or severe bleeding""], ""source_ref"": ""Ethiopian formulary references; WHO clinical guidance; national medication safety review"", ""evidence_level"": ""Local formulary reference""}"
medication,1.0.0,"Medication effects, interactions, monitoring, adherence, and referral safety.",antimalarials,Antimalarials,Common antimalarial and malaria-prevention medicines used in Ethiopia and similar endemic settings.,Malaria care|Medication history|Adherence education,"{""name"": ""Sulfadoxine-Pyrimethamine 10 mg Syrup"", ""description"": ""Sulfadoxine-Pyrimethamine is used in Ethiopian clinical and community care settings for a clinician-directed indication. This reference supports safe prescribing, adherence review, and interaction checking."", ""drug_class"": ""Essential local formulary reference"", ""indications"": [""Clinician-directed treatment plan"", ""Routine medication review"", ""Safety screening""], ""common_side_effects"": [""Nausea"", ""Dizziness"", ""Mild abdominal discomfort""], ""serious_side_effects"": [""Severe allergic reaction"", ""Persistent vomiting"", ""Severe weakness"", ""Uncontrolled bleeding""], ""monitoring"": [""Dose and timing review"", ""Clinical symptom tracking"", ""Medication interaction screening""], ""contraindications"": [""Known severe allergy"", ""Severe hepatic or renal impairment without clinician review""], ""interactions"": [""Other medicines in the same treatment class"", ""Alcohol where relevant"", ""Traditional preparations without informed review""], ""pregnancy_lactation"": ""Use only when clinically justified and reviewed with the treating clinician."", ""population"": ""Adults and children when prescribed and clinically appropriate"", ""region"": ""Ethiopia: primary care, referral care, and local community settings"", ""safety_notes"": [""Complete the prescribed course unless instructed otherwise"", ""Urgent review is needed for shortness of breath, rash, fainting, confusion, or severe bleeding""], ""source_ref"": ""Ethiopian formulary references; WHO clinical guidance; national medication safety review"", ""evidence_level"": ""Local formulary reference""}"
medication,1.0.0,"Medication effects, interactions, monitoring, adherence, and referral safety.",antimalarials,Antimalarials,Common antimalarial and malaria-prevention medicines used in Ethiopia and similar endemic settings.,Malaria care|Medication history|Adherence education,"{""name"": ""Sulfadoxine-Pyrimethamine 10 mg Injectable"", ""description"": ""Sulfadoxine-Pyrimethamine is used in Ethiopian clinical and community care settings for a clinician-directed indication. This reference supports safe prescribing, adherence review, and interaction checking."", ""drug_class"": ""Essential local formulary reference"", ""indications"": [""Clinician-directed treatment plan"", ""Routine medication review"", ""Safety screening""], ""common_side_effects"": [""Nausea"", ""Dizziness"", ""Mild abdominal discomfort""], ""serious_side_effects"": [""Severe allergic reaction"", ""Persistent vomiting"", ""Severe weakness"", ""Uncontrolled bleeding""], ""monitoring"": [""Dose and timing review"", ""Clinical symptom tracking"", ""Medication interaction screening""], ""contraindications"": [""Known severe allergy"", ""Severe hepatic or renal impairment without clinician review""], ""interactions"": [""Other medicines in the same treatment class"", ""Alcohol where relevant"", ""Traditional preparations without informed review""], ""pregnancy_lactation"": ""Use only when clinically justified and reviewed with the treating clinician."", ""population"": ""Adults and children when prescribed and clinically appropriate"", ""region"": ""Ethiopia: primary care, referral care, and local community settings"", ""safety_notes"": [""Complete the prescribed course unless instructed otherwise"", ""Urgent review is needed for shortness of breath, rash, fainting, confusion, or severe bleeding""], ""source_ref"": ""Ethiopian formulary references; WHO clinical guidance; national medication safety review"", ""evidence_level"": ""Local formulary reference""}"
medication,1.0.0,"Medication effects, interactions, monitoring, adherence, and referral safety.",antimalarials,Antimalarials,Common antimalarial and malaria-prevention medicines used in Ethiopia and similar endemic settings.,Malaria care|Medication history|Adherence education,"{""name"": ""Sulfadoxine-Pyrimethamine 10 mg Oral suspension"", ""description"": ""Sulfadoxine-Pyrimethamine is used in Ethiopian clinical and community care settings for a clinician-directed indication. This reference supports safe prescribing, adherence review, and interaction checking."", ""drug_class"": ""Essential local formulary reference"", ""indications"": [""Clinician-directed treatment plan"", ""Routine medication review"", ""Safety screening""], ""common_side_effects"": [""Nausea"", ""Dizziness"", ""Mild abdominal discomfort""], ""serious_side_effects"": [""Severe allergic reaction"", ""Persistent vomiting"", ""Severe weakness"", ""Uncontrolled bleeding""], ""monitoring"": [""Dose and timing review"", ""Clinical symptom tracking"", ""Medication interaction screening""], ""contraindications"": [""Known severe allergy"", ""Severe hepatic or renal impairment without clinician review""], ""interactions"": [""Other medicines in the same treatment class"", ""Alcohol where relevant"", ""Traditional preparations without informed review""], ""pregnancy_lactation"": ""Use only when clinically justified and reviewed with the treating clinician."", ""population"": ""Adults and children when prescribed and clinically appropriate"", ""region"": ""Ethiopia: primary care, referral care, and local community settings"", ""safety_notes"": [""Complete the prescribed course unless instructed otherwise"", ""Urgent review is needed for shortness of breath, rash, fainting, confusion, or severe bleeding""], ""source_ref"": ""Ethiopian formulary references; WHO clinical guidance; national medication safety review"", ""evidence_level"": ""Local formulary reference""}"
medication,1.0.0,"Medication effects, interactions, monitoring, adherence, and referral safety.",antimalarials,Antimalarials,Common antimalarial and malaria-prevention medicines used in Ethiopia and similar endemic settings.,Malaria care|Medication history|Adherence education,"{""name"": ""Sulfadoxine-Pyrimethamine 10 mg Inhaler"", ""description"": ""Sulfadoxine-Pyrimethamine is used in Ethiopian clinical and community care settings for a clinician-directed indication. This reference supports safe prescribing, adherence review, and interaction checking."", ""drug_class"": ""Essential local formulary reference"", ""indications"": [""Clinician-directed treatment plan"", ""Routine medication review"", ""Safety screening""], ""common_side_effects"": [""Nausea"", ""Dizziness"", ""Mild abdominal discomfort""], ""serious_side_effects"": [""Severe allergic reaction"", ""Persistent vomiting"", ""Severe weakness"", ""Uncontrolled bleeding""], ""monitoring"": [""Dose and timing review"", ""Clinical symptom tracking"", ""Medication interaction screening""], ""contraindications"": [""Known severe allergy"", ""Severe hepatic or renal impairment without clinician review""], ""interactions"": [""Other medicines in the same treatment class"", ""Alcohol where relevant"", ""Traditional preparations without informed review""], ""pregnancy_lactation"": ""Use only when clinically justified and reviewed with the treating clinician."", ""population"": ""Adults and children when prescribed and clinically appropriate"", ""region"": ""Ethiopia: primary care, referral care, and local community settings"", ""safety_notes"": [""Complete the prescribed course unless instructed otherwise"", ""Urgent review is needed for shortness of breath, rash, fainting, confusion, or severe bleeding""], ""source_ref"": ""Ethiopian formulary references; WHO clinical guidance; national medication safety review"", ""evidence_level"": ""Local formulary reference""}"
medication,1.0.0,"Medication effects, interactions, monitoring, adherence, and referral safety.",antimalarials,Antimalarials,Common antimalarial and malaria-prevention medicines used in Ethiopia and similar endemic settings.,Malaria care|Medication history|Adherence education,"{""name"": ""Sulfadoxine-Pyrimethamine 25 mg Tablet"", ""description"": ""Sulfadoxine-Pyrimethamine is used in Ethiopian clinical and community care settings for a clinician-directed indication. This reference supports safe prescribing, adherence review, and interaction checking."", ""drug_class"": ""Essential local formulary reference"", ""indications"": [""Clinician-directed treatment plan"", ""Routine medication review"", ""Safety screening""], ""common_side_effects"": [""Nausea"", ""Dizziness"", ""Mild abdominal discomfort""], ""serious_side_effects"": [""Severe allergic reaction"", ""Persistent vomiting"", ""Severe weakness"", ""Uncontrolled bleeding""], ""monitoring"": [""Dose and timing review"", ""Clinical symptom tracking"", ""Medication interaction screening""], ""contraindications"": [""Known severe allergy"", ""Severe hepatic or renal impairment without clinician review""], ""interactions"": [""Other medicines in the same treatment class"", ""Alcohol where relevant"", ""Traditional preparations without informed review""], ""pregnancy_lactation"": ""Use only when clinically justified and reviewed with the treating clinician."", ""population"": ""Adults and children when prescribed and clinically appropriate"", ""region"": ""Ethiopia: primary care, referral care, and local community settings"", ""safety_notes"": [""Complete the prescribed course unless instructed otherwise"", ""Urgent review is needed for shortness of breath, rash, fainting, confusion, or severe bleeding""], ""source_ref"": ""Ethiopian formulary references; WHO clinical guidance; national medication safety review"", ""evidence_level"": ""Local formulary reference""}"
medication,1.0.0,"Medication effects, interactions, monitoring, adherence, and referral safety.",antimalarials,Antimalarials,Common antimalarial and malaria-prevention medicines used in Ethiopia and similar endemic settings.,Malaria care|Medication history|Adherence education,"{""name"": ""Sulfadoxine-Pyrimethamine 25 mg Capsule"", ""description"": ""Sulfadoxine-Pyrimethamine is used in Ethiopian clinical and community care settings for a clinician-directed indication. This reference supports safe prescribing, adherence review, and interaction checking."", ""drug_class"": ""Essential local formulary reference"", ""indications"": [""Clinician-directed treatment plan"", ""Routine medication review"", ""Safety screening""], ""common_side_effects"": [""Nausea"", ""Dizziness"", ""Mild abdominal discomfort""], ""serious_side_effects"": [""Severe allergic reaction"", ""Persistent vomiting"", ""Severe weakness"", ""Uncontrolled bleeding""], ""monitoring"": [""Dose and timing review"", ""Clinical symptom tracking"", ""Medication interaction screening""], ""contraindications"": [""Known severe allergy"", ""Severe hepatic or renal impairment without clinician review""], ""interactions"": [""Other medicines in the same treatment class"", ""Alcohol where relevant"", ""Traditional preparations without informed review""], ""pregnancy_lactation"": ""Use only when clinically justified and reviewed with the treating clinician."", ""population"": ""Adults and children when prescribed and clinically appropriate"", ""region"": ""Ethiopia: primary care, referral care, and local community settings"", ""safety_notes"": [""Complete the prescribed course unless instructed otherwise"", ""Urgent review is needed for shortness of breath, rash, fainting, confusion, or severe bleeding""], ""source_ref"": ""Ethiopian formulary references; WHO clinical guidance; national medication safety review"", ""evidence_level"": ""Local formulary reference""}"
medication,1.0.0,"Medication effects, interactions, monitoring, adherence, and referral safety.",antimalarials,Antimalarials,Common antimalarial and malaria-prevention medicines used in Ethiopia and similar endemic settings.,Malaria care|Medication history|Adherence education,"{""name"": ""Sulfadoxine-Pyrimethamine 25 mg Syrup"", ""description"": ""Sulfadoxine-Pyrimethamine is used in Ethiopian clinical and community care settings for a clinician-directed indication. This reference supports safe prescribing, adherence review, and interaction checking."", ""drug_class"": ""Essential local formulary reference"", ""indications"": [""Clinician-directed treatment plan"", ""Routine medication review"", ""Safety screening""], ""common_side_effects"": [""Nausea"", ""Dizziness"", ""Mild abdominal discomfort""], ""serious_side_effects"": [""Severe allergic reaction"", ""Persistent vomiting"", ""Severe weakness"", ""Uncontrolled bleeding""], ""monitoring"": [""Dose and timing review"", ""Clinical symptom tracking"", ""Medication interaction screening""], ""contraindications"": [""Known severe allergy"", ""Severe hepatic or renal impairment without clinician review""], ""interactions"": [""Other medicines in the same treatment class"", ""Alcohol where relevant"", ""Traditional preparations without informed review""], ""pregnancy_lactation"": ""Use only when clinically justified and reviewed with the treating clinician."", ""population"": ""Adults and children when prescribed and clinically appropriate"", ""region"": ""Ethiopia: primary care, referral care, and local community settings"", ""safety_notes"": [""Complete the prescribed course unless instructed otherwise"", ""Urgent review is needed for shortness of breath, rash, fainting, confusion, or severe bleeding""], ""source_ref"": ""Ethiopian formulary references; WHO clinical guidance; national medication safety review"", ""evidence_level"": ""Local formulary reference""}"
medication,1.0.0,"Medication effects, interactions, monitoring, adherence, and referral safety.",antimalarials,Antimalarials,Common antimalarial and malaria-prevention medicines used in Ethiopia and similar endemic settings.,Malaria care|Medication history|Adherence education,"{""name"": ""Sulfadoxine-Pyrimethamine 25 mg Injectable"", ""description"": ""Sulfadoxine-Pyrimethamine is used in Ethiopian clinical and community care settings for a clinician-directed indication. This reference supports safe prescribing, adherence review, and interaction checking."", ""drug_class"": ""Essential local formulary reference"", ""indications"": [""Clinician-directed treatment plan"", ""Routine medication review"", ""Safety screening""], ""common_side_effects"": [""Nausea"", ""Dizziness"", ""Mild abdominal discomfort""], ""serious_side_effects"": [""Severe allergic reaction"", ""Persistent vomiting"", ""Severe weakness"", ""Uncontrolled bleeding""], ""monitoring"": [""Dose and timing review"", ""Clinical symptom tracking"", ""Medication interaction screening""], ""contraindications"": [""Known severe allergy"", ""Severe hepatic or renal impairment without clinician review""], ""interactions"": [""Other medicines in the same treatment class"", ""Alcohol where relevant"", ""Traditional preparations without informed review""], ""pregnancy_lactation"": ""Use only when clinically justified and reviewed with the treating clinician."", ""population"": ""Adults and children when prescribed and clinically appropriate"", ""region"": ""Ethiopia: primary care, referral care, and local community settings"", ""safety_notes"": [""Complete the prescribed course unless instructed otherwise"", ""Urgent review is needed for shortness of breath, rash, fainting, confusion, or severe bleeding""], ""source_ref"": ""Ethiopian formulary references; WHO clinical guidance; national medication safety review"", ""evidence_level"": ""Local formulary reference""}"
medication,1.0.0,"Medication effects, interactions, monitoring, adherence, and referral safety.",antimalarials,Antimalarials,Common antimalarial and malaria-prevention medicines used in Ethiopia and similar endemic settings.,Malaria care|Medication history|Adherence education,"{""name"": ""Sulfadoxine-Pyrimethamine 25 mg Oral suspension"", ""description"": ""Sulfadoxine-Pyrimethamine is used in Ethiopian clinical and community care settings for a clinician-directed indication. This reference supports safe prescribing, adherence review, and interaction checking."", ""drug_class"": ""Essential local formulary reference"", ""indications"": [""Clinician-directed treatment plan"", ""Routine medication review"", ""Safety screening""], ""common_side_effects"": [""Nausea"", ""Dizziness"", ""Mild abdominal discomfort""], ""serious_side_effects"": [""Severe allergic reaction"", ""Persistent vomiting"", ""Severe weakness"", ""Uncontrolled bleeding""], ""monitoring"": [""Dose and timing review"", ""Clinical symptom tracking"", ""Medication interaction screening""], ""contraindications"": [""Known severe allergy"", ""Severe hepatic or renal impairment without clinician review""], ""interactions"": [""Other medicines in the same treatment class"", ""Alcohol where relevant"", ""Traditional preparations without informed review""], ""pregnancy_lactation"": ""Use only when clinically justified and reviewed with the treating clinician."", ""population"": ""Adults and children when prescribed and clinically appropriate"", ""region"": ""Ethiopia: primary care, referral care, and local community settings"", ""safety_notes"": [""Complete the prescribed course unless instructed otherwise"", ""Urgent review is needed for shortness of breath, rash, fainting, confusion, or severe bleeding""], ""source_ref"": ""Ethiopian formulary references; WHO clinical guidance; national medication safety review"", ""evidence_level"": ""Local formulary reference""}"
medication,1.0.0,"Medication effects, interactions, monitoring, adherence, and referral safety.",antimalarials,Antimalarials,Common antimalarial and malaria-prevention medicines used in Ethiopia and similar endemic settings.,Malaria care|Medication history|Adherence education,"{""name"": ""Sulfadoxine-Pyrimethamine 25 mg Inhaler"", ""description"": ""Sulfadoxine-Pyrimethamine is used in Ethiopian clinical and community care settings for a clinician-directed indication. This reference supports safe prescribing, adherence review, and interaction checking."", ""drug_class"": ""Essential local formulary reference"", ""indications"": [""Clinician-directed treatment plan"", ""Routine medication review"", ""Safety screening""], ""common_side_effects"": [""Nausea"", ""Dizziness"", ""Mild abdominal discomfort""], ""serious_side_effects"": [""Severe allergic reaction"", ""Persistent vomiting"", ""Severe weakness"", ""Uncontrolled bleeding""], ""monitoring"": [""Dose and timing review"", ""Clinical symptom tracking"", ""Medication interaction screening""], ""contraindications"": [""Known severe allergy"", ""Severe hepatic or renal impairment without clinician review""], ""interactions"": [""Other medicines in the same treatment class"", ""Alcohol where relevant"", ""Traditional preparations without informed review""], ""pregnancy_lactation"": ""Use only when clinically justified and reviewed with the treating clinician."", ""population"": ""Adults and children when prescribed and clinically appropriate"", ""region"": ""Ethiopia: primary care, referral care, and local community settings"", ""safety_notes"": [""Complete the prescribed course unless instructed otherwise"", ""Urgent review is needed for shortness of breath, rash, fainting, confusion, or severe bleeding""], ""source_ref"": ""Ethiopian formulary references; WHO clinical guidance; national medication safety review"", ""evidence_level"": ""Local formulary reference""}"
medication,1.0.0,"Medication effects, interactions, monitoring, adherence, and referral safety.",antimalarials,Antimalarials,Common antimalarial and malaria-prevention medicines used in Ethiopia and similar endemic settings.,Malaria care|Medication history|Adherence education,"{""name"": ""Sulfadoxine-Pyrimethamine 50 mg Tablet"", ""description"": ""Sulfadoxine-Pyrimethamine is used in Ethiopian clinical and community care settings for a clinician-directed indication. This reference supports safe prescribing, adherence review, and interaction checking."", ""drug_class"": ""Essential local formulary reference"", ""indications"": [""Clinician-directed treatment plan"", ""Routine medication review"", ""Safety screening""], ""common_side_effects"": [""Nausea"", ""Dizziness"", ""Mild abdominal discomfort""], ""serious_side_effects"": [""Severe allergic reaction"", ""Persistent vomiting"", ""Severe weakness"", ""Uncontrolled bleeding""], ""monitoring"": [""Dose and timing review"", ""Clinical symptom tracking"", ""Medication interaction screening""], ""contraindications"": [""Known severe allergy"", ""Severe hepatic or renal impairment without clinician review""], ""interactions"": [""Other medicines in the same treatment class"", ""Alcohol where relevant"", ""Traditional preparations without informed review""], ""pregnancy_lactation"": ""Use only when clinically justified and reviewed with the treating clinician."", ""population"": ""Adults and children when prescribed and clinically appropriate"", ""region"": ""Ethiopia: primary care, referral care, and local community settings"", ""safety_notes"": [""Complete the prescribed course unless instructed otherwise"", ""Urgent review is needed for shortness of breath, rash, fainting, confusion, or severe bleeding""], ""source_ref"": ""Ethiopian formulary references; WHO clinical guidance; national medication safety review"", ""evidence_level"": ""Local formulary reference""}"
medication,1.0.0,"Medication effects, interactions, monitoring, adherence, and referral safety.",antimalarials,Antimalarials,Common antimalarial and malaria-prevention medicines used in Ethiopia and similar endemic settings.,Malaria care|Medication history|Adherence education,"{""name"": ""Sulfadoxine-Pyrimethamine 50 mg Capsule"", ""description"": ""Sulfadoxine-Pyrimethamine is used in Ethiopian clinical and community care settings for a clinician-directed indication. This reference supports safe prescribing, adherence review, and interaction checking."", ""drug_class"": ""Essential local formulary reference"", ""indications"": [""Clinician-directed treatment plan"", ""Routine medication review"", ""Safety screening""], ""common_side_effects"": [""Nausea"", ""Dizziness"", ""Mild abdominal discomfort""], ""serious_side_effects"": [""Severe allergic reaction"", ""Persistent vomiting"", ""Severe weakness"", ""Uncontrolled bleeding""], ""monitoring"": [""Dose and timing review"", ""Clinical symptom tracking"", ""Medication interaction screening""], ""contraindications"": [""Known severe allergy"", ""Severe hepatic or renal impairment without clinician review""], ""interactions"": [""Other medicines in the same treatment class"", ""Alcohol where relevant"", ""Traditional preparations without informed review""], ""pregnancy_lactation"": ""Use only when clinically justified and reviewed with the treating clinician."", ""population"": ""Adults and children when prescribed and clinically appropriate"", ""region"": ""Ethiopia: primary care, referral care, and local community settings"", ""safety_notes"": [""Complete the prescribed course unless instructed otherwise"", ""Urgent review is needed for shortness of breath, rash, fainting, confusion, or severe bleeding""], ""source_ref"": ""Ethiopian formulary references; WHO clinical guidance; national medication safety review"", ""evidence_level"": ""Local formulary reference""}"
medication,1.0.0,"Medication effects, interactions, monitoring, adherence, and referral safety.",antimalarials,Antimalarials,Common antimalarial and malaria-prevention medicines used in Ethiopia and similar endemic settings.,Malaria care|Medication history|Adherence education,"{""name"": ""Sulfadoxine-Pyrimethamine 50 mg Syrup"", ""description"": ""Sulfadoxine-Pyrimethamine is used in Ethiopian clinical and community care settings for a clinician-directed indication. This reference supports safe prescribing, adherence review, and interaction checking."", ""drug_class"": ""Essential local formulary reference"", ""indications"": [""Clinician-directed treatment plan"", ""Routine medication review"", ""Safety screening""], ""common_side_effects"": [""Nausea"", ""Dizziness"", ""Mild abdominal discomfort""], ""serious_side_effects"": [""Severe allergic reaction"", ""Persistent vomiting"", ""Severe weakness"", ""Uncontrolled bleeding""], ""monitoring"": [""Dose and timing review"", ""Clinical symptom tracking"", ""Medication interaction screening""], ""contraindications"": [""Known severe allergy"", ""Severe hepatic or renal impairment without clinician review""], ""interactions"": [""Other medicines in the same treatment class"", ""Alcohol where relevant"", ""Traditional preparations without informed review""], ""pregnancy_lactation"": ""Use only when clinically justified and reviewed with the treating clinician."", ""population"": ""Adults and children when prescribed and clinically appropriate"", ""region"": ""Ethiopia: primary care, referral care, and local community settings"", ""safety_notes"": [""Complete the prescribed course unless instructed otherwise"", ""Urgent review is needed for shortness of breath, rash, fainting, confusion, or severe bleeding""], ""source_ref"": ""Ethiopian formulary references; WHO clinical guidance; national medication safety review"", ""evidence_level"": ""Local formulary reference""}"
medication,1.0.0,"Medication effects, interactions, monitoring, adherence, and referral safety.",antimalarials,Antimalarials,Common antimalarial and malaria-prevention medicines used in Ethiopia and similar endemic settings.,Malaria care|Medication history|Adherence education,"{""name"": ""Sulfadoxine-Pyrimethamine 50 mg Injectable"", ""description"": ""Sulfadoxine-Pyrimethamine is used in Ethiopian clinical and community care settings for a clinician-directed indication. This reference supports safe prescribing, adherence review, and interaction checking."", ""drug_class"": ""Essential local formulary reference"", ""indications"": [""Clinician-directed treatment plan"", ""Routine medication review"", ""Safety screening""], ""common_side_effects"": [""Nausea"", ""Dizziness"", ""Mild abdominal discomfort""], ""serious_side_effects"": [""Severe allergic reaction"", ""Persistent vomiting"", ""Severe weakness"", ""Uncontrolled bleeding""], ""monitoring"": [""Dose and timing review"", ""Clinical symptom tracking"", ""Medication interaction screening""], ""contraindications"": [""Known severe allergy"", ""Severe hepatic or renal impairment without clinician review""], ""interactions"": [""Other medicines in the same treatment class"", ""Alcohol where relevant"", ""Traditional preparations without informed review""], ""pregnancy_lactation"": ""Use only when clinically justified and reviewed with the treating clinician."", ""population"": ""Adults and children when prescribed and clinically appropriate"", ""region"": ""Ethiopia: primary care, referral care, and local community settings"", ""safety_notes"": [""Complete the prescribed course unless instructed otherwise"", ""Urgent review is needed for shortness of breath, rash, fainting, confusion, or severe bleeding""], ""source_ref"": ""Ethiopian formulary references; WHO clinical guidance; national medication safety review"", ""evidence_level"": ""Local formulary reference""}"
medication,1.0.0,"Medication effects, interactions, monitoring, adherence, and referral safety.",antimalarials,Antimalarials,Common antimalarial and malaria-prevention medicines used in Ethiopia and similar endemic settings.,Malaria care|Medication history|Adherence education,"{""name"": ""Sulfadoxine-Pyrimethamine 50 mg Oral suspension"", ""description"": ""Sulfadoxine-Pyrimethamine is used in Ethiopian clinical and community care settings for a clinician-directed indication. This reference supports safe prescribing, adherence review, and interaction checking."", ""drug_class"": ""Essential local formulary reference"", ""indications"": [""Clinician-directed treatment plan"", ""Routine medication review"", ""Safety screening""], ""common_side_effects"": [""Nausea"", ""Dizziness"", ""Mild abdominal discomfort""], ""serious_side_effects"": [""Severe allergic reaction"", ""Persistent vomiting"", ""Severe weakness"", ""Uncontrolled bleeding""], ""monitoring"": [""Dose and timing review"", ""Clinical symptom tracking"", ""Medication interaction screening""], ""contraindications"": [""Known severe allergy"", ""Severe hepatic or renal impairment without clinician review""], ""interactions"": [""Other medicines in the same treatment class"", ""Alcohol where relevant"", ""Traditional preparations without informed review""], ""pregnancy_lactation"": ""Use only when clinically justified and reviewed with the treating clinician."", ""population"": ""Adults and children when prescribed and clinically appropriate"", ""region"": ""Ethiopia: primary care, referral care, and local community settings"", ""safety_notes"": [""Complete the prescribed course unless instructed otherwise"", ""Urgent review is needed for shortness of breath, rash, fainting, confusion, or severe bleeding""], ""source_ref"": ""Ethiopian formulary references; WHO clinical guidance; national medication safety review"", ""evidence_level"": ""Local formulary reference""}"
medication,1.0.0,"Medication effects, interactions, monitoring, adherence, and referral safety.",antimalarials,Antimalarials,Common antimalarial and malaria-prevention medicines used in Ethiopia and similar endemic settings.,Malaria care|Medication history|Adherence education,"{""name"": ""Sulfadoxine-Pyrimethamine 50 mg Inhaler"", ""description"": ""Sulfadoxine-Pyrimethamine is used in Ethiopian clinical and community care settings for a clinician-directed indication. This reference supports safe prescribing, adherence review, and interaction checking."", ""drug_class"": ""Essential local formulary reference"", ""indications"": [""Clinician-directed treatment plan"", ""Routine medication review"", ""Safety screening""], ""common_side_effects"": [""Nausea"", ""Dizziness"", ""Mild abdominal discomfort""], ""serious_side_effects"": [""Severe allergic reaction"", ""Persistent vomiting"", ""Severe weakness"", ""Uncontrolled bleeding""], ""monitoring"": [""Dose and timing review"", ""Clinical symptom tracking"", ""Medication interaction screening""], ""contraindications"": [""Known severe allergy"", ""Severe hepatic or renal impairment without clinician review""], ""interactions"": [""Other medicines in the same treatment class"", ""Alcohol where relevant"", ""Traditional preparations without informed review""], ""pregnancy_lactation"": ""Use only when clinically justified and reviewed with the treating clinician."", ""population"": ""Adults and children when prescribed and clinically appropriate"", ""region"": ""Ethiopia: primary care, referral care, and local community settings"", ""safety_notes"": [""Complete the prescribed course unless instructed otherwise"", ""Urgent review is needed for shortness of breath, rash, fainting, confusion, or severe bleeding""], ""source_ref"": ""Ethiopian formulary references; WHO clinical guidance; national medication safety review"", ""evidence_level"": ""Local formulary reference""}"
medication,1.0.0,"Medication effects, interactions, monitoring, adherence, and referral safety.",antimalarials,Antimalarials,Common antimalarial and malaria-prevention medicines used in Ethiopia and similar endemic settings.,Malaria care|Medication history|Adherence education,"{""name"": ""Sulfadoxine-Pyrimethamine 100 mg Tablet"", ""description"": ""Sulfadoxine-Pyrimethamine is used in Ethiopian clinical and community care settings for a clinician-directed indication. This reference supports safe prescribing, adherence review, and interaction checking."", ""drug_class"": ""Essential local formulary reference"", ""indications"": [""Clinician-directed treatment plan"", ""Routine medication review"", ""Safety screening""], ""common_side_effects"": [""Nausea"", ""Dizziness"", ""Mild abdominal discomfort""], ""serious_side_effects"": [""Severe allergic reaction"", ""Persistent vomiting"", ""Severe weakness"", ""Uncontrolled bleeding""], ""monitoring"": [""Dose and timing review"", ""Clinical symptom tracking"", ""Medication interaction screening""], ""contraindications"": [""Known severe allergy"", ""Severe hepatic or renal impairment without clinician review""], ""interactions"": [""Other medicines in the same treatment class"", ""Alcohol where relevant"", ""Traditional preparations without informed review""], ""pregnancy_lactation"": ""Use only when clinically justified and reviewed with the treating clinician."", ""population"": ""Adults and children when prescribed and clinically appropriate"", ""region"": ""Ethiopia: primary care, referral care, and local community settings"", ""safety_notes"": [""Complete the prescribed course unless instructed otherwise"", ""Urgent review is needed for shortness of breath, rash, fainting, confusion, or severe bleeding""], ""source_ref"": ""Ethiopian formulary references; WHO clinical guidance; national medication safety review"", ""evidence_level"": ""Local formulary reference""}"
medication,1.0.0,"Medication effects, interactions, monitoring, adherence, and referral safety.",antimalarials,Antimalarials,Common antimalarial and malaria-prevention medicines used in Ethiopia and similar endemic settings.,Malaria care|Medication history|Adherence education,"{""name"": ""Sulfadoxine-Pyrimethamine 100 mg Capsule"", ""description"": ""Sulfadoxine-Pyrimethamine is used in Ethiopian clinical and community care settings for a clinician-directed indication. This reference supports safe prescribing, adherence review, and interaction checking."", ""drug_class"": ""Essential local formulary reference"", ""indications"": [""Clinician-directed treatment plan"", ""Routine medication review"", ""Safety screening""], ""common_side_effects"": [""Nausea"", ""Dizziness"", ""Mild abdominal discomfort""], ""serious_side_effects"": [""Severe allergic reaction"", ""Persistent vomiting"", ""Severe weakness"", ""Uncontrolled bleeding""], ""monitoring"": [""Dose and timing review"", ""Clinical symptom tracking"", ""Medication interaction screening""], ""contraindications"": [""Known severe allergy"", ""Severe hepatic or renal impairment without clinician review""], ""interactions"": [""Other medicines in the same treatment class"", ""Alcohol where relevant"", ""Traditional preparations without informed review""], ""pregnancy_lactation"": ""Use only when clinically justified and reviewed with the treating clinician."", ""population"": ""Adults and children when prescribed and clinically appropriate"", ""region"": ""Ethiopia: primary care, referral care, and local community settings"", ""safety_notes"": [""Complete the prescribed course unless instructed otherwise"", ""Urgent review is needed for shortness of breath, rash, fainting, confusion, or severe bleeding""], ""source_ref"": ""Ethiopian formulary references; WHO clinical guidance; national medication safety review"", ""evidence_level"": ""Local formulary reference""}"
medication,1.0.0,"Medication effects, interactions, monitoring, adherence, and referral safety.",antimalarials,Antimalarials,Common antimalarial and malaria-prevention medicines used in Ethiopia and similar endemic settings.,Malaria care|Medication history|Adherence education,"{""name"": ""Sulfadoxine-Pyrimethamine 100 mg Syrup"", ""description"": ""Sulfadoxine-Pyrimethamine is used in Ethiopian clinical and community care settings for a clinician-directed indication. This reference supports safe prescribing, adherence review, and interaction checking."", ""drug_class"": ""Essential local formulary reference"", ""indications"": [""Clinician-directed treatment plan"", ""Routine medication review"", ""Safety screening""], ""common_side_effects"": [""Nausea"", ""Dizziness"", ""Mild abdominal discomfort""], ""serious_side_effects"": [""Severe allergic reaction"", ""Persistent vomiting"", ""Severe weakness"", ""Uncontrolled bleeding""], ""monitoring"": [""Dose and timing review"", ""Clinical symptom tracking"", ""Medication interaction screening""], ""contraindications"": [""Known severe allergy"", ""Severe hepatic or renal impairment without clinician review""], ""interactions"": [""Other medicines in the same treatment class"", ""Alcohol where relevant"", ""Traditional preparations without informed review""], ""pregnancy_lactation"": ""Use only when clinically justified and reviewed with the treating clinician."", ""population"": ""Adults and children when prescribed and clinically appropriate"", ""region"": ""Ethiopia: primary care, referral care, and local community settings"", ""safety_notes"": [""Complete the prescribed course unless instructed otherwise"", ""Urgent review is needed for shortness of breath, rash, fainting, confusion, or severe bleeding""], ""source_ref"": ""Ethiopian formulary references; WHO clinical guidance; national medication safety review"", ""evidence_level"": ""Local formulary reference""}"
medication,1.0.0,"Medication effects, interactions, monitoring, adherence, and referral safety.",antimalarials,Antimalarials,Common antimalarial and malaria-prevention medicines used in Ethiopia and similar endemic settings.,Malaria care|Medication history|Adherence education,"{""name"": ""Sulfadoxine-Pyrimethamine 100 mg Injectable"", ""description"": ""Sulfadoxine-Pyrimethamine is used in Ethiopian clinical and community care settings for a clinician-directed indication. This reference supports safe prescribing, adherence review, and interaction checking."", ""drug_class"": ""Essential local formulary reference"", ""indications"": [""Clinician-directed treatment plan"", ""Routine medication review"", ""Safety screening""], ""common_side_effects"": [""Nausea"", ""Dizziness"", ""Mild abdominal discomfort""], ""serious_side_effects"": [""Severe allergic reaction"", ""Persistent vomiting"", ""Severe weakness"", ""Uncontrolled bleeding""], ""monitoring"": [""Dose and timing review"", ""Clinical symptom tracking"", ""Medication interaction screening""], ""contraindications"": [""Known severe allergy"", ""Severe hepatic or renal impairment without clinician review""], ""interactions"": [""Other medicines in the same treatment class"", ""Alcohol where relevant"", ""Traditional preparations without informed review""], ""pregnancy_lactation"": ""Use only when clinically justified and reviewed with the treating clinician."", ""population"": ""Adults and children when prescribed and clinically appropriate"", ""region"": ""Ethiopia: primary care, referral care, and local community settings"", ""safety_notes"": [""Complete the prescribed course unless instructed otherwise"", ""Urgent review is needed for shortness of breath, rash, fainting, confusion, or severe bleeding""], ""source_ref"": ""Ethiopian formulary references; WHO clinical guidance; national medication safety review"", ""evidence_level"": ""Local formulary reference""}"
medication,1.0.0,"Medication effects, interactions, monitoring, adherence, and referral safety.",antimalarials,Antimalarials,Common antimalarial and malaria-prevention medicines used in Ethiopia and similar endemic settings.,Malaria care|Medication history|Adherence education,"{""name"": ""Sulfadoxine-Pyrimethamine 100 mg Oral suspension"", ""description"": ""Sulfadoxine-Pyrimethamine is used in Ethiopian clinical and community care settings for a clinician-directed indication. This reference supports safe prescribing, adherence review, and interaction checking."", ""drug_class"": ""Essential local formulary reference"", ""indications"": [""Clinician-directed treatment plan"", ""Routine medication review"", ""Safety screening""], ""common_side_effects"": [""Nausea"", ""Dizziness"", ""Mild abdominal discomfort""], ""serious_side_effects"": [""Severe allergic reaction"", ""Persistent vomiting"", ""Severe weakness"", ""Uncontrolled bleeding""], ""monitoring"": [""Dose and timing review"", ""Clinical symptom tracking"", ""Medication interaction screening""], ""contraindications"": [""Known severe allergy"", ""Severe hepatic or renal impairment without clinician review""], ""interactions"": [""Other medicines in the same treatment class"", ""Alcohol where relevant"", ""Traditional preparations without informed review""], ""pregnancy_lactation"": ""Use only when clinically justified and reviewed with the treating clinician."", ""population"": ""Adults and children when prescribed and clinically appropriate"", ""region"": ""Ethiopia: primary care, referral care, and local community settings"", ""safety_notes"": [""Complete the prescribed course unless instructed otherwise"", ""Urgent review is needed for shortness of breath, rash, fainting, confusion, or severe bleeding""], ""source_ref"": ""Ethiopian formulary references; WHO clinical guidance; national medication safety review"", ""evidence_level"": ""Local formulary reference""}"
medication,1.0.0,"Medication effects, interactions, monitoring, adherence, and referral safety.",antimalarials,Antimalarials,Common antimalarial and malaria-prevention medicines used in Ethiopia and similar endemic settings.,Malaria care|Medication history|Adherence education,"{""name"": ""Sulfadoxine-Pyrimethamine 100 mg Inhaler"", ""description"": ""Sulfadoxine-Pyrimethamine is used in Ethiopian clinical and community care settings for a clinician-directed indication. This reference supports safe prescribing, adherence review, and interaction checking."", ""drug_class"": ""Essential local formulary reference"", ""indications"": [""Clinician-directed treatment plan"", ""Routine medication review"", ""Safety screening""], ""common_side_effects"": [""Nausea"", ""Dizziness"", ""Mild abdominal discomfort""], ""serious_side_effects"": [""Severe allergic reaction"", ""Persistent vomiting"", ""Severe weakness"", ""Uncontrolled bleeding""], ""monitoring"": [""Dose and timing review"", ""Clinical symptom tracking"", ""Medication interaction screening""], ""contraindications"": [""Known severe allergy"", ""Severe hepatic or renal impairment without clinician review""], ""interactions"": [""Other medicines in the same treatment class"", ""Alcohol where relevant"", ""Traditional preparations without informed review""], ""pregnancy_lactation"": ""Use only when clinically justified and reviewed with the treating clinician."", ""population"": ""Adults and children when prescribed and clinically appropriate"", ""region"": ""Ethiopia: primary care, referral care, and local community settings"", ""safety_notes"": [""Complete the prescribed course unless instructed otherwise"", ""Urgent review is needed for shortness of breath, rash, fainting, confusion, or severe bleeding""], ""source_ref"": ""Ethiopian formulary references; WHO clinical guidance; national medication safety review"", ""evidence_level"": ""Local formulary reference""}"
medication,1.0.0,"Medication effects, interactions, monitoring, adherence, and referral safety.",antimalarials,Antimalarials,Common antimalarial and malaria-prevention medicines used in Ethiopia and similar endemic settings.,Malaria care|Medication history|Adherence education,"{""name"": ""Sulfadoxine-Pyrimethamine 250 mg Tablet"", ""description"": ""Sulfadoxine-Pyrimethamine is used in Ethiopian clinical and community care settings for a clinician-directed indication. This reference supports safe prescribing, adherence review, and interaction checking."", ""drug_class"": ""Essential local formulary reference"", ""indications"": [""Clinician-directed treatment plan"", ""Routine medication review"", ""Safety screening""], ""common_side_effects"": [""Nausea"", ""Dizziness"", ""Mild abdominal discomfort""], ""serious_side_effects"": [""Severe allergic reaction"", ""Persistent vomiting"", ""Severe weakness"", ""Uncontrolled bleeding""], ""monitoring"": [""Dose and timing review"", ""Clinical symptom tracking"", ""Medication interaction screening""], ""contraindications"": [""Known severe allergy"", ""Severe hepatic or renal impairment without clinician review""], ""interactions"": [""Other medicines in the same treatment class"", ""Alcohol where relevant"", ""Traditional preparations without informed review""], ""pregnancy_lactation"": ""Use only when clinically justified and reviewed with the treating clinician."", ""population"": ""Adults and children when prescribed and clinically appropriate"", ""region"": ""Ethiopia: primary care, referral care, and local community settings"", ""safety_notes"": [""Complete the prescribed course unless instructed otherwise"", ""Urgent review is needed for shortness of breath, rash, fainting, confusion, or severe bleeding""], ""source_ref"": ""Ethiopian formulary references; WHO clinical guidance; national medication safety review"", ""evidence_level"": ""Local formulary reference""}"
medication,1.0.0,"Medication effects, interactions, monitoring, adherence, and referral safety.",antimalarials,Antimalarials,Common antimalarial and malaria-prevention medicines used in Ethiopia and similar endemic settings.,Malaria care|Medication history|Adherence education,"{""name"": ""Sulfadoxine-Pyrimethamine 250 mg Capsule"", ""description"": ""Sulfadoxine-Pyrimethamine is used in Ethiopian clinical and community care settings for a clinician-directed indication. This reference supports safe prescribing, adherence review, and interaction checking."", ""drug_class"": ""Essential local formulary reference"", ""indications"": [""Clinician-directed treatment plan"", ""Routine medication review"", ""Safety screening""], ""common_side_effects"": [""Nausea"", ""Dizziness"", ""Mild abdominal discomfort""], ""serious_side_effects"": [""Severe allergic reaction"", ""Persistent vomiting"", ""Severe weakness"", ""Uncontrolled bleeding""], ""monitoring"": [""Dose and timing review"", ""Clinical symptom tracking"", ""Medication interaction screening""], ""contraindications"": [""Known severe allergy"", ""Severe hepatic or renal impairment without clinician review""], ""interactions"": [""Other medicines in the same treatment class"", ""Alcohol where relevant"", ""Traditional preparations without informed review""], ""pregnancy_lactation"": ""Use only when clinically justified and reviewed with the treating clinician."", ""population"": ""Adults and children when prescribed and clinically appropriate"", ""region"": ""Ethiopia: primary care, referral care, and local community settings"", ""safety_notes"": [""Complete the prescribed course unless instructed otherwise"", ""Urgent review is needed for shortness of breath, rash, fainting, confusion, or severe bleeding""], ""source_ref"": ""Ethiopian formulary references; WHO clinical guidance; national medication safety review"", ""evidence_level"": ""Local formulary reference""}"
medication,1.0.0,"Medication effects, interactions, monitoring, adherence, and referral safety.",antimalarials,Antimalarials,Common antimalarial and malaria-prevention medicines used in Ethiopia and similar endemic settings.,Malaria care|Medication history|Adherence education,"{""name"": ""Sulfadoxine-Pyrimethamine 250 mg Syrup"", ""description"": ""Sulfadoxine-Pyrimethamine is used in Ethiopian clinical and community care settings for a clinician-directed indication. This reference supports safe prescribing, adherence review, and interaction checking."", ""drug_class"": ""Essential local formulary reference"", ""indications"": [""Clinician-directed treatment plan"", ""Routine medication review"", ""Safety screening""], ""common_side_effects"": [""Nausea"", ""Dizziness"", ""Mild abdominal discomfort""], ""serious_side_effects"": [""Severe allergic reaction"", ""Persistent vomiting"", ""Severe weakness"", ""Uncontrolled bleeding""], ""monitoring"": [""Dose and timing review"", ""Clinical symptom tracking"", ""Medication interaction screening""], ""contraindications"": [""Known severe allergy"", ""Severe hepatic or renal impairment without clinician review""], ""interactions"": [""Other medicines in the same treatment class"", ""Alcohol where relevant"", ""Traditional preparations without informed review""], ""pregnancy_lactation"": ""Use only when clinically justified and reviewed with the treating clinician."", ""population"": ""Adults and children when prescribed and clinically appropriate"", ""region"": ""Ethiopia: primary care, referral care, and local community settings"", ""safety_notes"": [""Complete the prescribed course unless instructed otherwise"", ""Urgent review is needed for shortness of breath, rash, fainting, confusion, or severe bleeding""], ""source_ref"": ""Ethiopian formulary references; WHO clinical guidance; national medication safety review"", ""evidence_level"": ""Local formulary reference""}"
medication,1.0.0,"Medication effects, interactions, monitoring, adherence, and referral safety.",antimalarials,Antimalarials,Common antimalarial and malaria-prevention medicines used in Ethiopia and similar endemic settings.,Malaria care|Medication history|Adherence education,"{""name"": ""Sulfadoxine-Pyrimethamine 250 mg Injectable"", ""description"": ""Sulfadoxine-Pyrimethamine is used in Ethiopian clinical and community care settings for a clinician-directed indication. This reference supports safe prescribing, adherence review, and interaction checking."", ""drug_class"": ""Essential local formulary reference"", ""indications"": [""Clinician-directed treatment plan"", ""Routine medication review"", ""Safety screening""], ""common_side_effects"": [""Nausea"", ""Dizziness"", ""Mild abdominal discomfort""], ""serious_side_effects"": [""Severe allergic reaction"", ""Persistent vomiting"", ""Severe weakness"", ""Uncontrolled bleeding""], ""monitoring"": [""Dose and timing review"", ""Clinical symptom tracking"", ""Medication interaction screening""], ""contraindications"": [""Known severe allergy"", ""Severe hepatic or renal impairment without clinician review""], ""interactions"": [""Other medicines in the same treatment class"", ""Alcohol where relevant"", ""Traditional preparations without informed review""], ""pregnancy_lactation"": ""Use only when clinically justified and reviewed with the treating clinician."", ""population"": ""Adults and children when prescribed and clinically appropriate"", ""region"": ""Ethiopia: primary care, referral care, and local community settings"", ""safety_notes"": [""Complete the prescribed course unless instructed otherwise"", ""Urgent review is needed for shortness of breath, rash, fainting, confusion, or severe bleeding""], ""source_ref"": ""Ethiopian formulary references; WHO clinical guidance; national medication safety review"", ""evidence_level"": ""Local formulary reference""}"
medication,1.0.0,"Medication effects, interactions, monitoring, adherence, and referral safety.",antimalarials,Antimalarials,Common antimalarial and malaria-prevention medicines used in Ethiopia and similar endemic settings.,Malaria care|Medication history|Adherence education,"{""name"": ""Sulfadoxine-Pyrimethamine 250 mg Oral suspension"", ""description"": ""Sulfadoxine-Pyrimethamine is used in Ethiopian clinical and community care settings for a clinician-directed indication. This reference supports safe prescribing, adherence review, and interaction checking."", ""drug_class"": ""Essential local formulary reference"", ""indications"": [""Clinician-directed treatment plan"", ""Routine medication review"", ""Safety screening""], ""common_side_effects"": [""Nausea"", ""Dizziness"", ""Mild abdominal discomfort""], ""serious_side_effects"": [""Severe allergic reaction"", ""Persistent vomiting"", ""Severe weakness"", ""Uncontrolled bleeding""], ""monitoring"": [""Dose and timing review"", ""Clinical symptom tracking"", ""Medication interaction screening""], ""contraindications"": [""Known severe allergy"", ""Severe hepatic or renal impairment without clinician review""], ""interactions"": [""Other medicines in the same treatment class"", ""Alcohol where relevant"", ""Traditional preparations without informed review""], ""pregnancy_lactation"": ""Use only when clinically justified and reviewed with the treating clinician."", ""population"": ""Adults and children when prescribed and clinically appropriate"", ""region"": ""Ethiopia: primary care, referral care, and local community settings"", ""safety_notes"": [""Complete the prescribed course unless instructed otherwise"", ""Urgent review is needed for shortness of breath, rash, fainting, confusion, or severe bleeding""], ""source_ref"": ""Ethiopian formulary references; WHO clinical guidance; national medication safety review"", ""evidence_level"": ""Local formulary reference""}"
medication,1.0.0,"Medication effects, interactions, monitoring, adherence, and referral safety.",antimalarials,Antimalarials,Common antimalarial and malaria-prevention medicines used in Ethiopia and similar endemic settings.,Malaria care|Medication history|Adherence education,"{""name"": ""Sulfadoxine-Pyrimethamine 250 mg Inhaler"", ""description"": ""Sulfadoxine-Pyrimethamine is used in Ethiopian clinical and community care settings for a clinician-directed indication. This reference supports safe prescribing, adherence review, and interaction checking."", ""drug_class"": ""Essential local formulary reference"", ""indications"": [""Clinician-directed treatment plan"", ""Routine medication review"", ""Safety screening""], ""common_side_effects"": [""Nausea"", ""Dizziness"", ""Mild abdominal discomfort""], ""serious_side_effects"": [""Severe allergic reaction"", ""Persistent vomiting"", ""Severe weakness"", ""Uncontrolled bleeding""], ""monitoring"": [""Dose and timing review"", ""Clinical symptom tracking"", ""Medication interaction screening""], ""contraindications"": [""Known severe allergy"", ""Severe hepatic or renal impairment without clinician review""], ""interactions"": [""Other medicines in the same treatment class"", ""Alcohol where relevant"", ""Traditional preparations without informed review""], ""pregnancy_lactation"": ""Use only when clinically justified and reviewed with the treating clinician."", ""population"": ""Adults and children when prescribed and clinically appropriate"", ""region"": ""Ethiopia: primary care, referral care, and local community settings"", ""safety_notes"": [""Complete the prescribed course unless instructed otherwise"", ""Urgent review is needed for shortness of breath, rash, fainting, confusion, or severe bleeding""], ""source_ref"": ""Ethiopian formulary references; WHO clinical guidance; national medication safety review"", ""evidence_level"": ""Local formulary reference""}"
medication,1.0.0,"Medication effects, interactions, monitoring, adherence, and referral safety.",antimalarials,Antimalarials,Common antimalarial and malaria-prevention medicines used in Ethiopia and similar endemic settings.,Malaria care|Medication history|Adherence education,"{""name"": ""Sulfadoxine-Pyrimethamine 500 mg Tablet"", ""description"": ""Sulfadoxine-Pyrimethamine is used in Ethiopian clinical and community care settings for a clinician-directed indication. This reference supports safe prescribing, adherence review, and interaction checking."", ""drug_class"": ""Essential local formulary reference"", ""indications"": [""Clinician-directed treatment plan"", ""Routine medication review"", ""Safety screening""], ""common_side_effects"": [""Nausea"", ""Dizziness"", ""Mild abdominal discomfort""], ""serious_side_effects"": [""Severe allergic reaction"", ""Persistent vomiting"", ""Severe weakness"", ""Uncontrolled bleeding""], ""monitoring"": [""Dose and timing review"", ""Clinical symptom tracking"", ""Medication interaction screening""], ""contraindications"": [""Known severe allergy"", ""Severe hepatic or renal impairment without clinician review""], ""interactions"": [""Other medicines in the same treatment class"", ""Alcohol where relevant"", ""Traditional preparations without informed review""], ""pregnancy_lactation"": ""Use only when clinically justified and reviewed with the treating clinician."", ""population"": ""Adults and children when prescribed and clinically appropriate"", ""region"": ""Ethiopia: primary care, referral care, and local community settings"", ""safety_notes"": [""Complete the prescribed course unless instructed otherwise"", ""Urgent review is needed for shortness of breath, rash, fainting, confusion, or severe bleeding""], ""source_ref"": ""Ethiopian formulary references; WHO clinical guidance; national medication safety review"", ""evidence_level"": ""Local formulary reference""}"
medication,1.0.0,"Medication effects, interactions, monitoring, adherence, and referral safety.",antimalarials,Antimalarials,Common antimalarial and malaria-prevention medicines used in Ethiopia and similar endemic settings.,Malaria care|Medication history|Adherence education,"{""name"": ""Sulfadoxine-Pyrimethamine 500 mg Capsule"", ""description"": ""Sulfadoxine-Pyrimethamine is used in Ethiopian clinical and community care settings for a clinician-directed indication. This reference supports safe prescribing, adherence review, and interaction checking."", ""drug_class"": ""Essential local formulary reference"", ""indications"": [""Clinician-directed treatment plan"", ""Routine medication review"", ""Safety screening""], ""common_side_effects"": [""Nausea"", ""Dizziness"", ""Mild abdominal discomfort""], ""serious_side_effects"": [""Severe allergic reaction"", ""Persistent vomiting"", ""Severe weakness"", ""Uncontrolled bleeding""], ""monitoring"": [""Dose and timing review"", ""Clinical symptom tracking"", ""Medication interaction screening""], ""contraindications"": [""Known severe allergy"", ""Severe hepatic or renal impairment without clinician review""], ""interactions"": [""Other medicines in the same treatment class"", ""Alcohol where relevant"", ""Traditional preparations without informed review""], ""pregnancy_lactation"": ""Use only when clinically justified and reviewed with the treating clinician."", ""population"": ""Adults and children when prescribed and clinically appropriate"", ""region"": ""Ethiopia: primary care, referral care, and local community settings"", ""safety_notes"": [""Complete the prescribed course unless instructed otherwise"", ""Urgent review is needed for shortness of breath, rash, fainting, confusion, or severe bleeding""], ""source_ref"": ""Ethiopian formulary references; WHO clinical guidance; national medication safety review"", ""evidence_level"": ""Local formulary reference""}"
medication,1.0.0,"Medication effects, interactions, monitoring, adherence, and referral safety.",antimalarials,Antimalarials,Common antimalarial and malaria-prevention medicines used in Ethiopia and similar endemic settings.,Malaria care|Medication history|Adherence education,"{""name"": ""Sulfadoxine-Pyrimethamine 500 mg Syrup"", ""description"": ""Sulfadoxine-Pyrimethamine is used in Ethiopian clinical and community care settings for a clinician-directed indication. This reference supports safe prescribing, adherence review, and interaction checking."", ""drug_class"": ""Essential local formulary reference"", ""indications"": [""Clinician-directed treatment plan"", ""Routine medication review"", ""Safety screening""], ""common_side_effects"": [""Nausea"", ""Dizziness"", ""Mild abdominal discomfort""], ""serious_side_effects"": [""Severe allergic reaction"", ""Persistent vomiting"", ""Severe weakness"", ""Uncontrolled bleeding""], ""monitoring"": [""Dose and timing review"", ""Clinical symptom tracking"", ""Medication interaction screening""], ""contraindications"": [""Known severe allergy"", ""Severe hepatic or renal impairment without clinician review""], ""interactions"": [""Other medicines in the same treatment class"", ""Alcohol where relevant"", ""Traditional preparations without informed review""], ""pregnancy_lactation"": ""Use only when clinically justified and reviewed with the treating clinician."", ""population"": ""Adults and children when prescribed and clinically appropriate"", ""region"": ""Ethiopia: primary care, referral care, and local community settings"", ""safety_notes"": [""Complete the prescribed course unless instructed otherwise"", ""Urgent review is needed for shortness of breath, rash, fainting, confusion, or severe bleeding""], ""source_ref"": ""Ethiopian formulary references; WHO clinical guidance; national medication safety review"", ""evidence_level"": ""Local formulary reference""}"
medication,1.0.0,"Medication effects, interactions, monitoring, adherence, and referral safety.",antimalarials,Antimalarials,Common antimalarial and malaria-prevention medicines used in Ethiopia and similar endemic settings.,Malaria care|Medication history|Adherence education,"{""name"": ""Sulfadoxine-Pyrimethamine 500 mg Injectable"", ""description"": ""Sulfadoxine-Pyrimethamine is used in Ethiopian clinical and community care settings for a clinician-directed indication. This reference supports safe prescribing, adherence review, and interaction checking."", ""drug_class"": ""Essential local formulary reference"", ""indications"": [""Clinician-directed treatment plan"", ""Routine medication review"", ""Safety screening""], ""common_side_effects"": [""Nausea"", ""Dizziness"", ""Mild abdominal discomfort""], ""serious_side_effects"": [""Severe allergic reaction"", ""Persistent vomiting"", ""Severe weakness"", ""Uncontrolled bleeding""], ""monitoring"": [""Dose and timing review"", ""Clinical symptom tracking"", ""Medication interaction screening""], ""contraindications"": [""Known severe allergy"", ""Severe hepatic or renal impairment without clinician review""], ""interactions"": [""Other medicines in the same treatment class"", ""Alcohol where relevant"", ""Traditional preparations without informed review""], ""pregnancy_lactation"": ""Use only when clinically justified and reviewed with the treating clinician."", ""population"": ""Adults and children when prescribed and clinically appropriate"", ""region"": ""Ethiopia: primary care, referral care, and local community settings"", ""safety_notes"": [""Complete the prescribed course unless instructed otherwise"", ""Urgent review is needed for shortness of breath, rash, fainting, confusion, or severe bleeding""], ""source_ref"": ""Ethiopian formulary references; WHO clinical guidance; national medication safety review"", ""evidence_level"": ""Local formulary reference""}"
medication,1.0.0,"Medication effects, interactions, monitoring, adherence, and referral safety.",antimalarials,Antimalarials,Common antimalarial and malaria-prevention medicines used in Ethiopia and similar endemic settings.,Malaria care|Medication history|Adherence education,"{""name"": ""Sulfadoxine-Pyrimethamine 500 mg Oral suspension"", ""description"": ""Sulfadoxine-Pyrimethamine is used in Ethiopian clinical and community care settings for a clinician-directed indication. This reference supports safe prescribing, adherence review, and interaction checking."", ""drug_class"": ""Essential local formulary reference"", ""indications"": [""Clinician-directed treatment plan"", ""Routine medication review"", ""Safety screening""], ""common_side_effects"": [""Nausea"", ""Dizziness"", ""Mild abdominal discomfort""], ""serious_side_effects"": [""Severe allergic reaction"", ""Persistent vomiting"", ""Severe weakness"", ""Uncontrolled bleeding""], ""monitoring"": [""Dose and timing review"", ""Clinical symptom tracking"", ""Medication interaction screening""], ""contraindications"": [""Known severe allergy"", ""Severe hepatic or renal impairment without clinician review""], ""interactions"": [""Other medicines in the same treatment class"", ""Alcohol where relevant"", ""Traditional preparations without informed review""], ""pregnancy_lactation"": ""Use only when clinically justified and reviewed with the treating clinician."", ""population"": ""Adults and children when prescribed and clinically appropriate"", ""region"": ""Ethiopia: primary care, referral care, and local community settings"", ""safety_notes"": [""Complete the prescribed course unless instructed otherwise"", ""Urgent review is needed for shortness of breath, rash, fainting, confusion, or severe bleeding""], ""source_ref"": ""Ethiopian formulary references; WHO clinical guidance; national medication safety review"", ""evidence_level"": ""Local formulary reference""}"
medication,1.0.0,"Medication effects, interactions, monitoring, adherence, and referral safety.",antimalarials,Antimalarials,Common antimalarial and malaria-prevention medicines used in Ethiopia and similar endemic settings.,Malaria care|Medication history|Adherence education,"{""name"": ""Sulfadoxine-Pyrimethamine 500 mg Inhaler"", ""description"": ""Sulfadoxine-Pyrimethamine is used in Ethiopian clinical and community care settings for a clinician-directed indication. This reference supports safe prescribing, adherence review, and interaction checking."", ""drug_class"": ""Essential local formulary reference"", ""indications"": [""Clinician-directed treatment plan"", ""Routine medication review"", ""Safety screening""], ""common_side_effects"": [""Nausea"", ""Dizziness"", ""Mild abdominal discomfort""], ""serious_side_effects"": [""Severe allergic reaction"", ""Persistent vomiting"", ""Severe weakness"", ""Uncontrolled bleeding""], ""monitoring"": [""Dose and timing review"", ""Clinical symptom tracking"", ""Medication interaction screening""], ""contraindications"": [""Known severe allergy"", ""Severe hepatic or renal impairment without clinician review""], ""interactions"": [""Other medicines in the same treatment class"", ""Alcohol where relevant"", ""Traditional preparations without informed review""], ""pregnancy_lactation"": ""Use only when clinically justified and reviewed with the treating clinician."", ""population"": ""Adults and children when prescribed and clinically appropriate"", ""region"": ""Ethiopia: primary care, referral care, and local community settings"", ""safety_notes"": [""Complete the prescribed course unless instructed otherwise"", ""Urgent review is needed for shortness of breath, rash, fainting, confusion, or severe bleeding""], ""source_ref"": ""Ethiopian formulary references; WHO clinical guidance; national medication safety review"", ""evidence_level"": ""Local formulary reference""}"
medication,1.0.0,"Medication effects, interactions, monitoring, adherence, and referral safety.",antimalarials,Antimalarials,Common antimalarial and malaria-prevention medicines used in Ethiopia and similar endemic settings.,Malaria care|Medication history|Adherence education,"{""name"": ""Sulfadoxine-Pyrimethamine 1 g Tablet"", ""description"": ""Sulfadoxine-Pyrimethamine is used in Ethiopian clinical and community care settings for a clinician-directed indication. This reference supports safe prescribing, adherence review, and interaction checking."", ""drug_class"": ""Essential local formulary reference"", ""indications"": [""Clinician-directed treatment plan"", ""Routine medication review"", ""Safety screening""], ""common_side_effects"": [""Nausea"", ""Dizziness"", ""Mild abdominal discomfort""], ""serious_side_effects"": [""Severe allergic reaction"", ""Persistent vomiting"", ""Severe weakness"", ""Uncontrolled bleeding""], ""monitoring"": [""Dose and timing review"", ""Clinical symptom tracking"", ""Medication interaction screening""], ""contraindications"": [""Known severe allergy"", ""Severe hepatic or renal impairment without clinician review""], ""interactions"": [""Other medicines in the same treatment class"", ""Alcohol where relevant"", ""Traditional preparations without informed review""], ""pregnancy_lactation"": ""Use only when clinically justified and reviewed with the treating clinician."", ""population"": ""Adults and children when prescribed and clinically appropriate"", ""region"": ""Ethiopia: primary care, referral care, and local community settings"", ""safety_notes"": [""Complete the prescribed course unless instructed otherwise"", ""Urgent review is needed for shortness of breath, rash, fainting, confusion, or severe bleeding""], ""source_ref"": ""Ethiopian formulary references; WHO clinical guidance; national medication safety review"", ""evidence_level"": ""Local formulary reference""}"
medication,1.0.0,"Medication effects, interactions, monitoring, adherence, and referral safety.",antimalarials,Antimalarials,Common antimalarial and malaria-prevention medicines used in Ethiopia and similar endemic settings.,Malaria care|Medication history|Adherence education,"{""name"": ""Sulfadoxine-Pyrimethamine 1 g Capsule"", ""description"": ""Sulfadoxine-Pyrimethamine is used in Ethiopian clinical and community care settings for a clinician-directed indication. This reference supports safe prescribing, adherence review, and interaction checking."", ""drug_class"": ""Essential local formulary reference"", ""indications"": [""Clinician-directed treatment plan"", ""Routine medication review"", ""Safety screening""], ""common_side_effects"": [""Nausea"", ""Dizziness"", ""Mild abdominal discomfort""], ""serious_side_effects"": [""Severe allergic reaction"", ""Persistent vomiting"", ""Severe weakness"", ""Uncontrolled bleeding""], ""monitoring"": [""Dose and timing review"", ""Clinical symptom tracking"", ""Medication interaction screening""], ""contraindications"": [""Known severe allergy"", ""Severe hepatic or renal impairment without clinician review""], ""interactions"": [""Other medicines in the same treatment class"", ""Alcohol where relevant"", ""Traditional preparations without informed review""], ""pregnancy_lactation"": ""Use only when clinically justified and reviewed with the treating clinician."", ""population"": ""Adults and children when prescribed and clinically appropriate"", ""region"": ""Ethiopia: primary care, referral care, and local community settings"", ""safety_notes"": [""Complete the prescribed course unless instructed otherwise"", ""Urgent review is needed for shortness of breath, rash, fainting, confusion, or severe bleeding""], ""source_ref"": ""Ethiopian formulary references; WHO clinical guidance; national medication safety review"", ""evidence_level"": ""Local formulary reference""}"
medication,1.0.0,"Medication effects, interactions, monitoring, adherence, and referral safety.",antimalarials,Antimalarials,Common antimalarial and malaria-prevention medicines used in Ethiopia and similar endemic settings.,Malaria care|Medication history|Adherence education,"{""name"": ""Sulfadoxine-Pyrimethamine 1 g Syrup"", ""description"": ""Sulfadoxine-Pyrimethamine is used in Ethiopian clinical and community care settings for a clinician-directed indication. This reference supports safe prescribing, adherence review, and interaction checking."", ""drug_class"": ""Essential local formulary reference"", ""indications"": [""Clinician-directed treatment plan"", ""Routine medication review"", ""Safety screening""], ""common_side_effects"": [""Nausea"", ""Dizziness"", ""Mild abdominal discomfort""], ""serious_side_effects"": [""Severe allergic reaction"", ""Persistent vomiting"", ""Severe weakness"", ""Uncontrolled bleeding""], ""monitoring"": [""Dose and timing review"", ""Clinical symptom tracking"", ""Medication interaction screening""], ""contraindications"": [""Known severe allergy"", ""Severe hepatic or renal impairment without clinician review""], ""interactions"": [""Other medicines in the same treatment class"", ""Alcohol where relevant"", ""Traditional preparations without informed review""], ""pregnancy_lactation"": ""Use only when clinically justified and reviewed with the treating clinician."", ""population"": ""Adults and children when prescribed and clinically appropriate"", ""region"": ""Ethiopia: primary care, referral care, and local community settings"", ""safety_notes"": [""Complete the prescribed course unless instructed otherwise"", ""Urgent review is needed for shortness of breath, rash, fainting, confusion, or severe bleeding""], ""source_ref"": ""Ethiopian formulary references; WHO clinical guidance; national medication safety review"", ""evidence_level"": ""Local formulary reference""}"
medication,1.0.0,"Medication effects, interactions, monitoring, adherence, and referral safety.",antimalarials,Antimalarials,Common antimalarial and malaria-prevention medicines used in Ethiopia and similar endemic settings.,Malaria care|Medication history|Adherence education,"{""name"": ""Sulfadoxine-Pyrimethamine 1 g Injectable"", ""description"": ""Sulfadoxine-Pyrimethamine is used in Ethiopian clinical and community care settings for a clinician-directed indication. This reference supports safe prescribing, adherence review, and interaction checking."", ""drug_class"": ""Essential local formulary reference"", ""indications"": [""Clinician-directed treatment plan"", ""Routine medication review"", ""Safety screening""], ""common_side_effects"": [""Nausea"", ""Dizziness"", ""Mild abdominal discomfort""], ""serious_side_effects"": [""Severe allergic reaction"", ""Persistent vomiting"", ""Severe weakness"", ""Uncontrolled bleeding""], ""monitoring"": [""Dose and timing review"", ""Clinical symptom tracking"", ""Medication interaction screening""], ""contraindications"": [""Known severe allergy"", ""Severe hepatic or renal impairment without clinician review""], ""interactions"": [""Other medicines in the same treatment class"", ""Alcohol where relevant"", ""Traditional preparations without informed review""], ""pregnancy_lactation"": ""Use only when clinically justified and reviewed with the treating clinician."", ""population"": ""Adults and children when prescribed and clinically appropriate"", ""region"": ""Ethiopia: primary care, referral care, and local community settings"", ""safety_notes"": [""Complete the prescribed course unless instructed otherwise"", ""Urgent review is needed for shortness of breath, rash, fainting, confusion, or severe bleeding""], ""source_ref"": ""Ethiopian formulary references; WHO clinical guidance; national medication safety review"", ""evidence_level"": ""Local formulary reference""}"
medication,1.0.0,"Medication effects, interactions, monitoring, adherence, and referral safety.",antimalarials,Antimalarials,Common antimalarial and malaria-prevention medicines used in Ethiopia and similar endemic settings.,Malaria care|Medication history|Adherence education,"{""name"": ""Sulfadoxine-Pyrimethamine 1 g Oral suspension"", ""description"": ""Sulfadoxine-Pyrimethamine is used in Ethiopian clinical and community care settings for a clinician-directed indication. This reference supports safe prescribing, adherence review, and interaction checking."", ""drug_class"": ""Essential local formulary reference"", ""indications"": [""Clinician-directed treatment plan"", ""Routine medication review"", ""Safety screening""], ""common_side_effects"": [""Nausea"", ""Dizziness"", ""Mild abdominal discomfort""], ""serious_side_effects"": [""Severe allergic reaction"", ""Persistent vomiting"", ""Severe weakness"", ""Uncontrolled bleeding""], ""monitoring"": [""Dose and timing review"", ""Clinical symptom tracking"", ""Medication interaction screening""], ""contraindications"": [""Known severe allergy"", ""Severe hepatic or renal impairment without clinician review""], ""interactions"": [""Other medicines in the same treatment class"", ""Alcohol where relevant"", ""Traditional preparations without informed review""], ""pregnancy_lactation"": ""Use only when clinically justified and reviewed with the treating clinician."", ""population"": ""Adults and children when prescribed and clinically appropriate"", ""region"": ""Ethiopia: primary care, referral care, and local community settings"", ""safety_notes"": [""Complete the prescribed course unless instructed otherwise"", ""Urgent review is needed for shortness of breath, rash, fainting, confusion, or severe bleeding""], ""source_ref"": ""Ethiopian formulary references; WHO clinical guidance; national medication safety review"", ""evidence_level"": ""Local formulary reference""}"
medication,1.0.0,"Medication effects, interactions, monitoring, adherence, and referral safety.",antimalarials,Antimalarials,Common antimalarial and malaria-prevention medicines used in Ethiopia and similar endemic settings.,Malaria care|Medication history|Adherence education,"{""name"": ""Sulfadoxine-Pyrimethamine 1 g Inhaler"", ""description"": ""Sulfadoxine-Pyrimethamine is used in Ethiopian clinical and community care settings for a clinician-directed indication. This reference supports safe prescribing, adherence review, and interaction checking."", ""drug_class"": ""Essential local formulary reference"", ""indications"": [""Clinician-directed treatment plan"", ""Routine medication review"", ""Safety screening""], ""common_side_effects"": [""Nausea"", ""Dizziness"", ""Mild abdominal discomfort""], ""serious_side_effects"": [""Severe allergic reaction"", ""Persistent vomiting"", ""Severe weakness"", ""Uncontrolled bleeding""], ""monitoring"": [""Dose and timing review"", ""Clinical symptom tracking"", ""Medication interaction screening""], ""contraindications"": [""Known severe allergy"", ""Severe hepatic or renal impairment without clinician review""], ""interactions"": [""Other medicines in the same treatment class"", ""Alcohol where relevant"", ""Traditional preparations without informed review""], ""pregnancy_lactation"": ""Use only when clinically justified and reviewed with the treating clinician."", ""population"": ""Adults and children when prescribed and clinically appropriate"", ""region"": ""Ethiopia: primary care, referral care, and local community settings"", ""safety_notes"": [""Complete the prescribed course unless instructed otherwise"", ""Urgent review is needed for shortness of breath, rash, fainting, confusion, or severe bleeding""], ""source_ref"": ""Ethiopian formulary references; WHO clinical guidance; national medication safety review"", ""evidence_level"": ""Local formulary reference""}"
medication,1.0.0,"Medication effects, interactions, monitoring, adherence, and referral safety.",antimalarials,Antimalarials,Common antimalarial and malaria-prevention medicines used in Ethiopia and similar endemic settings.,Malaria care|Medication history|Adherence education,"{""name"": ""Sulfadoxine-Pyrimethamine 2 g Tablet"", ""description"": ""Sulfadoxine-Pyrimethamine is used in Ethiopian clinical and community care settings for a clinician-directed indication. This reference supports safe prescribing, adherence review, and interaction checking."", ""drug_class"": ""Essential local formulary reference"", ""indications"": [""Clinician-directed treatment plan"", ""Routine medication review"", ""Safety screening""], ""common_side_effects"": [""Nausea"", ""Dizziness"", ""Mild abdominal discomfort""], ""serious_side_effects"": [""Severe allergic reaction"", ""Persistent vomiting"", ""Severe weakness"", ""Uncontrolled bleeding""], ""monitoring"": [""Dose and timing review"", ""Clinical symptom tracking"", ""Medication interaction screening""], ""contraindications"": [""Known severe allergy"", ""Severe hepatic or renal impairment without clinician review""], ""interactions"": [""Other medicines in the same treatment class"", ""Alcohol where relevant"", ""Traditional preparations without informed review""], ""pregnancy_lactation"": ""Use only when clinically justified and reviewed with the treating clinician."", ""population"": ""Adults and children when prescribed and clinically appropriate"", ""region"": ""Ethiopia: primary care, referral care, and local community settings"", ""safety_notes"": [""Complete the prescribed course unless instructed otherwise"", ""Urgent review is needed for shortness of breath, rash, fainting, confusion, or severe bleeding""], ""source_ref"": ""Ethiopian formulary references; WHO clinical guidance; national medication safety review"", ""evidence_level"": ""Local formulary reference""}"
medication,1.0.0,"Medication effects, interactions, monitoring, adherence, and referral safety.",antimalarials,Antimalarials,Common antimalarial and malaria-prevention medicines used in Ethiopia and similar endemic settings.,Malaria care|Medication history|Adherence education,"{""name"": ""Sulfadoxine-Pyrimethamine 2 g Capsule"", ""description"": ""Sulfadoxine-Pyrimethamine is used in Ethiopian clinical and community care settings for a clinician-directed indication. This reference supports safe prescribing, adherence review, and interaction checking."", ""drug_class"": ""Essential local formulary reference"", ""indications"": [""Clinician-directed treatment plan"", ""Routine medication review"", ""Safety screening""], ""common_side_effects"": [""Nausea"", ""Dizziness"", ""Mild abdominal discomfort""], ""serious_side_effects"": [""Severe allergic reaction"", ""Persistent vomiting"", ""Severe weakness"", ""Uncontrolled bleeding""], ""monitoring"": [""Dose and timing review"", ""Clinical symptom tracking"", ""Medication interaction screening""], ""contraindications"": [""Known severe allergy"", ""Severe hepatic or renal impairment without clinician review""], ""interactions"": [""Other medicines in the same treatment class"", ""Alcohol where relevant"", ""Traditional preparations without informed review""], ""pregnancy_lactation"": ""Use only when clinically justified and reviewed with the treating clinician."", ""population"": ""Adults and children when prescribed and clinically appropriate"", ""region"": ""Ethiopia: primary care, referral care, and local community settings"", ""safety_notes"": [""Complete the prescribed course unless instructed otherwise"", ""Urgent review is needed for shortness of breath, rash, fainting, confusion, or severe bleeding""], ""source_ref"": ""Ethiopian formulary references; WHO clinical guidance; national medication safety review"", ""evidence_level"": ""Local formulary reference""}"
medication,1.0.0,"Medication effects, interactions, monitoring, adherence, and referral safety.",antimalarials,Antimalarials,Common antimalarial and malaria-prevention medicines used in Ethiopia and similar endemic settings.,Malaria care|Medication history|Adherence education,"{""name"": ""Sulfadoxine-Pyrimethamine 2 g Syrup"", ""description"": ""Sulfadoxine-Pyrimethamine is used in Ethiopian clinical and community care settings for a clinician-directed indication. This reference supports safe prescribing, adherence review, and interaction checking."", ""drug_class"": ""Essential local formulary reference"", ""indications"": [""Clinician-directed treatment plan"", ""Routine medication review"", ""Safety screening""], ""common_side_effects"": [""Nausea"", ""Dizziness"", ""Mild abdominal discomfort""], ""serious_side_effects"": [""Severe allergic reaction"", ""Persistent vomiting"", ""Severe weakness"", ""Uncontrolled bleeding""], ""monitoring"": [""Dose and timing review"", ""Clinical symptom tracking"", ""Medication interaction screening""], ""contraindications"": [""Known severe allergy"", ""Severe hepatic or renal impairment without clinician review""], ""interactions"": [""Other medicines in the same treatment class"", ""Alcohol where relevant"", ""Traditional preparations without informed review""], ""pregnancy_lactation"": ""Use only when clinically justified and reviewed with the treating clinician."", ""population"": ""Adults and children when prescribed and clinically appropriate"", ""region"": ""Ethiopia: primary care, referral care, and local community settings"", ""safety_notes"": [""Complete the prescribed course unless instructed otherwise"", ""Urgent review is needed for shortness of breath, rash, fainting, confusion, or severe bleeding""], ""source_ref"": ""Ethiopian formulary references; WHO clinical guidance; national medication safety review"", ""evidence_level"": ""Local formulary reference""}"
medication,1.0.0,"Medication effects, interactions, monitoring, adherence, and referral safety.",antimalarials,Antimalarials,Common antimalarial and malaria-prevention medicines used in Ethiopia and similar endemic settings.,Malaria care|Medication history|Adherence education,"{""name"": ""Sulfadoxine-Pyrimethamine 2 g Injectable"", ""description"": ""Sulfadoxine-Pyrimethamine is used in Ethiopian clinical and community care settings for a clinician-directed indication. This reference supports safe prescribing, adherence review, and interaction checking."", ""drug_class"": ""Essential local formulary reference"", ""indications"": [""Clinician-directed treatment plan"", ""Routine medication review"", ""Safety screening""], ""common_side_effects"": [""Nausea"", ""Dizziness"", ""Mild abdominal discomfort""], ""serious_side_effects"": [""Severe allergic reaction"", ""Persistent vomiting"", ""Severe weakness"", ""Uncontrolled bleeding""], ""monitoring"": [""Dose and timing review"", ""Clinical symptom tracking"", ""Medication interaction screening""], ""contraindications"": [""Known severe allergy"", ""Severe hepatic or renal impairment without clinician review""], ""interactions"": [""Other medicines in the same treatment class"", ""Alcohol where relevant"", ""Traditional preparations without informed review""], ""pregnancy_lactation"": ""Use only when clinically justified and reviewed with the treating clinician."", ""population"": ""Adults and children when prescribed and clinically appropriate"", ""region"": ""Ethiopia: primary care, referral care, and local community settings"", ""safety_notes"": [""Complete the prescribed course unless instructed otherwise"", ""Urgent review is needed for shortness of breath, rash, fainting, confusion, or severe bleeding""], ""source_ref"": ""Ethiopian formulary references; WHO clinical guidance; national medication safety review"", ""evidence_level"": ""Local formulary reference""}"
medication,1.0.0,"Medication effects, interactions, monitoring, adherence, and referral safety.",antimalarials,Antimalarials,Common antimalarial and malaria-prevention medicines used in Ethiopia and similar endemic settings.,Malaria care|Medication history|Adherence education,"{""name"": ""Sulfadoxine-Pyrimethamine 2 g Oral suspension"", ""description"": ""Sulfadoxine-Pyrimethamine is used in Ethiopian clinical and community care settings for a clinician-directed indication. This reference supports safe prescribing, adherence review, and interaction checking."", ""drug_class"": ""Essential local formulary reference"", ""indications"": [""Clinician-directed treatment plan"", ""Routine medication review"", ""Safety screening""], ""common_side_effects"": [""Nausea"", ""Dizziness"", ""Mild abdominal discomfort""], ""serious_side_effects"": [""Severe allergic reaction"", ""Persistent vomiting"", ""Severe weakness"", ""Uncontrolled bleeding""], ""monitoring"": [""Dose and timing review"", ""Clinical symptom tracking"", ""Medication interaction screening""], ""contraindications"": [""Known severe allergy"", ""Severe hepatic or renal impairment without clinician review""], ""interactions"": [""Other medicines in the same treatment class"", ""Alcohol where relevant"", ""Traditional preparations without informed review""], ""pregnancy_lactation"": ""Use only when clinically justified and reviewed with the treating clinician."", ""population"": ""Adults and children when prescribed and clinically appropriate"", ""region"": ""Ethiopia: primary care, referral care, and local community settings"", ""safety_notes"": [""Complete the prescribed course unless instructed otherwise"", ""Urgent review is needed for shortness of breath, rash, fainting, confusion, or severe bleeding""], ""source_ref"": ""Ethiopian formulary references; WHO clinical guidance; national medication safety review"", ""evidence_level"": ""Local formulary reference""}"
medication,1.0.0,"Medication effects, interactions, monitoring, adherence, and referral safety.",antimalarials,Antimalarials,Common antimalarial and malaria-prevention medicines used in Ethiopia and similar endemic settings.,Malaria care|Medication history|Adherence education,"{""name"": ""Sulfadoxine-Pyrimethamine 2 g Inhaler"", ""description"": ""Sulfadoxine-Pyrimethamine is used in Ethiopian clinical and community care settings for a clinician-directed indication. This reference supports safe prescribing, adherence review, and interaction checking."", ""drug_class"": ""Essential local formulary reference"", ""indications"": [""Clinician-directed treatment plan"", ""Routine medication review"", ""Safety screening""], ""common_side_effects"": [""Nausea"", ""Dizziness"", ""Mild abdominal discomfort""], ""serious_side_effects"": [""Severe allergic reaction"", ""Persistent vomiting"", ""Severe weakness"", ""Uncontrolled bleeding""], ""monitoring"": [""Dose and timing review"", ""Clinical symptom tracking"", ""Medication interaction screening""], ""contraindications"": [""Known severe allergy"", ""Severe hepatic or renal impairment without clinician review""], ""interactions"": [""Other medicines in the same treatment class"", ""Alcohol where relevant"", ""Traditional preparations without informed review""], ""pregnancy_lactation"": ""Use only when clinically justified and reviewed with the treating clinician."", ""population"": ""Adults and children when prescribed and clinically appropriate"", ""region"": ""Ethiopia: primary care, referral care, and local community settings"", ""safety_notes"": [""Complete the prescribed course unless instructed otherwise"", ""Urgent review is needed for shortness of breath, rash, fainting, confusion, or severe bleeding""], ""source_ref"": ""Ethiopian formulary references; WHO clinical guidance; national medication safety review"", ""evidence_level"": ""Local formulary reference""}"
medication,1.0.0,"Medication effects, interactions, monitoring, adherence, and referral safety.",antimalarials,Antimalarials,Common antimalarial and malaria-prevention medicines used in Ethiopia and similar endemic settings.,Malaria care|Medication history|Adherence education,"{""name"": ""Quinine 5 mg Tablet"", ""description"": ""Quinine is used in Ethiopian clinical and community care settings for a clinician-directed indication. This reference supports safe prescribing, adherence review, and interaction checking."", ""drug_class"": ""Essential local formulary reference"", ""indications"": [""Clinician-directed treatment plan"", ""Routine medication review"", ""Safety screening""], ""common_side_effects"": [""Nausea"", ""Dizziness"", ""Mild abdominal discomfort""], ""serious_side_effects"": [""Severe allergic reaction"", ""Persistent vomiting"", ""Severe weakness"", ""Uncontrolled bleeding""], ""monitoring"": [""Dose and timing review"", ""Clinical symptom tracking"", ""Medication interaction screening""], ""contraindications"": [""Known severe allergy"", ""Severe hepatic or renal impairment without clinician review""], ""interactions"": [""Other medicines in the same treatment class"", ""Alcohol where relevant"", ""Traditional preparations without informed review""], ""pregnancy_lactation"": ""Use only when clinically justified and reviewed with the treating clinician."", ""population"": ""Adults and children when prescribed and clinically appropriate"", ""region"": ""Ethiopia: primary care, referral care, and local community settings"", ""safety_notes"": [""Complete the prescribed course unless instructed otherwise"", ""Urgent review is needed for shortness of breath, rash, fainting, confusion, or severe bleeding""], ""source_ref"": ""Ethiopian formulary references; WHO clinical guidance; national medication safety review"", ""evidence_level"": ""Local formulary reference""}"
medication,1.0.0,"Medication effects, interactions, monitoring, adherence, and referral safety.",antimalarials,Antimalarials,Common antimalarial and malaria-prevention medicines used in Ethiopia and similar endemic settings.,Malaria care|Medication history|Adherence education,"{""name"": ""Quinine 5 mg Capsule"", ""description"": ""Quinine is used in Ethiopian clinical and community care settings for a clinician-directed indication. This reference supports safe prescribing, adherence review, and interaction checking."", ""drug_class"": ""Essential local formulary reference"", ""indications"": [""Clinician-directed treatment plan"", ""Routine medication review"", ""Safety screening""], ""common_side_effects"": [""Nausea"", ""Dizziness"", ""Mild abdominal discomfort""], ""serious_side_effects"": [""Severe allergic reaction"", ""Persistent vomiting"", ""Severe weakness"", ""Uncontrolled bleeding""], ""monitoring"": [""Dose and timing review"", ""Clinical symptom tracking"", ""Medication interaction screening""], ""contraindications"": [""Known severe allergy"", ""Severe hepatic or renal impairment without clinician review""], ""interactions"": [""Other medicines in the same treatment class"", ""Alcohol where relevant"", ""Traditional preparations without informed review""], ""pregnancy_lactation"": ""Use only when clinically justified and reviewed with the treating clinician."", ""population"": ""Adults and children when prescribed and clinically appropriate"", ""region"": ""Ethiopia: primary care, referral care, and local community settings"", ""safety_notes"": [""Complete the prescribed course unless instructed otherwise"", ""Urgent review is needed for shortness of breath, rash, fainting, confusion, or severe bleeding""], ""source_ref"": ""Ethiopian formulary references; WHO clinical guidance; national medication safety review"", ""evidence_level"": ""Local formulary reference""}"
medication,1.0.0,"Medication effects, interactions, monitoring, adherence, and referral safety.",antimalarials,Antimalarials,Common antimalarial and malaria-prevention medicines used in Ethiopia and similar endemic settings.,Malaria care|Medication history|Adherence education,"{""name"": ""Quinine 5 mg Syrup"", ""description"": ""Quinine is used in Ethiopian clinical and community care settings for a clinician-directed indication. This reference supports safe prescribing, adherence review, and interaction checking."", ""drug_class"": ""Essential local formulary reference"", ""indications"": [""Clinician-directed treatment plan"", ""Routine medication review"", ""Safety screening""], ""common_side_effects"": [""Nausea"", ""Dizziness"", ""Mild abdominal discomfort""], ""serious_side_effects"": [""Severe allergic reaction"", ""Persistent vomiting"", ""Severe weakness"", ""Uncontrolled bleeding""], ""monitoring"": [""Dose and timing review"", ""Clinical symptom tracking"", ""Medication interaction screening""], ""contraindications"": [""Known severe allergy"", ""Severe hepatic or renal impairment without clinician review""], ""interactions"": [""Other medicines in the same treatment class"", ""Alcohol where relevant"", ""Traditional preparations without informed review""], ""pregnancy_lactation"": ""Use only when clinically justified and reviewed with the treating clinician."", ""population"": ""Adults and children when prescribed and clinically appropriate"", ""region"": ""Ethiopia: primary care, referral care, and local community settings"", ""safety_notes"": [""Complete the prescribed course unless instructed otherwise"", ""Urgent review is needed for shortness of breath, rash, fainting, confusion, or severe bleeding""], ""source_ref"": ""Ethiopian formulary references; WHO clinical guidance; national medication safety review"", ""evidence_level"": ""Local formulary reference""}"
medication,1.0.0,"Medication effects, interactions, monitoring, adherence, and referral safety.",antimalarials,Antimalarials,Common antimalarial and malaria-prevention medicines used in Ethiopia and similar endemic settings.,Malaria care|Medication history|Adherence education,"{""name"": ""Quinine 5 mg Injectable"", ""description"": ""Quinine is used in Ethiopian clinical and community care settings for a clinician-directed indication. This reference supports safe prescribing, adherence review, and interaction checking."", ""drug_class"": ""Essential local formulary reference"", ""indications"": [""Clinician-directed treatment plan"", ""Routine medication review"", ""Safety screening""], ""common_side_effects"": [""Nausea"", ""Dizziness"", ""Mild abdominal discomfort""], ""serious_side_effects"": [""Severe allergic reaction"", ""Persistent vomiting"", ""Severe weakness"", ""Uncontrolled bleeding""], ""monitoring"": [""Dose and timing review"", ""Clinical symptom tracking"", ""Medication interaction screening""], ""contraindications"": [""Known severe allergy"", ""Severe hepatic or renal impairment without clinician review""], ""interactions"": [""Other medicines in the same treatment class"", ""Alcohol where relevant"", ""Traditional preparations without informed review""], ""pregnancy_lactation"": ""Use only when clinically justified and reviewed with the treating clinician."", ""population"": ""Adults and children when prescribed and clinically appropriate"", ""region"": ""Ethiopia: primary care, referral care, and local community settings"", ""safety_notes"": [""Complete the prescribed course unless instructed otherwise"", ""Urgent review is needed for shortness of breath, rash, fainting, confusion, or severe bleeding""], ""source_ref"": ""Ethiopian formulary references; WHO clinical guidance; national medication safety review"", ""evidence_level"": ""Local formulary reference""}"
medication,1.0.0,"Medication effects, interactions, monitoring, adherence, and referral safety.",antimalarials,Antimalarials,Common antimalarial and malaria-prevention medicines used in Ethiopia and similar endemic settings.,Malaria care|Medication history|Adherence education,"{""name"": ""Quinine 5 mg Oral suspension"", ""description"": ""Quinine is used in Ethiopian clinical and community care settings for a clinician-directed indication. This reference supports safe prescribing, adherence review, and interaction checking."", ""drug_class"": ""Essential local formulary reference"", ""indications"": [""Clinician-directed treatment plan"", ""Routine medication review"", ""Safety screening""], ""common_side_effects"": [""Nausea"", ""Dizziness"", ""Mild abdominal discomfort""], ""serious_side_effects"": [""Severe allergic reaction"", ""Persistent vomiting"", ""Severe weakness"", ""Uncontrolled bleeding""], ""monitoring"": [""Dose and timing review"", ""Clinical symptom tracking"", ""Medication interaction screening""], ""contraindications"": [""Known severe allergy"", ""Severe hepatic or renal impairment without clinician review""], ""interactions"": [""Other medicines in the same treatment class"", ""Alcohol where relevant"", ""Traditional preparations without informed review""], ""pregnancy_lactation"": ""Use only when clinically justified and reviewed with the treating clinician."", ""population"": ""Adults and children when prescribed and clinically appropriate"", ""region"": ""Ethiopia: primary care, referral care, and local community settings"", ""safety_notes"": [""Complete the prescribed course unless instructed otherwise"", ""Urgent review is needed for shortness of breath, rash, fainting, confusion, or severe bleeding""], ""source_ref"": ""Ethiopian formulary references; WHO clinical guidance; national medication safety review"", ""evidence_level"": ""Local formulary reference""}"
medication,1.0.0,"Medication effects, interactions, monitoring, adherence, and referral safety.",antimalarials,Antimalarials,Common antimalarial and malaria-prevention medicines used in Ethiopia and similar endemic settings.,Malaria care|Medication history|Adherence education,"{""name"": ""Quinine 5 mg Inhaler"", ""description"": ""Quinine is used in Ethiopian clinical and community care settings for a clinician-directed indication. This reference supports safe prescribing, adherence review, and interaction checking."", ""drug_class"": ""Essential local formulary reference"", ""indications"": [""Clinician-directed treatment plan"", ""Routine medication review"", ""Safety screening""], ""common_side_effects"": [""Nausea"", ""Dizziness"", ""Mild abdominal discomfort""], ""serious_side_effects"": [""Severe allergic reaction"", ""Persistent vomiting"", ""Severe weakness"", ""Uncontrolled bleeding""], ""monitoring"": [""Dose and timing review"", ""Clinical symptom tracking"", ""Medication interaction screening""], ""contraindications"": [""Known severe allergy"", ""Severe hepatic or renal impairment without clinician review""], ""interactions"": [""Other medicines in the same treatment class"", ""Alcohol where relevant"", ""Traditional preparations without informed review""], ""pregnancy_lactation"": ""Use only when clinically justified and reviewed with the treating clinician."", ""population"": ""Adults and children when prescribed and clinically appropriate"", ""region"": ""Ethiopia: primary care, referral care, and local community settings"", ""safety_notes"": [""Complete the prescribed course unless instructed otherwise"", ""Urgent review is needed for shortness of breath, rash, fainting, confusion, or severe bleeding""], ""source_ref"": ""Ethiopian formulary references; WHO clinical guidance; national medication safety review"", ""evidence_level"": ""Local formulary reference""}"
medication,1.0.0,"Medication effects, interactions, monitoring, adherence, and referral safety.",antimalarials,Antimalarials,Common antimalarial and malaria-prevention medicines used in Ethiopia and similar endemic settings.,Malaria care|Medication history|Adherence education,"{""name"": ""Quinine 10 mg Tablet"", ""description"": ""Quinine is used in Ethiopian clinical and community care settings for a clinician-directed indication. This reference supports safe prescribing, adherence review, and interaction checking."", ""drug_class"": ""Essential local formulary reference"", ""indications"": [""Clinician-directed treatment plan"", ""Routine medication review"", ""Safety screening""], ""common_side_effects"": [""Nausea"", ""Dizziness"", ""Mild abdominal discomfort""], ""serious_side_effects"": [""Severe allergic reaction"", ""Persistent vomiting"", ""Severe weakness"", ""Uncontrolled bleeding""], ""monitoring"": [""Dose and timing review"", ""Clinical symptom tracking"", ""Medication interaction screening""], ""contraindications"": [""Known severe allergy"", ""Severe hepatic or renal impairment without clinician review""], ""interactions"": [""Other medicines in the same treatment class"", ""Alcohol where relevant"", ""Traditional preparations without informed review""], ""pregnancy_lactation"": ""Use only when clinically justified and reviewed with the treating clinician."", ""population"": ""Adults and children when prescribed and clinically appropriate"", ""region"": ""Ethiopia: primary care, referral care, and local community settings"", ""safety_notes"": [""Complete the prescribed course unless instructed otherwise"", ""Urgent review is needed for shortness of breath, rash, fainting, confusion, or severe bleeding""], ""source_ref"": ""Ethiopian formulary references; WHO clinical guidance; national medication safety review"", ""evidence_level"": ""Local formulary reference""}"
medication,1.0.0,"Medication effects, interactions, monitoring, adherence, and referral safety.",antimalarials,Antimalarials,Common antimalarial and malaria-prevention medicines used in Ethiopia and similar endemic settings.,Malaria care|Medication history|Adherence education,"{""name"": ""Quinine 10 mg Capsule"", ""description"": ""Quinine is used in Ethiopian clinical and community care settings for a clinician-directed indication. This reference supports safe prescribing, adherence review, and interaction checking."", ""drug_class"": ""Essential local formulary reference"", ""indications"": [""Clinician-directed treatment plan"", ""Routine medication review"", ""Safety screening""], ""common_side_effects"": [""Nausea"", ""Dizziness"", ""Mild abdominal discomfort""], ""serious_side_effects"": [""Severe allergic reaction"", ""Persistent vomiting"", ""Severe weakness"", ""Uncontrolled bleeding""], ""monitoring"": [""Dose and timing review"", ""Clinical symptom tracking"", ""Medication interaction screening""], ""contraindications"": [""Known severe allergy"", ""Severe hepatic or renal impairment without clinician review""], ""interactions"": [""Other medicines in the same treatment class"", ""Alcohol where relevant"", ""Traditional preparations without informed review""], ""pregnancy_lactation"": ""Use only when clinically justified and reviewed with the treating clinician."", ""population"": ""Adults and children when prescribed and clinically appropriate"", ""region"": ""Ethiopia: primary care, referral care, and local community settings"", ""safety_notes"": [""Complete the prescribed course unless instructed otherwise"", ""Urgent review is needed for shortness of breath, rash, fainting, confusion, or severe bleeding""], ""source_ref"": ""Ethiopian formulary references; WHO clinical guidance; national medication safety review"", ""evidence_level"": ""Local formulary reference""}"
medication,1.0.0,"Medication effects, interactions, monitoring, adherence, and referral safety.",antimalarials,Antimalarials,Common antimalarial and malaria-prevention medicines used in Ethiopia and similar endemic settings.,Malaria care|Medication history|Adherence education,"{""name"": ""Quinine 10 mg Syrup"", ""description"": ""Quinine is used in Ethiopian clinical and community care settings for a clinician-directed indication. This reference supports safe prescribing, adherence review, and interaction checking."", ""drug_class"": ""Essential local formulary reference"", ""indications"": [""Clinician-directed treatment plan"", ""Routine medication review"", ""Safety screening""], ""common_side_effects"": [""Nausea"", ""Dizziness"", ""Mild abdominal discomfort""], ""serious_side_effects"": [""Severe allergic reaction"", ""Persistent vomiting"", ""Severe weakness"", ""Uncontrolled bleeding""], ""monitoring"": [""Dose and timing review"", ""Clinical symptom tracking"", ""Medication interaction screening""], ""contraindications"": [""Known severe allergy"", ""Severe hepatic or renal impairment without clinician review""], ""interactions"": [""Other medicines in the same treatment class"", ""Alcohol where relevant"", ""Traditional preparations without informed review""], ""pregnancy_lactation"": ""Use only when clinically justified and reviewed with the treating clinician."", ""population"": ""Adults and children when prescribed and clinically appropriate"", ""region"": ""Ethiopia: primary care, referral care, and local community settings"", ""safety_notes"": [""Complete the prescribed course unless instructed otherwise"", ""Urgent review is needed for shortness of breath, rash, fainting, confusion, or severe bleeding""], ""source_ref"": ""Ethiopian formulary references; WHO clinical guidance; national medication safety review"", ""evidence_level"": ""Local formulary reference""}"
medication,1.0.0,"Medication effects, interactions, monitoring, adherence, and referral safety.",antimalarials,Antimalarials,Common antimalarial and malaria-prevention medicines used in Ethiopia and similar endemic settings.,Malaria care|Medication history|Adherence education,"{""name"": ""Quinine 10 mg Injectable"", ""description"": ""Quinine is used in Ethiopian clinical and community care settings for a clinician-directed indication. This reference supports safe prescribing, adherence review, and interaction checking."", ""drug_class"": ""Essential local formulary reference"", ""indications"": [""Clinician-directed treatment plan"", ""Routine medication review"", ""Safety screening""], ""common_side_effects"": [""Nausea"", ""Dizziness"", ""Mild abdominal discomfort""], ""serious_side_effects"": [""Severe allergic reaction"", ""Persistent vomiting"", ""Severe weakness"", ""Uncontrolled bleeding""], ""monitoring"": [""Dose and timing review"", ""Clinical symptom tracking"", ""Medication interaction screening""], ""contraindications"": [""Known severe allergy"", ""Severe hepatic or renal impairment without clinician review""], ""interactions"": [""Other medicines in the same treatment class"", ""Alcohol where relevant"", ""Traditional preparations without informed review""], ""pregnancy_lactation"": ""Use only when clinically justified and reviewed with the treating clinician."", ""population"": ""Adults and children when prescribed and clinically appropriate"", ""region"": ""Ethiopia: primary care, referral care, and local community settings"", ""safety_notes"": [""Complete the prescribed course unless instructed otherwise"", ""Urgent review is needed for shortness of breath, rash, fainting, confusion, or severe bleeding""], ""source_ref"": ""Ethiopian formulary references; WHO clinical guidance; national medication safety review"", ""evidence_level"": ""Local formulary reference""}"
medication,1.0.0,"Medication effects, interactions, monitoring, adherence, and referral safety.",antimalarials,Antimalarials,Common antimalarial and malaria-prevention medicines used in Ethiopia and similar endemic settings.,Malaria care|Medication history|Adherence education,"{""name"": ""Quinine 10 mg Oral suspension"", ""description"": ""Quinine is used in Ethiopian clinical and community care settings for a clinician-directed indication. This reference supports safe prescribing, adherence review, and interaction checking."", ""drug_class"": ""Essential local formulary reference"", ""indications"": [""Clinician-directed treatment plan"", ""Routine medication review"", ""Safety screening""], ""common_side_effects"": [""Nausea"", ""Dizziness"", ""Mild abdominal discomfort""], ""serious_side_effects"": [""Severe allergic reaction"", ""Persistent vomiting"", ""Severe weakness"", ""Uncontrolled bleeding""], ""monitoring"": [""Dose and timing review"", ""Clinical symptom tracking"", ""Medication interaction screening""], ""contraindications"": [""Known severe allergy"", ""Severe hepatic or renal impairment without clinician review""], ""interactions"": [""Other medicines in the same treatment class"", ""Alcohol where relevant"", ""Traditional preparations without informed review""], ""pregnancy_lactation"": ""Use only when clinically justified and reviewed with the treating clinician."", ""population"": ""Adults and children when prescribed and clinically appropriate"", ""region"": ""Ethiopia: primary care, referral care, and local community settings"", ""safety_notes"": [""Complete the prescribed course unless instructed otherwise"", ""Urgent review is needed for shortness of breath, rash, fainting, confusion, or severe bleeding""], ""source_ref"": ""Ethiopian formulary references; WHO clinical guidance; national medication safety review"", ""evidence_level"": ""Local formulary reference""}"
medication,1.0.0,"Medication effects, interactions, monitoring, adherence, and referral safety.",antimalarials,Antimalarials,Common antimalarial and malaria-prevention medicines used in Ethiopia and similar endemic settings.,Malaria care|Medication history|Adherence education,"{""name"": ""Quinine 10 mg Inhaler"", ""description"": ""Quinine is used in Ethiopian clinical and community care settings for a clinician-directed indication. This reference supports safe prescribing, adherence review, and interaction checking."", ""drug_class"": ""Essential local formulary reference"", ""indications"": [""Clinician-directed treatment plan"", ""Routine medication review"", ""Safety screening""], ""common_side_effects"": [""Nausea"", ""Dizziness"", ""Mild abdominal discomfort""], ""serious_side_effects"": [""Severe allergic reaction"", ""Persistent vomiting"", ""Severe weakness"", ""Uncontrolled bleeding""], ""monitoring"": [""Dose and timing review"", ""Clinical symptom tracking"", ""Medication interaction screening""], ""contraindications"": [""Known severe allergy"", ""Severe hepatic or renal impairment without clinician review""], ""interactions"": [""Other medicines in the same treatment class"", ""Alcohol where relevant"", ""Traditional preparations without informed review""], ""pregnancy_lactation"": ""Use only when clinically justified and reviewed with the treating clinician."", ""population"": ""Adults and children when prescribed and clinically appropriate"", ""region"": ""Ethiopia: primary care, referral care, and local community settings"", ""safety_notes"": [""Complete the prescribed course unless instructed otherwise"", ""Urgent review is needed for shortness of breath, rash, fainting, confusion, or severe bleeding""], ""source_ref"": ""Ethiopian formulary references; WHO clinical guidance; national medication safety review"", ""evidence_level"": ""Local formulary reference""}"
medication,1.0.0,"Medication effects, interactions, monitoring, adherence, and referral safety.",antimalarials,Antimalarials,Common antimalarial and malaria-prevention medicines used in Ethiopia and similar endemic settings.,Malaria care|Medication history|Adherence education,"{""name"": ""Quinine 25 mg Tablet"", ""description"": ""Quinine is used in Ethiopian clinical and community care settings for a clinician-directed indication. This reference supports safe prescribing, adherence review, and interaction checking."", ""drug_class"": ""Essential local formulary reference"", ""indications"": [""Clinician-directed treatment plan"", ""Routine medication review"", ""Safety screening""], ""common_side_effects"": [""Nausea"", ""Dizziness"", ""Mild abdominal discomfort""], ""serious_side_effects"": [""Severe allergic reaction"", ""Persistent vomiting"", ""Severe weakness"", ""Uncontrolled bleeding""], ""monitoring"": [""Dose and timing review"", ""Clinical symptom tracking"", ""Medication interaction screening""], ""contraindications"": [""Known severe allergy"", ""Severe hepatic or renal impairment without clinician review""], ""interactions"": [""Other medicines in the same treatment class"", ""Alcohol where relevant"", ""Traditional preparations without informed review""], ""pregnancy_lactation"": ""Use only when clinically justified and reviewed with the treating clinician."", ""population"": ""Adults and children when prescribed and clinically appropriate"", ""region"": ""Ethiopia: primary care, referral care, and local community settings"", ""safety_notes"": [""Complete the prescribed course unless instructed otherwise"", ""Urgent review is needed for shortness of breath, rash, fainting, confusion, or severe bleeding""], ""source_ref"": ""Ethiopian formulary references; WHO clinical guidance; national medication safety review"", ""evidence_level"": ""Local formulary reference""}"
medication,1.0.0,"Medication effects, interactions, monitoring, adherence, and referral safety.",antimalarials,Antimalarials,Common antimalarial and malaria-prevention medicines used in Ethiopia and similar endemic settings.,Malaria care|Medication history|Adherence education,"{""name"": ""Quinine 25 mg Capsule"", ""description"": ""Quinine is used in Ethiopian clinical and community care settings for a clinician-directed indication. This reference supports safe prescribing, adherence review, and interaction checking."", ""drug_class"": ""Essential local formulary reference"", ""indications"": [""Clinician-directed treatment plan"", ""Routine medication review"", ""Safety screening""], ""common_side_effects"": [""Nausea"", ""Dizziness"", ""Mild abdominal discomfort""], ""serious_side_effects"": [""Severe allergic reaction"", ""Persistent vomiting"", ""Severe weakness"", ""Uncontrolled bleeding""], ""monitoring"": [""Dose and timing review"", ""Clinical symptom tracking"", ""Medication interaction screening""], ""contraindications"": [""Known severe allergy"", ""Severe hepatic or renal impairment without clinician review""], ""interactions"": [""Other medicines in the same treatment class"", ""Alcohol where relevant"", ""Traditional preparations without informed review""], ""pregnancy_lactation"": ""Use only when clinically justified and reviewed with the treating clinician."", ""population"": ""Adults and children when prescribed and clinically appropriate"", ""region"": ""Ethiopia: primary care, referral care, and local community settings"", ""safety_notes"": [""Complete the prescribed course unless instructed otherwise"", ""Urgent review is needed for shortness of breath, rash, fainting, confusion, or severe bleeding""], ""source_ref"": ""Ethiopian formulary references; WHO clinical guidance; national medication safety review"", ""evidence_level"": ""Local formulary reference""}"
medication,1.0.0,"Medication effects, interactions, monitoring, adherence, and referral safety.",antimalarials,Antimalarials,Common antimalarial and malaria-prevention medicines used in Ethiopia and similar endemic settings.,Malaria care|Medication history|Adherence education,"{""name"": ""Quinine 25 mg Syrup"", ""description"": ""Quinine is used in Ethiopian clinical and community care settings for a clinician-directed indication. This reference supports safe prescribing, adherence review, and interaction checking."", ""drug_class"": ""Essential local formulary reference"", ""indications"": [""Clinician-directed treatment plan"", ""Routine medication review"", ""Safety screening""], ""common_side_effects"": [""Nausea"", ""Dizziness"", ""Mild abdominal discomfort""], ""serious_side_effects"": [""Severe allergic reaction"", ""Persistent vomiting"", ""Severe weakness"", ""Uncontrolled bleeding""], ""monitoring"": [""Dose and timing review"", ""Clinical symptom tracking"", ""Medication interaction screening""], ""contraindications"": [""Known severe allergy"", ""Severe hepatic or renal impairment without clinician review""], ""interactions"": [""Other medicines in the same treatment class"", ""Alcohol where relevant"", ""Traditional preparations without informed review""], ""pregnancy_lactation"": ""Use only when clinically justified and reviewed with the treating clinician."", ""population"": ""Adults and children when prescribed and clinically appropriate"", ""region"": ""Ethiopia: primary care, referral care, and local community settings"", ""safety_notes"": [""Complete the prescribed course unless instructed otherwise"", ""Urgent review is needed for shortness of breath, rash, fainting, confusion, or severe bleeding""], ""source_ref"": ""Ethiopian formulary references; WHO clinical guidance; national medication safety review"", ""evidence_level"": ""Local formulary reference""}"
medication,1.0.0,"Medication effects, interactions, monitoring, adherence, and referral safety.",antimalarials,Antimalarials,Common antimalarial and malaria-prevention medicines used in Ethiopia and similar endemic settings.,Malaria care|Medication history|Adherence education,"{""name"": ""Quinine 25 mg Injectable"", ""description"": ""Quinine is used in Ethiopian clinical and community care settings for a clinician-directed indication. This reference supports safe prescribing, adherence review, and interaction checking."", ""drug_class"": ""Essential local formulary reference"", ""indications"": [""Clinician-directed treatment plan"", ""Routine medication review"", ""Safety screening""], ""common_side_effects"": [""Nausea"", ""Dizziness"", ""Mild abdominal discomfort""], ""serious_side_effects"": [""Severe allergic reaction"", ""Persistent vomiting"", ""Severe weakness"", ""Uncontrolled bleeding""], ""monitoring"": [""Dose and timing review"", ""Clinical symptom tracking"", ""Medication interaction screening""], ""contraindications"": [""Known severe allergy"", ""Severe hepatic or renal impairment without clinician review""], ""interactions"": [""Other medicines in the same treatment class"", ""Alcohol where relevant"", ""Traditional preparations without informed review""], ""pregnancy_lactation"": ""Use only when clinically justified and reviewed with the treating clinician."", ""population"": ""Adults and children when prescribed and clinically appropriate"", ""region"": ""Ethiopia: primary care, referral care, and local community settings"", ""safety_notes"": [""Complete the prescribed course unless instructed otherwise"", ""Urgent review is needed for shortness of breath, rash, fainting, confusion, or severe bleeding""], ""source_ref"": ""Ethiopian formulary references; WHO clinical guidance; national medication safety review"", ""evidence_level"": ""Local formulary reference""}"
medication,1.0.0,"Medication effects, interactions, monitoring, adherence, and referral safety.",antimalarials,Antimalarials,Common antimalarial and malaria-prevention medicines used in Ethiopia and similar endemic settings.,Malaria care|Medication history|Adherence education,"{""name"": ""Quinine 25 mg Oral suspension"", ""description"": ""Quinine is used in Ethiopian clinical and community care settings for a clinician-directed indication. This reference supports safe prescribing, adherence review, and interaction checking."", ""drug_class"": ""Essential local formulary reference"", ""indications"": [""Clinician-directed treatment plan"", ""Routine medication review"", ""Safety screening""], ""common_side_effects"": [""Nausea"", ""Dizziness"", ""Mild abdominal discomfort""], ""serious_side_effects"": [""Severe allergic reaction"", ""Persistent vomiting"", ""Severe weakness"", ""Uncontrolled bleeding""], ""monitoring"": [""Dose and timing review"", ""Clinical symptom tracking"", ""Medication interaction screening""], ""contraindications"": [""Known severe allergy"", ""Severe hepatic or renal impairment without clinician review""], ""interactions"": [""Other medicines in the same treatment class"", ""Alcohol where relevant"", ""Traditional preparations without informed review""], ""pregnancy_lactation"": ""Use only when clinically justified and reviewed with the treating clinician."", ""population"": ""Adults and children when prescribed and clinically appropriate"", ""region"": ""Ethiopia: primary care, referral care, and local community settings"", ""safety_notes"": [""Complete the prescribed course unless instructed otherwise"", ""Urgent review is needed for shortness of breath, rash, fainting, confusion, or severe bleeding""], ""source_ref"": ""Ethiopian formulary references; WHO clinical guidance; national medication safety review"", ""evidence_level"": ""Local formulary reference""}"
medication,1.0.0,"Medication effects, interactions, monitoring, adherence, and referral safety.",antimalarials,Antimalarials,Common antimalarial and malaria-prevention medicines used in Ethiopia and similar endemic settings.,Malaria care|Medication history|Adherence education,"{""name"": ""Quinine 25 mg Inhaler"", ""description"": ""Quinine is used in Ethiopian clinical and community care settings for a clinician-directed indication. This reference supports safe prescribing, adherence review, and interaction checking."", ""drug_class"": ""Essential local formulary reference"", ""indications"": [""Clinician-directed treatment plan"", ""Routine medication review"", ""Safety screening""], ""common_side_effects"": [""Nausea"", ""Dizziness"", ""Mild abdominal discomfort""], ""serious_side_effects"": [""Severe allergic reaction"", ""Persistent vomiting"", ""Severe weakness"", ""Uncontrolled bleeding""], ""monitoring"": [""Dose and timing review"", ""Clinical symptom tracking"", ""Medication interaction screening""], ""contraindications"": [""Known severe allergy"", ""Severe hepatic or renal impairment without clinician review""], ""interactions"": [""Other medicines in the same treatment class"", ""Alcohol where relevant"", ""Traditional preparations without informed review""], ""pregnancy_lactation"": ""Use only when clinically justified and reviewed with the treating clinician."", ""population"": ""Adults and children when prescribed and clinically appropriate"", ""region"": ""Ethiopia: primary care, referral care, and local community settings"", ""safety_notes"": [""Complete the prescribed course unless instructed otherwise"", ""Urgent review is needed for shortness of breath, rash, fainting, confusion, or severe bleeding""], ""source_ref"": ""Ethiopian formulary references; WHO clinical guidance; national medication safety review"", ""evidence_level"": ""Local formulary reference""}"
medication,1.0.0,"Medication effects, interactions, monitoring, adherence, and referral safety.",antimalarials,Antimalarials,Common antimalarial and malaria-prevention medicines used in Ethiopia and similar endemic settings.,Malaria care|Medication history|Adherence education,"{""name"": ""Quinine 50 mg Tablet"", ""description"": ""Quinine is used in Ethiopian clinical and community care settings for a clinician-directed indication. This reference supports safe prescribing, adherence review, and interaction checking."", ""drug_class"": ""Essential local formulary reference"", ""indications"": [""Clinician-directed treatment plan"", ""Routine medication review"", ""Safety screening""], ""common_side_effects"": [""Nausea"", ""Dizziness"", ""Mild abdominal discomfort""], ""serious_side_effects"": [""Severe allergic reaction"", ""Persistent vomiting"", ""Severe weakness"", ""Uncontrolled bleeding""], ""monitoring"": [""Dose and timing review"", ""Clinical symptom tracking"", ""Medication interaction screening""], ""contraindications"": [""Known severe allergy"", ""Severe hepatic or renal impairment without clinician review""], ""interactions"": [""Other medicines in the same treatment class"", ""Alcohol where relevant"", ""Traditional preparations without informed review""], ""pregnancy_lactation"": ""Use only when clinically justified and reviewed with the treating clinician."", ""population"": ""Adults and children when prescribed and clinically appropriate"", ""region"": ""Ethiopia: primary care, referral care, and local community settings"", ""safety_notes"": [""Complete the prescribed course unless instructed otherwise"", ""Urgent review is needed for shortness of breath, rash, fainting, confusion, or severe bleeding""], ""source_ref"": ""Ethiopian formulary references; WHO clinical guidance; national medication safety review"", ""evidence_level"": ""Local formulary reference""}"
medication,1.0.0,"Medication effects, interactions, monitoring, adherence, and referral safety.",antimalarials,Antimalarials,Common antimalarial and malaria-prevention medicines used in Ethiopia and similar endemic settings.,Malaria care|Medication history|Adherence education,"{""name"": ""Quinine 50 mg Capsule"", ""description"": ""Quinine is used in Ethiopian clinical and community care settings for a clinician-directed indication. This reference supports safe prescribing, adherence review, and interaction checking."", ""drug_class"": ""Essential local formulary reference"", ""indications"": [""Clinician-directed treatment plan"", ""Routine medication review"", ""Safety screening""], ""common_side_effects"": [""Nausea"", ""Dizziness"", ""Mild abdominal discomfort""], ""serious_side_effects"": [""Severe allergic reaction"", ""Persistent vomiting"", ""Severe weakness"", ""Uncontrolled bleeding""], ""monitoring"": [""Dose and timing review"", ""Clinical symptom tracking"", ""Medication interaction screening""], ""contraindications"": [""Known severe allergy"", ""Severe hepatic or renal impairment without clinician review""], ""interactions"": [""Other medicines in the same treatment class"", ""Alcohol where relevant"", ""Traditional preparations without informed review""], ""pregnancy_lactation"": ""Use only when clinically justified and reviewed with the treating clinician."", ""population"": ""Adults and children when prescribed and clinically appropriate"", ""region"": ""Ethiopia: primary care, referral care, and local community settings"", ""safety_notes"": [""Complete the prescribed course unless instructed otherwise"", ""Urgent review is needed for shortness of breath, rash, fainting, confusion, or severe bleeding""], ""source_ref"": ""Ethiopian formulary references; WHO clinical guidance; national medication safety review"", ""evidence_level"": ""Local formulary reference""}"
medication,1.0.0,"Medication effects, interactions, monitoring, adherence, and referral safety.",antimalarials,Antimalarials,Common antimalarial and malaria-prevention medicines used in Ethiopia and similar endemic settings.,Malaria care|Medication history|Adherence education,"{""name"": ""Quinine 50 mg Syrup"", ""description"": ""Quinine is used in Ethiopian clinical and community care settings for a clinician-directed indication. This reference supports safe prescribing, adherence review, and interaction checking."", ""drug_class"": ""Essential local formulary reference"", ""indications"": [""Clinician-directed treatment plan"", ""Routine medication review"", ""Safety screening""], ""common_side_effects"": [""Nausea"", ""Dizziness"", ""Mild abdominal discomfort""], ""serious_side_effects"": [""Severe allergic reaction"", ""Persistent vomiting"", ""Severe weakness"", ""Uncontrolled bleeding""], ""monitoring"": [""Dose and timing review"", ""Clinical symptom tracking"", ""Medication interaction screening""], ""contraindications"": [""Known severe allergy"", ""Severe hepatic or renal impairment without clinician review""], ""interactions"": [""Other medicines in the same treatment class"", ""Alcohol where relevant"", ""Traditional preparations without informed review""], ""pregnancy_lactation"": ""Use only when clinically justified and reviewed with the treating clinician."", ""population"": ""Adults and children when prescribed and clinically appropriate"", ""region"": ""Ethiopia: primary care, referral care, and local community settings"", ""safety_notes"": [""Complete the prescribed course unless instructed otherwise"", ""Urgent review is needed for shortness of breath, rash, fainting, confusion, or severe bleeding""], ""source_ref"": ""Ethiopian formulary references; WHO clinical guidance; national medication safety review"", ""evidence_level"": ""Local formulary reference""}"
medication,1.0.0,"Medication effects, interactions, monitoring, adherence, and referral safety.",antimalarials,Antimalarials,Common antimalarial and malaria-prevention medicines used in Ethiopia and similar endemic settings.,Malaria care|Medication history|Adherence education,"{""name"": ""Quinine 50 mg Injectable"", ""description"": ""Quinine is used in Ethiopian clinical and community care settings for a clinician-directed indication. This reference supports safe prescribing, adherence review, and interaction checking."", ""drug_class"": ""Essential local formulary reference"", ""indications"": [""Clinician-directed treatment plan"", ""Routine medication review"", ""Safety screening""], ""common_side_effects"": [""Nausea"", ""Dizziness"", ""Mild abdominal discomfort""], ""serious_side_effects"": [""Severe allergic reaction"", ""Persistent vomiting"", ""Severe weakness"", ""Uncontrolled bleeding""], ""monitoring"": [""Dose and timing review"", ""Clinical symptom tracking"", ""Medication interaction screening""], ""contraindications"": [""Known severe allergy"", ""Severe hepatic or renal impairment without clinician review""], ""interactions"": [""Other medicines in the same treatment class"", ""Alcohol where relevant"", ""Traditional preparations without informed review""], ""pregnancy_lactation"": ""Use only when clinically justified and reviewed with the treating clinician."", ""population"": ""Adults and children when prescribed and clinically appropriate"", ""region"": ""Ethiopia: primary care, referral care, and local community settings"", ""safety_notes"": [""Complete the prescribed course unless instructed otherwise"", ""Urgent review is needed for shortness of breath, rash, fainting, confusion, or severe bleeding""], ""source_ref"": ""Ethiopian formulary references; WHO clinical guidance; national medication safety review"", ""evidence_level"": ""Local formulary reference""}"
medication,1.0.0,"Medication effects, interactions, monitoring, adherence, and referral safety.",antimalarials,Antimalarials,Common antimalarial and malaria-prevention medicines used in Ethiopia and similar endemic settings.,Malaria care|Medication history|Adherence education,"{""name"": ""Quinine 50 mg Oral suspension"", ""description"": ""Quinine is used in Ethiopian clinical and community care settings for a clinician-directed indication. This reference supports safe prescribing, adherence review, and interaction checking."", ""drug_class"": ""Essential local formulary reference"", ""indications"": [""Clinician-directed treatment plan"", ""Routine medication review"", ""Safety screening""], ""common_side_effects"": [""Nausea"", ""Dizziness"", ""Mild abdominal discomfort""], ""serious_side_effects"": [""Severe allergic reaction"", ""Persistent vomiting"", ""Severe weakness"", ""Uncontrolled bleeding""], ""monitoring"": [""Dose and timing review"", ""Clinical symptom tracking"", ""Medication interaction screening""], ""contraindications"": [""Known severe allergy"", ""Severe hepatic or renal impairment without clinician review""], ""interactions"": [""Other medicines in the same treatment class"", ""Alcohol where relevant"", ""Traditional preparations without informed review""], ""pregnancy_lactation"": ""Use only when clinically justified and reviewed with the treating clinician."", ""population"": ""Adults and children when prescribed and clinically appropriate"", ""region"": ""Ethiopia: primary care, referral care, and local community settings"", ""safety_notes"": [""Complete the prescribed course unless instructed otherwise"", ""Urgent review is needed for shortness of breath, rash, fainting, confusion, or severe bleeding""], ""source_ref"": ""Ethiopian formulary references; WHO clinical guidance; national medication safety review"", ""evidence_level"": ""Local formulary reference""}"
medication,1.0.0,"Medication effects, interactions, monitoring, adherence, and referral safety.",antimalarials,Antimalarials,Common antimalarial and malaria-prevention medicines used in Ethiopia and similar endemic settings.,Malaria care|Medication history|Adherence education,"{""name"": ""Quinine 50 mg Inhaler"", ""description"": ""Quinine is used in Ethiopian clinical and community care settings for a clinician-directed indication. This reference supports safe prescribing, adherence review, and interaction checking."", ""drug_class"": ""Essential local formulary reference"", ""indications"": [""Clinician-directed treatment plan"", ""Routine medication review"", ""Safety screening""], ""common_side_effects"": [""Nausea"", ""Dizziness"", ""Mild abdominal discomfort""], ""serious_side_effects"": [""Severe allergic reaction"", ""Persistent vomiting"", ""Severe weakness"", ""Uncontrolled bleeding""], ""monitoring"": [""Dose and timing review"", ""Clinical symptom tracking"", ""Medication interaction screening""], ""contraindications"": [""Known severe allergy"", ""Severe hepatic or renal impairment without clinician review""], ""interactions"": [""Other medicines in the same treatment class"", ""Alcohol where relevant"", ""Traditional preparations without informed review""], ""pregnancy_lactation"": ""Use only when clinically justified and reviewed with the treating clinician."", ""population"": ""Adults and children when prescribed and clinically appropriate"", ""region"": ""Ethiopia: primary care, referral care, and local community settings"", ""safety_notes"": [""Complete the prescribed course unless instructed otherwise"", ""Urgent review is needed for shortness of breath, rash, fainting, confusion, or severe bleeding""], ""source_ref"": ""Ethiopian formulary references; WHO clinical guidance; national medication safety review"", ""evidence_level"": ""Local formulary reference""}"
medication,1.0.0,"Medication effects, interactions, monitoring, adherence, and referral safety.",antimalarials,Antimalarials,Common antimalarial and malaria-prevention medicines used in Ethiopia and similar endemic settings.,Malaria care|Medication history|Adherence education,"{""name"": ""Quinine 100 mg Tablet"", ""description"": ""Quinine is used in Ethiopian clinical and community care settings for a clinician-directed indication. This reference supports safe prescribing, adherence review, and interaction checking."", ""drug_class"": ""Essential local formulary reference"", ""indications"": [""Clinician-directed treatment plan"", ""Routine medication review"", ""Safety screening""], ""common_side_effects"": [""Nausea"", ""Dizziness"", ""Mild abdominal discomfort""], ""serious_side_effects"": [""Severe allergic reaction"", ""Persistent vomiting"", ""Severe weakness"", ""Uncontrolled bleeding""], ""monitoring"": [""Dose and timing review"", ""Clinical symptom tracking"", ""Medication interaction screening""], ""contraindications"": [""Known severe allergy"", ""Severe hepatic or renal impairment without clinician review""], ""interactions"": [""Other medicines in the same treatment class"", ""Alcohol where relevant"", ""Traditional preparations without informed review""], ""pregnancy_lactation"": ""Use only when clinically justified and reviewed with the treating clinician."", ""population"": ""Adults and children when prescribed and clinically appropriate"", ""region"": ""Ethiopia: primary care, referral care, and local community settings"", ""safety_notes"": [""Complete the prescribed course unless instructed otherwise"", ""Urgent review is needed for shortness of breath, rash, fainting, confusion, or severe bleeding""], ""source_ref"": ""Ethiopian formulary references; WHO clinical guidance; national medication safety review"", ""evidence_level"": ""Local formulary reference""}"
medication,1.0.0,"Medication effects, interactions, monitoring, adherence, and referral safety.",antimalarials,Antimalarials,Common antimalarial and malaria-prevention medicines used in Ethiopia and similar endemic settings.,Malaria care|Medication history|Adherence education,"{""name"": ""Quinine 100 mg Capsule"", ""description"": ""Quinine is used in Ethiopian clinical and community care settings for a clinician-directed indication. This reference supports safe prescribing, adherence review, and interaction checking."", ""drug_class"": ""Essential local formulary reference"", ""indications"": [""Clinician-directed treatment plan"", ""Routine medication review"", ""Safety screening""], ""common_side_effects"": [""Nausea"", ""Dizziness"", ""Mild abdominal discomfort""], ""serious_side_effects"": [""Severe allergic reaction"", ""Persistent vomiting"", ""Severe weakness"", ""Uncontrolled bleeding""], ""monitoring"": [""Dose and timing review"", ""Clinical symptom tracking"", ""Medication interaction screening""], ""contraindications"": [""Known severe allergy"", ""Severe hepatic or renal impairment without clinician review""], ""interactions"": [""Other medicines in the same treatment class"", ""Alcohol where relevant"", ""Traditional preparations without informed review""], ""pregnancy_lactation"": ""Use only when clinically justified and reviewed with the treating clinician."", ""population"": ""Adults and children when prescribed and clinically appropriate"", ""region"": ""Ethiopia: primary care, referral care, and local community settings"", ""safety_notes"": [""Complete the prescribed course unless instructed otherwise"", ""Urgent review is needed for shortness of breath, rash, fainting, confusion, or severe bleeding""], ""source_ref"": ""Ethiopian formulary references; WHO clinical guidance; national medication safety review"", ""evidence_level"": ""Local formulary reference""}"
medication,1.0.0,"Medication effects, interactions, monitoring, adherence, and referral safety.",antimalarials,Antimalarials,Common antimalarial and malaria-prevention medicines used in Ethiopia and similar endemic settings.,Malaria care|Medication history|Adherence education,"{""name"": ""Quinine 100 mg Syrup"", ""description"": ""Quinine is used in Ethiopian clinical and community care settings for a clinician-directed indication. This reference supports safe prescribing, adherence review, and interaction checking."", ""drug_class"": ""Essential local formulary reference"", ""indications"": [""Clinician-directed treatment plan"", ""Routine medication review"", ""Safety screening""], ""common_side_effects"": [""Nausea"", ""Dizziness"", ""Mild abdominal discomfort""], ""serious_side_effects"": [""Severe allergic reaction"", ""Persistent vomiting"", ""Severe weakness"", ""Uncontrolled bleeding""], ""monitoring"": [""Dose and timing review"", ""Clinical symptom tracking"", ""Medication interaction screening""], ""contraindications"": [""Known severe allergy"", ""Severe hepatic or renal impairment without clinician review""], ""interactions"": [""Other medicines in the same treatment class"", ""Alcohol where relevant"", ""Traditional preparations without informed review""], ""pregnancy_lactation"": ""Use only when clinically justified and reviewed with the treating clinician."", ""population"": ""Adults and children when prescribed and clinically appropriate"", ""region"": ""Ethiopia: primary care, referral care, and local community settings"", ""safety_notes"": [""Complete the prescribed course unless instructed otherwise"", ""Urgent review is needed for shortness of breath, rash, fainting, confusion, or severe bleeding""], ""source_ref"": ""Ethiopian formulary references; WHO clinical guidance; national medication safety review"", ""evidence_level"": ""Local formulary reference""}"
medication,1.0.0,"Medication effects, interactions, monitoring, adherence, and referral safety.",antimalarials,Antimalarials,Common antimalarial and malaria-prevention medicines used in Ethiopia and similar endemic settings.,Malaria care|Medication history|Adherence education,"{""name"": ""Quinine 100 mg Injectable"", ""description"": ""Quinine is used in Ethiopian clinical and community care settings for a clinician-directed indication. This reference supports safe prescribing, adherence review, and interaction checking."", ""drug_class"": ""Essential local formulary reference"", ""indications"": [""Clinician-directed treatment plan"", ""Routine medication review"", ""Safety screening""], ""common_side_effects"": [""Nausea"", ""Dizziness"", ""Mild abdominal discomfort""], ""serious_side_effects"": [""Severe allergic reaction"", ""Persistent vomiting"", ""Severe weakness"", ""Uncontrolled bleeding""], ""monitoring"": [""Dose and timing review"", ""Clinical symptom tracking"", ""Medication interaction screening""], ""contraindications"": [""Known severe allergy"", ""Severe hepatic or renal impairment without clinician review""], ""interactions"": [""Other medicines in the same treatment class"", ""Alcohol where relevant"", ""Traditional preparations without informed review""], ""pregnancy_lactation"": ""Use only when clinically justified and reviewed with the treating clinician."", ""population"": ""Adults and children when prescribed and clinically appropriate"", ""region"": ""Ethiopia: primary care, referral care, and local community settings"", ""safety_notes"": [""Complete the prescribed course unless instructed otherwise"", ""Urgent review is needed for shortness of breath, rash, fainting, confusion, or severe bleeding""], ""source_ref"": ""Ethiopian formulary references; WHO clinical guidance; national medication safety review"", ""evidence_level"": ""Local formulary reference""}"
medication,1.0.0,"Medication effects, interactions, monitoring, adherence, and referral safety.",antimalarials,Antimalarials,Common antimalarial and malaria-prevention medicines used in Ethiopia and similar endemic settings.,Malaria care|Medication history|Adherence education,"{""name"": ""Quinine 100 mg Oral suspension"", ""description"": ""Quinine is used in Ethiopian clinical and community care settings for a clinician-directed indication. This reference supports safe prescribing, adherence review, and interaction checking."", ""drug_class"": ""Essential local formulary reference"", ""indications"": [""Clinician-directed treatment plan"", ""Routine medication review"", ""Safety screening""], ""common_side_effects"": [""Nausea"", ""Dizziness"", ""Mild abdominal discomfort""], ""serious_side_effects"": [""Severe allergic reaction"", ""Persistent vomiting"", ""Severe weakness"", ""Uncontrolled bleeding""], ""monitoring"": [""Dose and timing review"", ""Clinical symptom tracking"", ""Medication interaction screening""], ""contraindications"": [""Known severe allergy"", ""Severe hepatic or renal impairment without clinician review""], ""interactions"": [""Other medicines in the same treatment class"", ""Alcohol where relevant"", ""Traditional preparations without informed review""], ""pregnancy_lactation"": ""Use only when clinically justified and reviewed with the treating clinician."", ""population"": ""Adults and children when prescribed and clinically appropriate"", ""region"": ""Ethiopia: primary care, referral care, and local community settings"", ""safety_notes"": [""Complete the prescribed course unless instructed otherwise"", ""Urgent review is needed for shortness of breath, rash, fainting, confusion, or severe bleeding""], ""source_ref"": ""Ethiopian formulary references; WHO clinical guidance; national medication safety review"", ""evidence_level"": ""Local formulary reference""}"
medication,1.0.0,"Medication effects, interactions, monitoring, adherence, and referral safety.",antimalarials,Antimalarials,Common antimalarial and malaria-prevention medicines used in Ethiopia and similar endemic settings.,Malaria care|Medication history|Adherence education,"{""name"": ""Quinine 100 mg Inhaler"", ""description"": ""Quinine is used in Ethiopian clinical and community care settings for a clinician-directed indication. This reference supports safe prescribing, adherence review, and interaction checking."", ""drug_class"": ""Essential local formulary reference"", ""indications"": [""Clinician-directed treatment plan"", ""Routine medication review"", ""Safety screening""], ""common_side_effects"": [""Nausea"", ""Dizziness"", ""Mild abdominal discomfort""], ""serious_side_effects"": [""Severe allergic reaction"", ""Persistent vomiting"", ""Severe weakness"", ""Uncontrolled bleeding""], ""monitoring"": [""Dose and timing review"", ""Clinical symptom tracking"", ""Medication interaction screening""], ""contraindications"": [""Known severe allergy"", ""Severe hepatic or renal impairment without clinician review""], ""interactions"": [""Other medicines in the same treatment class"", ""Alcohol where relevant"", ""Traditional preparations without informed review""], ""pregnancy_lactation"": ""Use only when clinically justified and reviewed with the treating clinician."", ""population"": ""Adults and children when prescribed and clinically appropriate"", ""region"": ""Ethiopia: primary care, referral care, and local community settings"", ""safety_notes"": [""Complete the prescribed course unless instructed otherwise"", ""Urgent review is needed for shortness of breath, rash, fainting, confusion, or severe bleeding""], ""source_ref"": ""Ethiopian formulary references; WHO clinical guidance; national medication safety review"", ""evidence_level"": ""Local formulary reference""}"
medication,1.0.0,"Medication effects, interactions, monitoring, adherence, and referral safety.",antimalarials,Antimalarials,Common antimalarial and malaria-prevention medicines used in Ethiopia and similar endemic settings.,Malaria care|Medication history|Adherence education,"{""name"": ""Quinine 250 mg Tablet"", ""description"": ""Quinine is used in Ethiopian clinical and community care settings for a clinician-directed indication. This reference supports safe prescribing, adherence review, and interaction checking."", ""drug_class"": ""Essential local formulary reference"", ""indications"": [""Clinician-directed treatment plan"", ""Routine medication review"", ""Safety screening""], ""common_side_effects"": [""Nausea"", ""Dizziness"", ""Mild abdominal discomfort""], ""serious_side_effects"": [""Severe allergic reaction"", ""Persistent vomiting"", ""Severe weakness"", ""Uncontrolled bleeding""], ""monitoring"": [""Dose and timing review"", ""Clinical symptom tracking"", ""Medication interaction screening""], ""contraindications"": [""Known severe allergy"", ""Severe hepatic or renal impairment without clinician review""], ""interactions"": [""Other medicines in the same treatment class"", ""Alcohol where relevant"", ""Traditional preparations without informed review""], ""pregnancy_lactation"": ""Use only when clinically justified and reviewed with the treating clinician."", ""population"": ""Adults and children when prescribed and clinically appropriate"", ""region"": ""Ethiopia: primary care, referral care, and local community settings"", ""safety_notes"": [""Complete the prescribed course unless instructed otherwise"", ""Urgent review is needed for shortness of breath, rash, fainting, confusion, or severe bleeding""], ""source_ref"": ""Ethiopian formulary references; WHO clinical guidance; national medication safety review"", ""evidence_level"": ""Local formulary reference""}"
medication,1.0.0,"Medication effects, interactions, monitoring, adherence, and referral safety.",antimalarials,Antimalarials,Common antimalarial and malaria-prevention medicines used in Ethiopia and similar endemic settings.,Malaria care|Medication history|Adherence education,"{""name"": ""Quinine 250 mg Capsule"", ""description"": ""Quinine is used in Ethiopian clinical and community care settings for a clinician-directed indication. This reference supports safe prescribing, adherence review, and interaction checking."", ""drug_class"": ""Essential local formulary reference"", ""indications"": [""Clinician-directed treatment plan"", ""Routine medication review"", ""Safety screening""], ""common_side_effects"": [""Nausea"", ""Dizziness"", ""Mild abdominal discomfort""], ""serious_side_effects"": [""Severe allergic reaction"", ""Persistent vomiting"", ""Severe weakness"", ""Uncontrolled bleeding""], ""monitoring"": [""Dose and timing review"", ""Clinical symptom tracking"", ""Medication interaction screening""], ""contraindications"": [""Known severe allergy"", ""Severe hepatic or renal impairment without clinician review""], ""interactions"": [""Other medicines in the same treatment class"", ""Alcohol where relevant"", ""Traditional preparations without informed review""], ""pregnancy_lactation"": ""Use only when clinically justified and reviewed with the treating clinician."", ""population"": ""Adults and children when prescribed and clinically appropriate"", ""region"": ""Ethiopia: primary care, referral care, and local community settings"", ""safety_notes"": [""Complete the prescribed course unless instructed otherwise"", ""Urgent review is needed for shortness of breath, rash, fainting, confusion, or severe bleeding""], ""source_ref"": ""Ethiopian formulary references; WHO clinical guidance; national medication safety review"", ""evidence_level"": ""Local formulary reference""}"
medication,1.0.0,"Medication effects, interactions, monitoring, adherence, and referral safety.",antimalarials,Antimalarials,Common antimalarial and malaria-prevention medicines used in Ethiopia and similar endemic settings.,Malaria care|Medication history|Adherence education,"{""name"": ""Quinine 250 mg Syrup"", ""description"": ""Quinine is used in Ethiopian clinical and community care settings for a clinician-directed indication. This reference supports safe prescribing, adherence review, and interaction checking."", ""drug_class"": ""Essential local formulary reference"", ""indications"": [""Clinician-directed treatment plan"", ""Routine medication review"", ""Safety screening""], ""common_side_effects"": [""Nausea"", ""Dizziness"", ""Mild abdominal discomfort""], ""serious_side_effects"": [""Severe allergic reaction"", ""Persistent vomiting"", ""Severe weakness"", ""Uncontrolled bleeding""], ""monitoring"": [""Dose and timing review"", ""Clinical symptom tracking"", ""Medication interaction screening""], ""contraindications"": [""Known severe allergy"", ""Severe hepatic or renal impairment without clinician review""], ""interactions"": [""Other medicines in the same treatment class"", ""Alcohol where relevant"", ""Traditional preparations without informed review""], ""pregnancy_lactation"": ""Use only when clinically justified and reviewed with the treating clinician."", ""population"": ""Adults and children when prescribed and clinically appropriate"", ""region"": ""Ethiopia: primary care, referral care, and local community settings"", ""safety_notes"": [""Complete the prescribed course unless instructed otherwise"", ""Urgent review is needed for shortness of breath, rash, fainting, confusion, or severe bleeding""], ""source_ref"": ""Ethiopian formulary references; WHO clinical guidance; national medication safety review"", ""evidence_level"": ""Local formulary reference""}"
medication,1.0.0,"Medication effects, interactions, monitoring, adherence, and referral safety.",antimalarials,Antimalarials,Common antimalarial and malaria-prevention medicines used in Ethiopia and similar endemic settings.,Malaria care|Medication history|Adherence education,"{""name"": ""Quinine 250 mg Injectable"", ""description"": ""Quinine is used in Ethiopian clinical and community care settings for a clinician-directed indication. This reference supports safe prescribing, adherence review, and interaction checking."", ""drug_class"": ""Essential local formulary reference"", ""indications"": [""Clinician-directed treatment plan"", ""Routine medication review"", ""Safety screening""], ""common_side_effects"": [""Nausea"", ""Dizziness"", ""Mild abdominal discomfort""], ""serious_side_effects"": [""Severe allergic reaction"", ""Persistent vomiting"", ""Severe weakness"", ""Uncontrolled bleeding""], ""monitoring"": [""Dose and timing review"", ""Clinical symptom tracking"", ""Medication interaction screening""], ""contraindications"": [""Known severe allergy"", ""Severe hepatic or renal impairment without clinician review""], ""interactions"": [""Other medicines in the same treatment class"", ""Alcohol where relevant"", ""Traditional preparations without informed review""], ""pregnancy_lactation"": ""Use only when clinically justified and reviewed with the treating clinician."", ""population"": ""Adults and children when prescribed and clinically appropriate"", ""region"": ""Ethiopia: primary care, referral care, and local community settings"", ""safety_notes"": [""Complete the prescribed course unless instructed otherwise"", ""Urgent review is needed for shortness of breath, rash, fainting, confusion, or severe bleeding""], ""source_ref"": ""Ethiopian formulary references; WHO clinical guidance; national medication safety review"", ""evidence_level"": ""Local formulary reference""}"
medication,1.0.0,"Medication effects, interactions, monitoring, adherence, and referral safety.",antimalarials,Antimalarials,Common antimalarial and malaria-prevention medicines used in Ethiopia and similar endemic settings.,Malaria care|Medication history|Adherence education,"{""name"": ""Quinine 250 mg Oral suspension"", ""description"": ""Quinine is used in Ethiopian clinical and community care settings for a clinician-directed indication. This reference supports safe prescribing, adherence review, and interaction checking."", ""drug_class"": ""Essential local formulary reference"", ""indications"": [""Clinician-directed treatment plan"", ""Routine medication review"", ""Safety screening""], ""common_side_effects"": [""Nausea"", ""Dizziness"", ""Mild abdominal discomfort""], ""serious_side_effects"": [""Severe allergic reaction"", ""Persistent vomiting"", ""Severe weakness"", ""Uncontrolled bleeding""], ""monitoring"": [""Dose and timing review"", ""Clinical symptom tracking"", ""Medication interaction screening""], ""contraindications"": [""Known severe allergy"", ""Severe hepatic or renal impairment without clinician review""], ""interactions"": [""Other medicines in the same treatment class"", ""Alcohol where relevant"", ""Traditional preparations without informed review""], ""pregnancy_lactation"": ""Use only when clinically justified and reviewed with the treating clinician."", ""population"": ""Adults and children when prescribed and clinically appropriate"", ""region"": ""Ethiopia: primary care, referral care, and local community settings"", ""safety_notes"": [""Complete the prescribed course unless instructed otherwise"", ""Urgent review is needed for shortness of breath, rash, fainting, confusion, or severe bleeding""], ""source_ref"": ""Ethiopian formulary references; WHO clinical guidance; national medication safety review"", ""evidence_level"": ""Local formulary reference""}"
medication,1.0.0,"Medication effects, interactions, monitoring, adherence, and referral safety.",antimalarials,Antimalarials,Common antimalarial and malaria-prevention medicines used in Ethiopia and similar endemic settings.,Malaria care|Medication history|Adherence education,"{""name"": ""Quinine 250 mg Inhaler"", ""description"": ""Quinine is used in Ethiopian clinical and community care settings for a clinician-directed indication. This reference supports safe prescribing, adherence review, and interaction checking."", ""drug_class"": ""Essential local formulary reference"", ""indications"": [""Clinician-directed treatment plan"", ""Routine medication review"", ""Safety screening""], ""common_side_effects"": [""Nausea"", ""Dizziness"", ""Mild abdominal discomfort""], ""serious_side_effects"": [""Severe allergic reaction"", ""Persistent vomiting"", ""Severe weakness"", ""Uncontrolled bleeding""], ""monitoring"": [""Dose and timing review"", ""Clinical symptom tracking"", ""Medication interaction screening""], ""contraindications"": [""Known severe allergy"", ""Severe hepatic or renal impairment without clinician review""], ""interactions"": [""Other medicines in the same treatment class"", ""Alcohol where relevant"", ""Traditional preparations without informed review""], ""pregnancy_lactation"": ""Use only when clinically justified and reviewed with the treating clinician."", ""population"": ""Adults and children when prescribed and clinically appropriate"", ""region"": ""Ethiopia: primary care, referral care, and local community settings"", ""safety_notes"": [""Complete the prescribed course unless instructed otherwise"", ""Urgent review is needed for shortness of breath, rash, fainting, confusion, or severe bleeding""], ""source_ref"": ""Ethiopian formulary references; WHO clinical guidance; national medication safety review"", ""evidence_level"": ""Local formulary reference""}"
medication,1.0.0,"Medication effects, interactions, monitoring, adherence, and referral safety.",antimalarials,Antimalarials,Common antimalarial and malaria-prevention medicines used in Ethiopia and similar endemic settings.,Malaria care|Medication history|Adherence education,"{""name"": ""Quinine 500 mg Tablet"", ""description"": ""Quinine is used in Ethiopian clinical and community care settings for a clinician-directed indication. This reference supports safe prescribing, adherence review, and interaction checking."", ""drug_class"": ""Essential local formulary reference"", ""indications"": [""Clinician-directed treatment plan"", ""Routine medication review"", ""Safety screening""], ""common_side_effects"": [""Nausea"", ""Dizziness"", ""Mild abdominal discomfort""], ""serious_side_effects"": [""Severe allergic reaction"", ""Persistent vomiting"", ""Severe weakness"", ""Uncontrolled bleeding""], ""monitoring"": [""Dose and timing review"", ""Clinical symptom tracking"", ""Medication interaction screening""], ""contraindications"": [""Known severe allergy"", ""Severe hepatic or renal impairment without clinician review""], ""interactions"": [""Other medicines in the same treatment class"", ""Alcohol where relevant"", ""Traditional preparations without informed review""], ""pregnancy_lactation"": ""Use only when clinically justified and reviewed with the treating clinician."", ""population"": ""Adults and children when prescribed and clinically appropriate"", ""region"": ""Ethiopia: primary care, referral care, and local community settings"", ""safety_notes"": [""Complete the prescribed course unless instructed otherwise"", ""Urgent review is needed for shortness of breath, rash, fainting, confusion, or severe bleeding""], ""source_ref"": ""Ethiopian formulary references; WHO clinical guidance; national medication safety review"", ""evidence_level"": ""Local formulary reference""}"
medication,1.0.0,"Medication effects, interactions, monitoring, adherence, and referral safety.",antimalarials,Antimalarials,Common antimalarial and malaria-prevention medicines used in Ethiopia and similar endemic settings.,Malaria care|Medication history|Adherence education,"{""name"": ""Quinine 500 mg Capsule"", ""description"": ""Quinine is used in Ethiopian clinical and community care settings for a clinician-directed indication. This reference supports safe prescribing, adherence review, and interaction checking."", ""drug_class"": ""Essential local formulary reference"", ""indications"": [""Clinician-directed treatment plan"", ""Routine medication review"", ""Safety screening""], ""common_side_effects"": [""Nausea"", ""Dizziness"", ""Mild abdominal discomfort""], ""serious_side_effects"": [""Severe allergic reaction"", ""Persistent vomiting"", ""Severe weakness"", ""Uncontrolled bleeding""], ""monitoring"": [""Dose and timing review"", ""Clinical symptom tracking"", ""Medication interaction screening""], ""contraindications"": [""Known severe allergy"", ""Severe hepatic or renal impairment without clinician review""], ""interactions"": [""Other medicines in the same treatment class"", ""Alcohol where relevant"", ""Traditional preparations without informed review""], ""pregnancy_lactation"": ""Use only when clinically justified and reviewed with the treating clinician."", ""population"": ""Adults and children when prescribed and clinically appropriate"", ""region"": ""Ethiopia: primary care, referral care, and local community settings"", ""safety_notes"": [""Complete the prescribed course unless instructed otherwise"", ""Urgent review is needed for shortness of breath, rash, fainting, confusion, or severe bleeding""], ""source_ref"": ""Ethiopian formulary references; WHO clinical guidance; national medication safety review"", ""evidence_level"": ""Local formulary reference""}"
medication,1.0.0,"Medication effects, interactions, monitoring, adherence, and referral safety.",antimalarials,Antimalarials,Common antimalarial and malaria-prevention medicines used in Ethiopia and similar endemic settings.,Malaria care|Medication history|Adherence education,"{""name"": ""Quinine 500 mg Syrup"", ""description"": ""Quinine is used in Ethiopian clinical and community care settings for a clinician-directed indication. This reference supports safe prescribing, adherence review, and interaction checking."", ""drug_class"": ""Essential local formulary reference"", ""indications"": [""Clinician-directed treatment plan"", ""Routine medication review"", ""Safety screening""], ""common_side_effects"": [""Nausea"", ""Dizziness"", ""Mild abdominal discomfort""], ""serious_side_effects"": [""Severe allergic reaction"", ""Persistent vomiting"", ""Severe weakness"", ""Uncontrolled bleeding""], ""monitoring"": [""Dose and timing review"", ""Clinical symptom tracking"", ""Medication interaction screening""], ""contraindications"": [""Known severe allergy"", ""Severe hepatic or renal impairment without clinician review""], ""interactions"": [""Other medicines in the same treatment class"", ""Alcohol where relevant"", ""Traditional preparations without informed review""], ""pregnancy_lactation"": ""Use only when clinically justified and reviewed with the treating clinician."", ""population"": ""Adults and children when prescribed and clinically appropriate"", ""region"": ""Ethiopia: primary care, referral care, and local community settings"", ""safety_notes"": [""Complete the prescribed course unless instructed otherwise"", ""Urgent review is needed for shortness of breath, rash, fainting, confusion, or severe bleeding""], ""source_ref"": ""Ethiopian formulary references; WHO clinical guidance; national medication safety review"", ""evidence_level"": ""Local formulary reference""}"
medication,1.0.0,"Medication effects, interactions, monitoring, adherence, and referral safety.",antimalarials,Antimalarials,Common antimalarial and malaria-prevention medicines used in Ethiopia and similar endemic settings.,Malaria care|Medication history|Adherence education,"{""name"": ""Quinine 500 mg Injectable"", ""description"": ""Quinine is used in Ethiopian clinical and community care settings for a clinician-directed indication. This reference supports safe prescribing, adherence review, and interaction checking."", ""drug_class"": ""Essential local formulary reference"", ""indications"": [""Clinician-directed treatment plan"", ""Routine medication review"", ""Safety screening""], ""common_side_effects"": [""Nausea"", ""Dizziness"", ""Mild abdominal discomfort""], ""serious_side_effects"": [""Severe allergic reaction"", ""Persistent vomiting"", ""Severe weakness"", ""Uncontrolled bleeding""], ""monitoring"": [""Dose and timing review"", ""Clinical symptom tracking"", ""Medication interaction screening""], ""contraindications"": [""Known severe allergy"", ""Severe hepatic or renal impairment without clinician review""], ""interactions"": [""Other medicines in the same treatment class"", ""Alcohol where relevant"", ""Traditional preparations without informed review""], ""pregnancy_lactation"": ""Use only when clinically justified and reviewed with the treating clinician."", ""population"": ""Adults and children when prescribed and clinically appropriate"", ""region"": ""Ethiopia: primary care, referral care, and local community settings"", ""safety_notes"": [""Complete the prescribed course unless instructed otherwise"", ""Urgent review is needed for shortness of breath, rash, fainting, confusion, or severe bleeding""], ""source_ref"": ""Ethiopian formulary references; WHO clinical guidance; national medication safety review"", ""evidence_level"": ""Local formulary reference""}"
medication,1.0.0,"Medication effects, interactions, monitoring, adherence, and referral safety.",antimalarials,Antimalarials,Common antimalarial and malaria-prevention medicines used in Ethiopia and similar endemic settings.,Malaria care|Medication history|Adherence education,"{""name"": ""Quinine 500 mg Oral suspension"", ""description"": ""Quinine is used in Ethiopian clinical and community care settings for a clinician-directed indication. This reference supports safe prescribing, adherence review, and interaction checking."", ""drug_class"": ""Essential local formulary reference"", ""indications"": [""Clinician-directed treatment plan"", ""Routine medication review"", ""Safety screening""], ""common_side_effects"": [""Nausea"", ""Dizziness"", ""Mild abdominal discomfort""], ""serious_side_effects"": [""Severe allergic reaction"", ""Persistent vomiting"", ""Severe weakness"", ""Uncontrolled bleeding""], ""monitoring"": [""Dose and timing review"", ""Clinical symptom tracking"", ""Medication interaction screening""], ""contraindications"": [""Known severe allergy"", ""Severe hepatic or renal impairment without clinician review""], ""interactions"": [""Other medicines in the same treatment class"", ""Alcohol where relevant"", ""Traditional preparations without informed review""], ""pregnancy_lactation"": ""Use only when clinically justified and reviewed with the treating clinician."", ""population"": ""Adults and children when prescribed and clinically appropriate"", ""region"": ""Ethiopia: primary care, referral care, and local community settings"", ""safety_notes"": [""Complete the prescribed course unless instructed otherwise"", ""Urgent review is needed for shortness of breath, rash, fainting, confusion, or severe bleeding""], ""source_ref"": ""Ethiopian formulary references; WHO clinical guidance; national medication safety review"", ""evidence_level"": ""Local formulary reference""}"
medication,1.0.0,"Medication effects, interactions, monitoring, adherence, and referral safety.",antimalarials,Antimalarials,Common antimalarial and malaria-prevention medicines used in Ethiopia and similar endemic settings.,Malaria care|Medication history|Adherence education,"{""name"": ""Quinine 500 mg Inhaler"", ""description"": ""Quinine is used in Ethiopian clinical and community care settings for a clinician-directed indication. This reference supports safe prescribing, adherence review, and interaction checking."", ""drug_class"": ""Essential local formulary reference"", ""indications"": [""Clinician-directed treatment plan"", ""Routine medication review"", ""Safety screening""], ""common_side_effects"": [""Nausea"", ""Dizziness"", ""Mild abdominal discomfort""], ""serious_side_effects"": [""Severe allergic reaction"", ""Persistent vomiting"", ""Severe weakness"", ""Uncontrolled bleeding""], ""monitoring"": [""Dose and timing review"", ""Clinical symptom tracking"", ""Medication interaction screening""], ""contraindications"": [""Known severe allergy"", ""Severe hepatic or renal impairment without clinician review""], ""interactions"": [""Other medicines in the same treatment class"", ""Alcohol where relevant"", ""Traditional preparations without informed review""], ""pregnancy_lactation"": ""Use only when clinically justified and reviewed with the treating clinician."", ""population"": ""Adults and children when prescribed and clinically appropriate"", ""region"": ""Ethiopia: primary care, referral care, and local community settings"", ""safety_notes"": [""Complete the prescribed course unless instructed otherwise"", ""Urgent review is needed for shortness of breath, rash, fainting, confusion, or severe bleeding""], ""source_ref"": ""Ethiopian formulary references; WHO clinical guidance; national medication safety review"", ""evidence_level"": ""Local formulary reference""}"
medication,1.0.0,"Medication effects, interactions, monitoring, adherence, and referral safety.",antimalarials,Antimalarials,Common antimalarial and malaria-prevention medicines used in Ethiopia and similar endemic settings.,Malaria care|Medication history|Adherence education,"{""name"": ""Quinine 1 g Tablet"", ""description"": ""Quinine is used in Ethiopian clinical and community care settings for a clinician-directed indication. This reference supports safe prescribing, adherence review, and interaction checking."", ""drug_class"": ""Essential local formulary reference"", ""indications"": [""Clinician-directed treatment plan"", ""Routine medication review"", ""Safety screening""], ""common_side_effects"": [""Nausea"", ""Dizziness"", ""Mild abdominal discomfort""], ""serious_side_effects"": [""Severe allergic reaction"", ""Persistent vomiting"", ""Severe weakness"", ""Uncontrolled bleeding""], ""monitoring"": [""Dose and timing review"", ""Clinical symptom tracking"", ""Medication interaction screening""], ""contraindications"": [""Known severe allergy"", ""Severe hepatic or renal impairment without clinician review""], ""interactions"": [""Other medicines in the same treatment class"", ""Alcohol where relevant"", ""Traditional preparations without informed review""], ""pregnancy_lactation"": ""Use only when clinically justified and reviewed with the treating clinician."", ""population"": ""Adults and children when prescribed and clinically appropriate"", ""region"": ""Ethiopia: primary care, referral care, and local community settings"", ""safety_notes"": [""Complete the prescribed course unless instructed otherwise"", ""Urgent review is needed for shortness of breath, rash, fainting, confusion, or severe bleeding""], ""source_ref"": ""Ethiopian formulary references; WHO clinical guidance; national medication safety review"", ""evidence_level"": ""Local formulary reference""}"
medication,1.0.0,"Medication effects, interactions, monitoring, adherence, and referral safety.",antimalarials,Antimalarials,Common antimalarial and malaria-prevention medicines used in Ethiopia and similar endemic settings.,Malaria care|Medication history|Adherence education,"{""name"": ""Quinine 1 g Capsule"", ""description"": ""Quinine is used in Ethiopian clinical and community care settings for a clinician-directed indication. This reference supports safe prescribing, adherence review, and interaction checking."", ""drug_class"": ""Essential local formulary reference"", ""indications"": [""Clinician-directed treatment plan"", ""Routine medication review"", ""Safety screening""], ""common_side_effects"": [""Nausea"", ""Dizziness"", ""Mild abdominal discomfort""], ""serious_side_effects"": [""Severe allergic reaction"", ""Persistent vomiting"", ""Severe weakness"", ""Uncontrolled bleeding""], ""monitoring"": [""Dose and timing review"", ""Clinical symptom tracking"", ""Medication interaction screening""], ""contraindications"": [""Known severe allergy"", ""Severe hepatic or renal impairment without clinician review""], ""interactions"": [""Other medicines in the same treatment class"", ""Alcohol where relevant"", ""Traditional preparations without informed review""], ""pregnancy_lactation"": ""Use only when clinically justified and reviewed with the treating clinician."", ""population"": ""Adults and children when prescribed and clinically appropriate"", ""region"": ""Ethiopia: primary care, referral care, and local community settings"", ""safety_notes"": [""Complete the prescribed course unless instructed otherwise"", ""Urgent review is needed for shortness of breath, rash, fainting, confusion, or severe bleeding""], ""source_ref"": ""Ethiopian formulary references; WHO clinical guidance; national medication safety review"", ""evidence_level"": ""Local formulary reference""}"
medication,1.0.0,"Medication effects, interactions, monitoring, adherence, and referral safety.",antimalarials,Antimalarials,Common antimalarial and malaria-prevention medicines used in Ethiopia and similar endemic settings.,Malaria care|Medication history|Adherence education,"{""name"": ""Quinine 1 g Syrup"", ""description"": ""Quinine is used in Ethiopian clinical and community care settings for a clinician-directed indication. This reference supports safe prescribing, adherence review, and interaction checking."", ""drug_class"": ""Essential local formulary reference"", ""indications"": [""Clinician-directed treatment plan"", ""Routine medication review"", ""Safety screening""], ""common_side_effects"": [""Nausea"", ""Dizziness"", ""Mild abdominal discomfort""], ""serious_side_effects"": [""Severe allergic reaction"", ""Persistent vomiting"", ""Severe weakness"", ""Uncontrolled bleeding""], ""monitoring"": [""Dose and timing review"", ""Clinical symptom tracking"", ""Medication interaction screening""], ""contraindications"": [""Known severe allergy"", ""Severe hepatic or renal impairment without clinician review""], ""interactions"": [""Other medicines in the same treatment class"", ""Alcohol where relevant"", ""Traditional preparations without informed review""], ""pregnancy_lactation"": ""Use only when clinically justified and reviewed with the treating clinician."", ""population"": ""Adults and children when prescribed and clinically appropriate"", ""region"": ""Ethiopia: primary care, referral care, and local community settings"", ""safety_notes"": [""Complete the prescribed course unless instructed otherwise"", ""Urgent review is needed for shortness of breath, rash, fainting, confusion, or severe bleeding""], ""source_ref"": ""Ethiopian formulary references; WHO clinical guidance; national medication safety review"", ""evidence_level"": ""Local formulary reference""}"
medication,1.0.0,"Medication effects, interactions, monitoring, adherence, and referral safety.",antimalarials,Antimalarials,Common antimalarial and malaria-prevention medicines used in Ethiopia and similar endemic settings.,Malaria care|Medication history|Adherence education,"{""name"": ""Quinine 1 g Injectable"", ""description"": ""Quinine is used in Ethiopian clinical and community care settings for a clinician-directed indication. This reference supports safe prescribing, adherence review, and interaction checking."", ""drug_class"": ""Essential local formulary reference"", ""indications"": [""Clinician-directed treatment plan"", ""Routine medication review"", ""Safety screening""], ""common_side_effects"": [""Nausea"", ""Dizziness"", ""Mild abdominal discomfort""], ""serious_side_effects"": [""Severe allergic reaction"", ""Persistent vomiting"", ""Severe weakness"", ""Uncontrolled bleeding""], ""monitoring"": [""Dose and timing review"", ""Clinical symptom tracking"", ""Medication interaction screening""], ""contraindications"": [""Known severe allergy"", ""Severe hepatic or renal impairment without clinician review""], ""interactions"": [""Other medicines in the same treatment class"", ""Alcohol where relevant"", ""Traditional preparations without informed review""], ""pregnancy_lactation"": ""Use only when clinically justified and reviewed with the treating clinician."", ""population"": ""Adults and children when prescribed and clinically appropriate"", ""region"": ""Ethiopia: primary care, referral care, and local community settings"", ""safety_notes"": [""Complete the prescribed course unless instructed otherwise"", ""Urgent review is needed for shortness of breath, rash, fainting, confusion, or severe bleeding""], ""source_ref"": ""Ethiopian formulary references; WHO clinical guidance; national medication safety review"", ""evidence_level"": ""Local formulary reference""}"
medication,1.0.0,"Medication effects, interactions, monitoring, adherence, and referral safety.",antimalarials,Antimalarials,Common antimalarial and malaria-prevention medicines used in Ethiopia and similar endemic settings.,Malaria care|Medication history|Adherence education,"{""name"": ""Quinine 1 g Oral suspension"", ""description"": ""Quinine is used in Ethiopian clinical and community care settings for a clinician-directed indication. This reference supports safe prescribing, adherence review, and interaction checking."", ""drug_class"": ""Essential local formulary reference"", ""indications"": [""Clinician-directed treatment plan"", ""Routine medication review"", ""Safety screening""], ""common_side_effects"": [""Nausea"", ""Dizziness"", ""Mild abdominal discomfort""], ""serious_side_effects"": [""Severe allergic reaction"", ""Persistent vomiting"", ""Severe weakness"", ""Uncontrolled bleeding""], ""monitoring"": [""Dose and timing review"", ""Clinical symptom tracking"", ""Medication interaction screening""], ""contraindications"": [""Known severe allergy"", ""Severe hepatic or renal impairment without clinician review""], ""interactions"": [""Other medicines in the same treatment class"", ""Alcohol where relevant"", ""Traditional preparations without informed review""], ""pregnancy_lactation"": ""Use only when clinically justified and reviewed with the treating clinician."", ""population"": ""Adults and children when prescribed and clinically appropriate"", ""region"": ""Ethiopia: primary care, referral care, and local community settings"", ""safety_notes"": [""Complete the prescribed course unless instructed otherwise"", ""Urgent review is needed for shortness of breath, rash, fainting, confusion, or severe bleeding""], ""source_ref"": ""Ethiopian formulary references; WHO clinical guidance; national medication safety review"", ""evidence_level"": ""Local formulary reference""}"
medication,1.0.0,"Medication effects, interactions, monitoring, adherence, and referral safety.",antimalarials,Antimalarials,Common antimalarial and malaria-prevention medicines used in Ethiopia and similar endemic settings.,Malaria care|Medication history|Adherence education,"{""name"": ""Quinine 1 g Inhaler"", ""description"": ""Quinine is used in Ethiopian clinical and community care settings for a clinician-directed indication. This reference supports safe prescribing, adherence review, and interaction checking."", ""drug_class"": ""Essential local formulary reference"", ""indications"": [""Clinician-directed treatment plan"", ""Routine medication review"", ""Safety screening""], ""common_side_effects"": [""Nausea"", ""Dizziness"", ""Mild abdominal discomfort""], ""serious_side_effects"": [""Severe allergic reaction"", ""Persistent vomiting"", ""Severe weakness"", ""Uncontrolled bleeding""], ""monitoring"": [""Dose and timing review"", ""Clinical symptom tracking"", ""Medication interaction screening""], ""contraindications"": [""Known severe allergy"", ""Severe hepatic or renal impairment without clinician review""], ""interactions"": [""Other medicines in the same treatment class"", ""Alcohol where relevant"", ""Traditional preparations without informed review""], ""pregnancy_lactation"": ""Use only when clinically justified and reviewed with the treating clinician."", ""population"": ""Adults and children when prescribed and clinically appropriate"", ""region"": ""Ethiopia: primary care, referral care, and local community settings"", ""safety_notes"": [""Complete the prescribed course unless instructed otherwise"", ""Urgent review is needed for shortness of breath, rash, fainting, confusion, or severe bleeding""], ""source_ref"": ""Ethiopian formulary references; WHO clinical guidance; national medication safety review"", ""evidence_level"": ""Local formulary reference""}"
medication,1.0.0,"Medication effects, interactions, monitoring, adherence, and referral safety.",antimalarials,Antimalarials,Common antimalarial and malaria-prevention medicines used in Ethiopia and similar endemic settings.,Malaria care|Medication history|Adherence education,"{""name"": ""Quinine 2 g Tablet"", ""description"": ""Quinine is used in Ethiopian clinical and community care settings for a clinician-directed indication. This reference supports safe prescribing, adherence review, and interaction checking."", ""drug_class"": ""Essential local formulary reference"", ""indications"": [""Clinician-directed treatment plan"", ""Routine medication review"", ""Safety screening""], ""common_side_effects"": [""Nausea"", ""Dizziness"", ""Mild abdominal discomfort""], ""serious_side_effects"": [""Severe allergic reaction"", ""Persistent vomiting"", ""Severe weakness"", ""Uncontrolled bleeding""], ""monitoring"": [""Dose and timing review"", ""Clinical symptom tracking"", ""Medication interaction screening""], ""contraindications"": [""Known severe allergy"", ""Severe hepatic or renal impairment without clinician review""], ""interactions"": [""Other medicines in the same treatment class"", ""Alcohol where relevant"", ""Traditional preparations without informed review""], ""pregnancy_lactation"": ""Use only when clinically justified and reviewed with the treating clinician."", ""population"": ""Adults and children when prescribed and clinically appropriate"", ""region"": ""Ethiopia: primary care, referral care, and local community settings"", ""safety_notes"": [""Complete the prescribed course unless instructed otherwise"", ""Urgent review is needed for shortness of breath, rash, fainting, confusion, or severe bleeding""], ""source_ref"": ""Ethiopian formulary references; WHO clinical guidance; national medication safety review"", ""evidence_level"": ""Local formulary reference""}"
medication,1.0.0,"Medication effects, interactions, monitoring, adherence, and referral safety.",antimalarials,Antimalarials,Common antimalarial and malaria-prevention medicines used in Ethiopia and similar endemic settings.,Malaria care|Medication history|Adherence education,"{""name"": ""Quinine 2 g Capsule"", ""description"": ""Quinine is used in Ethiopian clinical and community care settings for a clinician-directed indication. This reference supports safe prescribing, adherence review, and interaction checking."", ""drug_class"": ""Essential local formulary reference"", ""indications"": [""Clinician-directed treatment plan"", ""Routine medication review"", ""Safety screening""], ""common_side_effects"": [""Nausea"", ""Dizziness"", ""Mild abdominal discomfort""], ""serious_side_effects"": [""Severe allergic reaction"", ""Persistent vomiting"", ""Severe weakness"", ""Uncontrolled bleeding""], ""monitoring"": [""Dose and timing review"", ""Clinical symptom tracking"", ""Medication interaction screening""], ""contraindications"": [""Known severe allergy"", ""Severe hepatic or renal impairment without clinician review""], ""interactions"": [""Other medicines in the same treatment class"", ""Alcohol where relevant"", ""Traditional preparations without informed review""], ""pregnancy_lactation"": ""Use only when clinically justified and reviewed with the treating clinician."", ""population"": ""Adults and children when prescribed and clinically appropriate"", ""region"": ""Ethiopia: primary care, referral care, and local community settings"", ""safety_notes"": [""Complete the prescribed course unless instructed otherwise"", ""Urgent review is needed for shortness of breath, rash, fainting, confusion, or severe bleeding""], ""source_ref"": ""Ethiopian formulary references; WHO clinical guidance; national medication safety review"", ""evidence_level"": ""Local formulary reference""}"
medication,1.0.0,"Medication effects, interactions, monitoring, adherence, and referral safety.",antimalarials,Antimalarials,Common antimalarial and malaria-prevention medicines used in Ethiopia and similar endemic settings.,Malaria care|Medication history|Adherence education,"{""name"": ""Quinine 2 g Syrup"", ""description"": ""Quinine is used in Ethiopian clinical and community care settings for a clinician-directed indication. This reference supports safe prescribing, adherence review, and interaction checking."", ""drug_class"": ""Essential local formulary reference"", ""indications"": [""Clinician-directed treatment plan"", ""Routine medication review"", ""Safety screening""], ""common_side_effects"": [""Nausea"", ""Dizziness"", ""Mild abdominal discomfort""], ""serious_side_effects"": [""Severe allergic reaction"", ""Persistent vomiting"", ""Severe weakness"", ""Uncontrolled bleeding""], ""monitoring"": [""Dose and timing review"", ""Clinical symptom tracking"", ""Medication interaction screening""], ""contraindications"": [""Known severe allergy"", ""Severe hepatic or renal impairment without clinician review""], ""interactions"": [""Other medicines in the same treatment class"", ""Alcohol where relevant"", ""Traditional preparations without informed review""], ""pregnancy_lactation"": ""Use only when clinically justified and reviewed with the treating clinician."", ""population"": ""Adults and children when prescribed and clinically appropriate"", ""region"": ""Ethiopia: primary care, referral care, and local community settings"", ""safety_notes"": [""Complete the prescribed course unless instructed otherwise"", ""Urgent review is needed for shortness of breath, rash, fainting, confusion, or severe bleeding""], ""source_ref"": ""Ethiopian formulary references; WHO clinical guidance; national medication safety review"", ""evidence_level"": ""Local formulary reference""}"
medication,1.0.0,"Medication effects, interactions, monitoring, adherence, and referral safety.",antimalarials,Antimalarials,Common antimalarial and malaria-prevention medicines used in Ethiopia and similar endemic settings.,Malaria care|Medication history|Adherence education,"{""name"": ""Quinine 2 g Injectable"", ""description"": ""Quinine is used in Ethiopian clinical and community care settings for a clinician-directed indication. This reference supports safe prescribing, adherence review, and interaction checking."", ""drug_class"": ""Essential local formulary reference"", ""indications"": [""Clinician-directed treatment plan"", ""Routine medication review"", ""Safety screening""], ""common_side_effects"": [""Nausea"", ""Dizziness"", ""Mild abdominal discomfort""], ""serious_side_effects"": [""Severe allergic reaction"", ""Persistent vomiting"", ""Severe weakness"", ""Uncontrolled bleeding""], ""monitoring"": [""Dose and timing review"", ""Clinical symptom tracking"", ""Medication interaction screening""], ""contraindications"": [""Known severe allergy"", ""Severe hepatic or renal impairment without clinician review""], ""interactions"": [""Other medicines in the same treatment class"", ""Alcohol where relevant"", ""Traditional preparations without informed review""], ""pregnancy_lactation"": ""Use only when clinically justified and reviewed with the treating clinician."", ""population"": ""Adults and children when prescribed and clinically appropriate"", ""region"": ""Ethiopia: primary care, referral care, and local community settings"", ""safety_notes"": [""Complete the prescribed course unless instructed otherwise"", ""Urgent review is needed for shortness of breath, rash, fainting, confusion, or severe bleeding""], ""source_ref"": ""Ethiopian formulary references; WHO clinical guidance; national medication safety review"", ""evidence_level"": ""Local formulary reference""}"
medication,1.0.0,"Medication effects, interactions, monitoring, adherence, and referral safety.",antimalarials,Antimalarials,Common antimalarial and malaria-prevention medicines used in Ethiopia and similar endemic settings.,Malaria care|Medication history|Adherence education,"{""name"": ""Quinine 2 g Oral suspension"", ""description"": ""Quinine is used in Ethiopian clinical and community care settings for a clinician-directed indication. This reference supports safe prescribing, adherence review, and interaction checking."", ""drug_class"": ""Essential local formulary reference"", ""indications"": [""Clinician-directed treatment plan"", ""Routine medication review"", ""Safety screening""], ""common_side_effects"": [""Nausea"", ""Dizziness"", ""Mild abdominal discomfort""], ""serious_side_effects"": [""Severe allergic reaction"", ""Persistent vomiting"", ""Severe weakness"", ""Uncontrolled bleeding""], ""monitoring"": [""Dose and timing review"", ""Clinical symptom tracking"", ""Medication interaction screening""], ""contraindications"": [""Known severe allergy"", ""Severe hepatic or renal impairment without clinician review""], ""interactions"": [""Other medicines in the same treatment class"", ""Alcohol where relevant"", ""Traditional preparations without informed review""], ""pregnancy_lactation"": ""Use only when clinically justified and reviewed with the treating clinician."", ""population"": ""Adults and children when prescribed and clinically appropriate"", ""region"": ""Ethiopia: primary care, referral care, and local community settings"", ""safety_notes"": [""Complete the prescribed course unless instructed otherwise"", ""Urgent review is needed for shortness of breath, rash, fainting, confusion, or severe bleeding""], ""source_ref"": ""Ethiopian formulary references; WHO clinical guidance; national medication safety review"", ""evidence_level"": ""Local formulary reference""}"
medication,1.0.0,"Medication effects, interactions, monitoring, adherence, and referral safety.",antimalarials,Antimalarials,Common antimalarial and malaria-prevention medicines used in Ethiopia and similar endemic settings.,Malaria care|Medication history|Adherence education,"{""name"": ""Quinine 2 g Inhaler"", ""description"": ""Quinine is used in Ethiopian clinical and community care settings for a clinician-directed indication. This reference supports safe prescribing, adherence review, and interaction checking."", ""drug_class"": ""Essential local formulary reference"", ""indications"": [""Clinician-directed treatment plan"", ""Routine medication review"", ""Safety screening""], ""common_side_effects"": [""Nausea"", ""Dizziness"", ""Mild abdominal discomfort""], ""serious_side_effects"": [""Severe allergic reaction"", ""Persistent vomiting"", ""Severe weakness"", ""Uncontrolled bleeding""], ""monitoring"": [""Dose and timing review"", ""Clinical symptom tracking"", ""Medication interaction screening""], ""contraindications"": [""Known severe allergy"", ""Severe hepatic or renal impairment without clinician review""], ""interactions"": [""Other medicines in the same treatment class"", ""Alcohol where relevant"", ""Traditional preparations without informed review""], ""pregnancy_lactation"": ""Use only when clinically justified and reviewed with the treating clinician."", ""population"": ""Adults and children when prescribed and clinically appropriate"", ""region"": ""Ethiopia: primary care, referral care, and local community settings"", ""safety_notes"": [""Complete the prescribed course unless instructed otherwise"", ""Urgent review is needed for shortness of breath, rash, fainting, confusion, or severe bleeding""], ""source_ref"": ""Ethiopian formulary references; WHO clinical guidance; national medication safety review"", ""evidence_level"": ""Local formulary reference""}"
medication,1.0.0,"Medication effects, interactions, monitoring, adherence, and referral safety.",antimalarials,Antimalarials,Common antimalarial and malaria-prevention medicines used in Ethiopia and similar endemic settings.,Malaria care|Medication history|Adherence education,"{""name"": ""Chloroquine 5 mg Tablet"", ""description"": ""Chloroquine is used in Ethiopian clinical and community care settings for a clinician-directed indication. This reference supports safe prescribing, adherence review, and interaction checking."", ""drug_class"": ""Essential local formulary reference"", ""indications"": [""Clinician-directed treatment plan"", ""Routine medication review"", ""Safety screening""], ""common_side_effects"": [""Nausea"", ""Dizziness"", ""Mild abdominal discomfort""], ""serious_side_effects"": [""Severe allergic reaction"", ""Persistent vomiting"", ""Severe weakness"", ""Uncontrolled bleeding""], ""monitoring"": [""Dose and timing review"", ""Clinical symptom tracking"", ""Medication interaction screening""], ""contraindications"": [""Known severe allergy"", ""Severe hepatic or renal impairment without clinician review""], ""interactions"": [""Other medicines in the same treatment class"", ""Alcohol where relevant"", ""Traditional preparations without informed review""], ""pregnancy_lactation"": ""Use only when clinically justified and reviewed with the treating clinician."", ""population"": ""Adults and children when prescribed and clinically appropriate"", ""region"": ""Ethiopia: primary care, referral care, and local community settings"", ""safety_notes"": [""Complete the prescribed course unless instructed otherwise"", ""Urgent review is needed for shortness of breath, rash, fainting, confusion, or severe bleeding""], ""source_ref"": ""Ethiopian formulary references; WHO clinical guidance; national medication safety review"", ""evidence_level"": ""Local formulary reference""}"
medication,1.0.0,"Medication effects, interactions, monitoring, adherence, and referral safety.",antimalarials,Antimalarials,Common antimalarial and malaria-prevention medicines used in Ethiopia and similar endemic settings.,Malaria care|Medication history|Adherence education,"{""name"": ""Chloroquine 5 mg Capsule"", ""description"": ""Chloroquine is used in Ethiopian clinical and community care settings for a clinician-directed indication. This reference supports safe prescribing, adherence review, and interaction checking."", ""drug_class"": ""Essential local formulary reference"", ""indications"": [""Clinician-directed treatment plan"", ""Routine medication review"", ""Safety screening""], ""common_side_effects"": [""Nausea"", ""Dizziness"", ""Mild abdominal discomfort""], ""serious_side_effects"": [""Severe allergic reaction"", ""Persistent vomiting"", ""Severe weakness"", ""Uncontrolled bleeding""], ""monitoring"": [""Dose and timing review"", ""Clinical symptom tracking"", ""Medication interaction screening""], ""contraindications"": [""Known severe allergy"", ""Severe hepatic or renal impairment without clinician review""], ""interactions"": [""Other medicines in the same treatment class"", ""Alcohol where relevant"", ""Traditional preparations without informed review""], ""pregnancy_lactation"": ""Use only when clinically justified and reviewed with the treating clinician."", ""population"": ""Adults and children when prescribed and clinically appropriate"", ""region"": ""Ethiopia: primary care, referral care, and local community settings"", ""safety_notes"": [""Complete the prescribed course unless instructed otherwise"", ""Urgent review is needed for shortness of breath, rash, fainting, confusion, or severe bleeding""], ""source_ref"": ""Ethiopian formulary references; WHO clinical guidance; national medication safety review"", ""evidence_level"": ""Local formulary reference""}"
medication,1.0.0,"Medication effects, interactions, monitoring, adherence, and referral safety.",antimalarials,Antimalarials,Common antimalarial and malaria-prevention medicines used in Ethiopia and similar endemic settings.,Malaria care|Medication history|Adherence education,"{""name"": ""Chloroquine 5 mg Syrup"", ""description"": ""Chloroquine is used in Ethiopian clinical and community care settings for a clinician-directed indication. This reference supports safe prescribing, adherence review, and interaction checking."", ""drug_class"": ""Essential local formulary reference"", ""indications"": [""Clinician-directed treatment plan"", ""Routine medication review"", ""Safety screening""], ""common_side_effects"": [""Nausea"", ""Dizziness"", ""Mild abdominal discomfort""], ""serious_side_effects"": [""Severe allergic reaction"", ""Persistent vomiting"", ""Severe weakness"", ""Uncontrolled bleeding""], ""monitoring"": [""Dose and timing review"", ""Clinical symptom tracking"", ""Medication interaction screening""], ""contraindications"": [""Known severe allergy"", ""Severe hepatic or renal impairment without clinician review""], ""interactions"": [""Other medicines in the same treatment class"", ""Alcohol where relevant"", ""Traditional preparations without informed review""], ""pregnancy_lactation"": ""Use only when clinically justified and reviewed with the treating clinician."", ""population"": ""Adults and children when prescribed and clinically appropriate"", ""region"": ""Ethiopia: primary care, referral care, and local community settings"", ""safety_notes"": [""Complete the prescribed course unless instructed otherwise"", ""Urgent review is needed for shortness of breath, rash, fainting, confusion, or severe bleeding""], ""source_ref"": ""Ethiopian formulary references; WHO clinical guidance; national medication safety review"", ""evidence_level"": ""Local formulary reference""}"
medication,1.0.0,"Medication effects, interactions, monitoring, adherence, and referral safety.",antimalarials,Antimalarials,Common antimalarial and malaria-prevention medicines used in Ethiopia and similar endemic settings.,Malaria care|Medication history|Adherence education,"{""name"": ""Chloroquine 5 mg Injectable"", ""description"": ""Chloroquine is used in Ethiopian clinical and community care settings for a clinician-directed indication. This reference supports safe prescribing, adherence review, and interaction checking."", ""drug_class"": ""Essential local formulary reference"", ""indications"": [""Clinician-directed treatment plan"", ""Routine medication review"", ""Safety screening""], ""common_side_effects"": [""Nausea"", ""Dizziness"", ""Mild abdominal discomfort""], ""serious_side_effects"": [""Severe allergic reaction"", ""Persistent vomiting"", ""Severe weakness"", ""Uncontrolled bleeding""], ""monitoring"": [""Dose and timing review"", ""Clinical symptom tracking"", ""Medication interaction screening""], ""contraindications"": [""Known severe allergy"", ""Severe hepatic or renal impairment without clinician review""], ""interactions"": [""Other medicines in the same treatment class"", ""Alcohol where relevant"", ""Traditional preparations without informed review""], ""pregnancy_lactation"": ""Use only when clinically justified and reviewed with the treating clinician."", ""population"": ""Adults and children when prescribed and clinically appropriate"", ""region"": ""Ethiopia: primary care, referral care, and local community settings"", ""safety_notes"": [""Complete the prescribed course unless instructed otherwise"", ""Urgent review is needed for shortness of breath, rash, fainting, confusion, or severe bleeding""], ""source_ref"": ""Ethiopian formulary references; WHO clinical guidance; national medication safety review"", ""evidence_level"": ""Local formulary reference""}"
medication,1.0.0,"Medication effects, interactions, monitoring, adherence, and referral safety.",antimalarials,Antimalarials,Common antimalarial and malaria-prevention medicines used in Ethiopia and similar endemic settings.,Malaria care|Medication history|Adherence education,"{""name"": ""Chloroquine 5 mg Oral suspension"", ""description"": ""Chloroquine is used in Ethiopian clinical and community care settings for a clinician-directed indication. This reference supports safe prescribing, adherence review, and interaction checking."", ""drug_class"": ""Essential local formulary reference"", ""indications"": [""Clinician-directed treatment plan"", ""Routine medication review"", ""Safety screening""], ""common_side_effects"": [""Nausea"", ""Dizziness"", ""Mild abdominal discomfort""], ""serious_side_effects"": [""Severe allergic reaction"", ""Persistent vomiting"", ""Severe weakness"", ""Uncontrolled bleeding""], ""monitoring"": [""Dose and timing review"", ""Clinical symptom tracking"", ""Medication interaction screening""], ""contraindications"": [""Known severe allergy"", ""Severe hepatic or renal impairment without clinician review""], ""interactions"": [""Other medicines in the same treatment class"", ""Alcohol where relevant"", ""Traditional preparations without informed review""], ""pregnancy_lactation"": ""Use only when clinically justified and reviewed with the treating clinician."", ""population"": ""Adults and children when prescribed and clinically appropriate"", ""region"": ""Ethiopia: primary care, referral care, and local community settings"", ""safety_notes"": [""Complete the prescribed course unless instructed otherwise"", ""Urgent review is needed for shortness of breath, rash, fainting, confusion, or severe bleeding""], ""source_ref"": ""Ethiopian formulary references; WHO clinical guidance; national medication safety review"", ""evidence_level"": ""Local formulary reference""}"
medication,1.0.0,"Medication effects, interactions, monitoring, adherence, and referral safety.",antimalarials,Antimalarials,Common antimalarial and malaria-prevention medicines used in Ethiopia and similar endemic settings.,Malaria care|Medication history|Adherence education,"{""name"": ""Chloroquine 5 mg Inhaler"", ""description"": ""Chloroquine is used in Ethiopian clinical and community care settings for a clinician-directed indication. This reference supports safe prescribing, adherence review, and interaction checking."", ""drug_class"": ""Essential local formulary reference"", ""indications"": [""Clinician-directed treatment plan"", ""Routine medication review"", ""Safety screening""], ""common_side_effects"": [""Nausea"", ""Dizziness"", ""Mild abdominal discomfort""], ""serious_side_effects"": [""Severe allergic reaction"", ""Persistent vomiting"", ""Severe weakness"", ""Uncontrolled bleeding""], ""monitoring"": [""Dose and timing review"", ""Clinical symptom tracking"", ""Medication interaction screening""], ""contraindications"": [""Known severe allergy"", ""Severe hepatic or renal impairment without clinician review""], ""interactions"": [""Other medicines in the same treatment class"", ""Alcohol where relevant"", ""Traditional preparations without informed review""], ""pregnancy_lactation"": ""Use only when clinically justified and reviewed with the treating clinician."", ""population"": ""Adults and children when prescribed and clinically appropriate"", ""region"": ""Ethiopia: primary care, referral care, and local community settings"", ""safety_notes"": [""Complete the prescribed course unless instructed otherwise"", ""Urgent review is needed for shortness of breath, rash, fainting, confusion, or severe bleeding""], ""source_ref"": ""Ethiopian formulary references; WHO clinical guidance; national medication safety review"", ""evidence_level"": ""Local formulary reference""}"
medication,1.0.0,"Medication effects, interactions, monitoring, adherence, and referral safety.",antimalarials,Antimalarials,Common antimalarial and malaria-prevention medicines used in Ethiopia and similar endemic settings.,Malaria care|Medication history|Adherence education,"{""name"": ""Chloroquine 10 mg Tablet"", ""description"": ""Chloroquine is used in Ethiopian clinical and community care settings for a clinician-directed indication. This reference supports safe prescribing, adherence review, and interaction checking."", ""drug_class"": ""Essential local formulary reference"", ""indications"": [""Clinician-directed treatment plan"", ""Routine medication review"", ""Safety screening""], ""common_side_effects"": [""Nausea"", ""Dizziness"", ""Mild abdominal discomfort""], ""serious_side_effects"": [""Severe allergic reaction"", ""Persistent vomiting"", ""Severe weakness"", ""Uncontrolled bleeding""], ""monitoring"": [""Dose and timing review"", ""Clinical symptom tracking"", ""Medication interaction screening""], ""contraindications"": [""Known severe allergy"", ""Severe hepatic or renal impairment without clinician review""], ""interactions"": [""Other medicines in the same treatment class"", ""Alcohol where relevant"", ""Traditional preparations without informed review""], ""pregnancy_lactation"": ""Use only when clinically justified and reviewed with the treating clinician."", ""population"": ""Adults and children when prescribed and clinically appropriate"", ""region"": ""Ethiopia: primary care, referral care, and local community settings"", ""safety_notes"": [""Complete the prescribed course unless instructed otherwise"", ""Urgent review is needed for shortness of breath, rash, fainting, confusion, or severe bleeding""], ""source_ref"": ""Ethiopian formulary references; WHO clinical guidance; national medication safety review"", ""evidence_level"": ""Local formulary reference""}"
medication,1.0.0,"Medication effects, interactions, monitoring, adherence, and referral safety.",antimalarials,Antimalarials,Common antimalarial and malaria-prevention medicines used in Ethiopia and similar endemic settings.,Malaria care|Medication history|Adherence education,"{""name"": ""Chloroquine 10 mg Capsule"", ""description"": ""Chloroquine is used in Ethiopian clinical and community care settings for a clinician-directed indication. This reference supports safe prescribing, adherence review, and interaction checking."", ""drug_class"": ""Essential local formulary reference"", ""indications"": [""Clinician-directed treatment plan"", ""Routine medication review"", ""Safety screening""], ""common_side_effects"": [""Nausea"", ""Dizziness"", ""Mild abdominal discomfort""], ""serious_side_effects"": [""Severe allergic reaction"", ""Persistent vomiting"", ""Severe weakness"", ""Uncontrolled bleeding""], ""monitoring"": [""Dose and timing review"", ""Clinical symptom tracking"", ""Medication interaction screening""], ""contraindications"": [""Known severe allergy"", ""Severe hepatic or renal impairment without clinician review""], ""interactions"": [""Other medicines in the same treatment class"", ""Alcohol where relevant"", ""Traditional preparations without informed review""], ""pregnancy_lactation"": ""Use only when clinically justified and reviewed with the treating clinician."", ""population"": ""Adults and children when prescribed and clinically appropriate"", ""region"": ""Ethiopia: primary care, referral care, and local community settings"", ""safety_notes"": [""Complete the prescribed course unless instructed otherwise"", ""Urgent review is needed for shortness of breath, rash, fainting, confusion, or severe bleeding""], ""source_ref"": ""Ethiopian formulary references; WHO clinical guidance; national medication safety review"", ""evidence_level"": ""Local formulary reference""}"
medication,1.0.0,"Medication effects, interactions, monitoring, adherence, and referral safety.",antimalarials,Antimalarials,Common antimalarial and malaria-prevention medicines used in Ethiopia and similar endemic settings.,Malaria care|Medication history|Adherence education,"{""name"": ""Chloroquine 10 mg Syrup"", ""description"": ""Chloroquine is used in Ethiopian clinical and community care settings for a clinician-directed indication. This reference supports safe prescribing, adherence review, and interaction checking."", ""drug_class"": ""Essential local formulary reference"", ""indications"": [""Clinician-directed treatment plan"", ""Routine medication review"", ""Safety screening""], ""common_side_effects"": [""Nausea"", ""Dizziness"", ""Mild abdominal discomfort""], ""serious_side_effects"": [""Severe allergic reaction"", ""Persistent vomiting"", ""Severe weakness"", ""Uncontrolled bleeding""], ""monitoring"": [""Dose and timing review"", ""Clinical symptom tracking"", ""Medication interaction screening""], ""contraindications"": [""Known severe allergy"", ""Severe hepatic or renal impairment without clinician review""], ""interactions"": [""Other medicines in the same treatment class"", ""Alcohol where relevant"", ""Traditional preparations without informed review""], ""pregnancy_lactation"": ""Use only when clinically justified and reviewed with the treating clinician."", ""population"": ""Adults and children when prescribed and clinically appropriate"", ""region"": ""Ethiopia: primary care, referral care, and local community settings"", ""safety_notes"": [""Complete the prescribed course unless instructed otherwise"", ""Urgent review is needed for shortness of breath, rash, fainting, confusion, or severe bleeding""], ""source_ref"": ""Ethiopian formulary references; WHO clinical guidance; national medication safety review"", ""evidence_level"": ""Local formulary reference""}"
medication,1.0.0,"Medication effects, interactions, monitoring, adherence, and referral safety.",antimalarials,Antimalarials,Common antimalarial and malaria-prevention medicines used in Ethiopia and similar endemic settings.,Malaria care|Medication history|Adherence education,"{""name"": ""Chloroquine 10 mg Injectable"", ""description"": ""Chloroquine is used in Ethiopian clinical and community care settings for a clinician-directed indication. This reference supports safe prescribing, adherence review, and interaction checking."", ""drug_class"": ""Essential local formulary reference"", ""indications"": [""Clinician-directed treatment plan"", ""Routine medication review"", ""Safety screening""], ""common_side_effects"": [""Nausea"", ""Dizziness"", ""Mild abdominal discomfort""], ""serious_side_effects"": [""Severe allergic reaction"", ""Persistent vomiting"", ""Severe weakness"", ""Uncontrolled bleeding""], ""monitoring"": [""Dose and timing review"", ""Clinical symptom tracking"", ""Medication interaction screening""], ""contraindications"": [""Known severe allergy"", ""Severe hepatic or renal impairment without clinician review""], ""interactions"": [""Other medicines in the same treatment class"", ""Alcohol where relevant"", ""Traditional preparations without informed review""], ""pregnancy_lactation"": ""Use only when clinically justified and reviewed with the treating clinician."", ""population"": ""Adults and children when prescribed and clinically appropriate"", ""region"": ""Ethiopia: primary care, referral care, and local community settings"", ""safety_notes"": [""Complete the prescribed course unless instructed otherwise"", ""Urgent review is needed for shortness of breath, rash, fainting, confusion, or severe bleeding""], ""source_ref"": ""Ethiopian formulary references; WHO clinical guidance; national medication safety review"", ""evidence_level"": ""Local formulary reference""}"
medication,1.0.0,"Medication effects, interactions, monitoring, adherence, and referral safety.",antimalarials,Antimalarials,Common antimalarial and malaria-prevention medicines used in Ethiopia and similar endemic settings.,Malaria care|Medication history|Adherence education,"{""name"": ""Chloroquine 10 mg Oral suspension"", ""description"": ""Chloroquine is used in Ethiopian clinical and community care settings for a clinician-directed indication. This reference supports safe prescribing, adherence review, and interaction checking."", ""drug_class"": ""Essential local formulary reference"", ""indications"": [""Clinician-directed treatment plan"", ""Routine medication review"", ""Safety screening""], ""common_side_effects"": [""Nausea"", ""Dizziness"", ""Mild abdominal discomfort""], ""serious_side_effects"": [""Severe allergic reaction"", ""Persistent vomiting"", ""Severe weakness"", ""Uncontrolled bleeding""], ""monitoring"": [""Dose and timing review"", ""Clinical symptom tracking"", ""Medication interaction screening""], ""contraindications"": [""Known severe allergy"", ""Severe hepatic or renal impairment without clinician review""], ""interactions"": [""Other medicines in the same treatment class"", ""Alcohol where relevant"", ""Traditional preparations without informed review""], ""pregnancy_lactation"": ""Use only when clinically justified and reviewed with the treating clinician."", ""population"": ""Adults and children when prescribed and clinically appropriate"", ""region"": ""Ethiopia: primary care, referral care, and local community settings"", ""safety_notes"": [""Complete the prescribed course unless instructed otherwise"", ""Urgent review is needed for shortness of breath, rash, fainting, confusion, or severe bleeding""], ""source_ref"": ""Ethiopian formulary references; WHO clinical guidance; national medication safety review"", ""evidence_level"": ""Local formulary reference""}"
medication,1.0.0,"Medication effects, interactions, monitoring, adherence, and referral safety.",antimalarials,Antimalarials,Common antimalarial and malaria-prevention medicines used in Ethiopia and similar endemic settings.,Malaria care|Medication history|Adherence education,"{""name"": ""Chloroquine 10 mg Inhaler"", ""description"": ""Chloroquine is used in Ethiopian clinical and community care settings for a clinician-directed indication. This reference supports safe prescribing, adherence review, and interaction checking."", ""drug_class"": ""Essential local formulary reference"", ""indications"": [""Clinician-directed treatment plan"", ""Routine medication review"", ""Safety screening""], ""common_side_effects"": [""Nausea"", ""Dizziness"", ""Mild abdominal discomfort""], ""serious_side_effects"": [""Severe allergic reaction"", ""Persistent vomiting"", ""Severe weakness"", ""Uncontrolled bleeding""], ""monitoring"": [""Dose and timing review"", ""Clinical symptom tracking"", ""Medication interaction screening""], ""contraindications"": [""Known severe allergy"", ""Severe hepatic or renal impairment without clinician review""], ""interactions"": [""Other medicines in the same treatment class"", ""Alcohol where relevant"", ""Traditional preparations without informed review""], ""pregnancy_lactation"": ""Use only when clinically justified and reviewed with the treating clinician."", ""population"": ""Adults and children when prescribed and clinically appropriate"", ""region"": ""Ethiopia: primary care, referral care, and local community settings"", ""safety_notes"": [""Complete the prescribed course unless instructed otherwise"", ""Urgent review is needed for shortness of breath, rash, fainting, confusion, or severe bleeding""], ""source_ref"": ""Ethiopian formulary references; WHO clinical guidance; national medication safety review"", ""evidence_level"": ""Local formulary reference""}"
medication,1.0.0,"Medication effects, interactions, monitoring, adherence, and referral safety.",antimalarials,Antimalarials,Common antimalarial and malaria-prevention medicines used in Ethiopia and similar endemic settings.,Malaria care|Medication history|Adherence education,"{""name"": ""Chloroquine 25 mg Tablet"", ""description"": ""Chloroquine is used in Ethiopian clinical and community care settings for a clinician-directed indication. This reference supports safe prescribing, adherence review, and interaction checking."", ""drug_class"": ""Essential local formulary reference"", ""indications"": [""Clinician-directed treatment plan"", ""Routine medication review"", ""Safety screening""], ""common_side_effects"": [""Nausea"", ""Dizziness"", ""Mild abdominal discomfort""], ""serious_side_effects"": [""Severe allergic reaction"", ""Persistent vomiting"", ""Severe weakness"", ""Uncontrolled bleeding""], ""monitoring"": [""Dose and timing review"", ""Clinical symptom tracking"", ""Medication interaction screening""], ""contraindications"": [""Known severe allergy"", ""Severe hepatic or renal impairment without clinician review""], ""interactions"": [""Other medicines in the same treatment class"", ""Alcohol where relevant"", ""Traditional preparations without informed review""], ""pregnancy_lactation"": ""Use only when clinically justified and reviewed with the treating clinician."", ""population"": ""Adults and children when prescribed and clinically appropriate"", ""region"": ""Ethiopia: primary care, referral care, and local community settings"", ""safety_notes"": [""Complete the prescribed course unless instructed otherwise"", ""Urgent review is needed for shortness of breath, rash, fainting, confusion, or severe bleeding""], ""source_ref"": ""Ethiopian formulary references; WHO clinical guidance; national medication safety review"", ""evidence_level"": ""Local formulary reference""}"
medication,1.0.0,"Medication effects, interactions, monitoring, adherence, and referral safety.",antimalarials,Antimalarials,Common antimalarial and malaria-prevention medicines used in Ethiopia and similar endemic settings.,Malaria care|Medication history|Adherence education,"{""name"": ""Chloroquine 25 mg Capsule"", ""description"": ""Chloroquine is used in Ethiopian clinical and community care settings for a clinician-directed indication. This reference supports safe prescribing, adherence review, and interaction checking."", ""drug_class"": ""Essential local formulary reference"", ""indications"": [""Clinician-directed treatment plan"", ""Routine medication review"", ""Safety screening""], ""common_side_effects"": [""Nausea"", ""Dizziness"", ""Mild abdominal discomfort""], ""serious_side_effects"": [""Severe allergic reaction"", ""Persistent vomiting"", ""Severe weakness"", ""Uncontrolled bleeding""], ""monitoring"": [""Dose and timing review"", ""Clinical symptom tracking"", ""Medication interaction screening""], ""contraindications"": [""Known severe allergy"", ""Severe hepatic or renal impairment without clinician review""], ""interactions"": [""Other medicines in the same treatment class"", ""Alcohol where relevant"", ""Traditional preparations without informed review""], ""pregnancy_lactation"": ""Use only when clinically justified and reviewed with the treating clinician."", ""population"": ""Adults and children when prescribed and clinically appropriate"", ""region"": ""Ethiopia: primary care, referral care, and local community settings"", ""safety_notes"": [""Complete the prescribed course unless instructed otherwise"", ""Urgent review is needed for shortness of breath, rash, fainting, confusion, or severe bleeding""], ""source_ref"": ""Ethiopian formulary references; WHO clinical guidance; national medication safety review"", ""evidence_level"": ""Local formulary reference""}"
medication,1.0.0,"Medication effects, interactions, monitoring, adherence, and referral safety.",antimalarials,Antimalarials,Common antimalarial and malaria-prevention medicines used in Ethiopia and similar endemic settings.,Malaria care|Medication history|Adherence education,"{""name"": ""Chloroquine 25 mg Syrup"", ""description"": ""Chloroquine is used in Ethiopian clinical and community care settings for a clinician-directed indication. This reference supports safe prescribing, adherence review, and interaction checking."", ""drug_class"": ""Essential local formulary reference"", ""indications"": [""Clinician-directed treatment plan"", ""Routine medication review"", ""Safety screening""], ""common_side_effects"": [""Nausea"", ""Dizziness"", ""Mild abdominal discomfort""], ""serious_side_effects"": [""Severe allergic reaction"", ""Persistent vomiting"", ""Severe weakness"", ""Uncontrolled bleeding""], ""monitoring"": [""Dose and timing review"", ""Clinical symptom tracking"", ""Medication interaction screening""], ""contraindications"": [""Known severe allergy"", ""Severe hepatic or renal impairment without clinician review""], ""interactions"": [""Other medicines in the same treatment class"", ""Alcohol where relevant"", ""Traditional preparations without informed review""], ""pregnancy_lactation"": ""Use only when clinically justified and reviewed with the treating clinician."", ""population"": ""Adults and children when prescribed and clinically appropriate"", ""region"": ""Ethiopia: primary care, referral care, and local community settings"", ""safety_notes"": [""Complete the prescribed course unless instructed otherwise"", ""Urgent review is needed for shortness of breath, rash, fainting, confusion, or severe bleeding""], ""source_ref"": ""Ethiopian formulary references; WHO clinical guidance; national medication safety review"", ""evidence_level"": ""Local formulary reference""}"
medication,1.0.0,"Medication effects, interactions, monitoring, adherence, and referral safety.",antimalarials,Antimalarials,Common antimalarial and malaria-prevention medicines used in Ethiopia and similar endemic settings.,Malaria care|Medication history|Adherence education,"{""name"": ""Chloroquine 25 mg Injectable"", ""description"": ""Chloroquine is used in Ethiopian clinical and community care settings for a clinician-directed indication. This reference supports safe prescribing, adherence review, and interaction checking."", ""drug_class"": ""Essential local formulary reference"", ""indications"": [""Clinician-directed treatment plan"", ""Routine medication review"", ""Safety screening""], ""common_side_effects"": [""Nausea"", ""Dizziness"", ""Mild abdominal discomfort""], ""serious_side_effects"": [""Severe allergic reaction"", ""Persistent vomiting"", ""Severe weakness"", ""Uncontrolled bleeding""], ""monitoring"": [""Dose and timing review"", ""Clinical symptom tracking"", ""Medication interaction screening""], ""contraindications"": [""Known severe allergy"", ""Severe hepatic or renal impairment without clinician review""], ""interactions"": [""Other medicines in the same treatment class"", ""Alcohol where relevant"", ""Traditional preparations without informed review""], ""pregnancy_lactation"": ""Use only when clinically justified and reviewed with the treating clinician."", ""population"": ""Adults and children when prescribed and clinically appropriate"", ""region"": ""Ethiopia: primary care, referral care, and local community settings"", ""safety_notes"": [""Complete the prescribed course unless instructed otherwise"", ""Urgent review is needed for shortness of breath, rash, fainting, confusion, or severe bleeding""], ""source_ref"": ""Ethiopian formulary references; WHO clinical guidance; national medication safety review"", ""evidence_level"": ""Local formulary reference""}"
medication,1.0.0,"Medication effects, interactions, monitoring, adherence, and referral safety.",antimalarials,Antimalarials,Common antimalarial and malaria-prevention medicines used in Ethiopia and similar endemic settings.,Malaria care|Medication history|Adherence education,"{""name"": ""Chloroquine 25 mg Oral suspension"", ""description"": ""Chloroquine is used in Ethiopian clinical and community care settings for a clinician-directed indication. This reference supports safe prescribing, adherence review, and interaction checking."", ""drug_class"": ""Essential local formulary reference"", ""indications"": [""Clinician-directed treatment plan"", ""Routine medication review"", ""Safety screening""], ""common_side_effects"": [""Nausea"", ""Dizziness"", ""Mild abdominal discomfort""], ""serious_side_effects"": [""Severe allergic reaction"", ""Persistent vomiting"", ""Severe weakness"", ""Uncontrolled bleeding""], ""monitoring"": [""Dose and timing review"", ""Clinical symptom tracking"", ""Medication interaction screening""], ""contraindications"": [""Known severe allergy"", ""Severe hepatic or renal impairment without clinician review""], ""interactions"": [""Other medicines in the same treatment class"", ""Alcohol where relevant"", ""Traditional preparations without informed review""], ""pregnancy_lactation"": ""Use only when clinically justified and reviewed with the treating clinician."", ""population"": ""Adults and children when prescribed and clinically appropriate"", ""region"": ""Ethiopia: primary care, referral care, and local community settings"", ""safety_notes"": [""Complete the prescribed course unless instructed otherwise"", ""Urgent review is needed for shortness of breath, rash, fainting, confusion, or severe bleeding""], ""source_ref"": ""Ethiopian formulary references; WHO clinical guidance; national medication safety review"", ""evidence_level"": ""Local formulary reference""}"
medication,1.0.0,"Medication effects, interactions, monitoring, adherence, and referral safety.",antimalarials,Antimalarials,Common antimalarial and malaria-prevention medicines used in Ethiopia and similar endemic settings.,Malaria care|Medication history|Adherence education,"{""name"": ""Chloroquine 25 mg Inhaler"", ""description"": ""Chloroquine is used in Ethiopian clinical and community care settings for a clinician-directed indication. This reference supports safe prescribing, adherence review, and interaction checking."", ""drug_class"": ""Essential local formulary reference"", ""indications"": [""Clinician-directed treatment plan"", ""Routine medication review"", ""Safety screening""], ""common_side_effects"": [""Nausea"", ""Dizziness"", ""Mild abdominal discomfort""], ""serious_side_effects"": [""Severe allergic reaction"", ""Persistent vomiting"", ""Severe weakness"", ""Uncontrolled bleeding""], ""monitoring"": [""Dose and timing review"", ""Clinical symptom tracking"", ""Medication interaction screening""], ""contraindications"": [""Known severe allergy"", ""Severe hepatic or renal impairment without clinician review""], ""interactions"": [""Other medicines in the same treatment class"", ""Alcohol where relevant"", ""Traditional preparations without informed review""], ""pregnancy_lactation"": ""Use only when clinically justified and reviewed with the treating clinician."", ""population"": ""Adults and children when prescribed and clinically appropriate"", ""region"": ""Ethiopia: primary care, referral care, and local community settings"", ""safety_notes"": [""Complete the prescribed course unless instructed otherwise"", ""Urgent review is needed for shortness of breath, rash, fainting, confusion, or severe bleeding""], ""source_ref"": ""Ethiopian formulary references; WHO clinical guidance; national medication safety review"", ""evidence_level"": ""Local formulary reference""}"
medication,1.0.0,"Medication effects, interactions, monitoring, adherence, and referral safety.",antimalarials,Antimalarials,Common antimalarial and malaria-prevention medicines used in Ethiopia and similar endemic settings.,Malaria care|Medication history|Adherence education,"{""name"": ""Chloroquine 50 mg Tablet"", ""description"": ""Chloroquine is used in Ethiopian clinical and community care settings for a clinician-directed indication. This reference supports safe prescribing, adherence review, and interaction checking."", ""drug_class"": ""Essential local formulary reference"", ""indications"": [""Clinician-directed treatment plan"", ""Routine medication review"", ""Safety screening""], ""common_side_effects"": [""Nausea"", ""Dizziness"", ""Mild abdominal discomfort""], ""serious_side_effects"": [""Severe allergic reaction"", ""Persistent vomiting"", ""Severe weakness"", ""Uncontrolled bleeding""], ""monitoring"": [""Dose and timing review"", ""Clinical symptom tracking"", ""Medication interaction screening""], ""contraindications"": [""Known severe allergy"", ""Severe hepatic or renal impairment without clinician review""], ""interactions"": [""Other medicines in the same treatment class"", ""Alcohol where relevant"", ""Traditional preparations without informed review""], ""pregnancy_lactation"": ""Use only when clinically justified and reviewed with the treating clinician."", ""population"": ""Adults and children when prescribed and clinically appropriate"", ""region"": ""Ethiopia: primary care, referral care, and local community settings"", ""safety_notes"": [""Complete the prescribed course unless instructed otherwise"", ""Urgent review is needed for shortness of breath, rash, fainting, confusion, or severe bleeding""], ""source_ref"": ""Ethiopian formulary references; WHO clinical guidance; national medication safety review"", ""evidence_level"": ""Local formulary reference""}"
medication,1.0.0,"Medication effects, interactions, monitoring, adherence, and referral safety.",antimalarials,Antimalarials,Common antimalarial and malaria-prevention medicines used in Ethiopia and similar endemic settings.,Malaria care|Medication history|Adherence education,"{""name"": ""Chloroquine 50 mg Capsule"", ""description"": ""Chloroquine is used in Ethiopian clinical and community care settings for a clinician-directed indication. This reference supports safe prescribing, adherence review, and interaction checking."", ""drug_class"": ""Essential local formulary reference"", ""indications"": [""Clinician-directed treatment plan"", ""Routine medication review"", ""Safety screening""], ""common_side_effects"": [""Nausea"", ""Dizziness"", ""Mild abdominal discomfort""], ""serious_side_effects"": [""Severe allergic reaction"", ""Persistent vomiting"", ""Severe weakness"", ""Uncontrolled bleeding""], ""monitoring"": [""Dose and timing review"", ""Clinical symptom tracking"", ""Medication interaction screening""], ""contraindications"": [""Known severe allergy"", ""Severe hepatic or renal impairment without clinician review""], ""interactions"": [""Other medicines in the same treatment class"", ""Alcohol where relevant"", ""Traditional preparations without informed review""], ""pregnancy_lactation"": ""Use only when clinically justified and reviewed with the treating clinician."", ""population"": ""Adults and children when prescribed and clinically appropriate"", ""region"": ""Ethiopia: primary care, referral care, and local community settings"", ""safety_notes"": [""Complete the prescribed course unless instructed otherwise"", ""Urgent review is needed for shortness of breath, rash, fainting, confusion, or severe bleeding""], ""source_ref"": ""Ethiopian formulary references; WHO clinical guidance; national medication safety review"", ""evidence_level"": ""Local formulary reference""}"
medication,1.0.0,"Medication effects, interactions, monitoring, adherence, and referral safety.",antimalarials,Antimalarials,Common antimalarial and malaria-prevention medicines used in Ethiopia and similar endemic settings.,Malaria care|Medication history|Adherence education,"{""name"": ""Chloroquine 50 mg Syrup"", ""description"": ""Chloroquine is used in Ethiopian clinical and community care settings for a clinician-directed indication. This reference supports safe prescribing, adherence review, and interaction checking."", ""drug_class"": ""Essential local formulary reference"", ""indications"": [""Clinician-directed treatment plan"", ""Routine medication review"", ""Safety screening""], ""common_side_effects"": [""Nausea"", ""Dizziness"", ""Mild abdominal discomfort""], ""serious_side_effects"": [""Severe allergic reaction"", ""Persistent vomiting"", ""Severe weakness"", ""Uncontrolled bleeding""], ""monitoring"": [""Dose and timing review"", ""Clinical symptom tracking"", ""Medication interaction screening""], ""contraindications"": [""Known severe allergy"", ""Severe hepatic or renal impairment without clinician review""], ""interactions"": [""Other medicines in the same treatment class"", ""Alcohol where relevant"", ""Traditional preparations without informed review""], ""pregnancy_lactation"": ""Use only when clinically justified and reviewed with the treating clinician."", ""population"": ""Adults and children when prescribed and clinically appropriate"", ""region"": ""Ethiopia: primary care, referral care, and local community settings"", ""safety_notes"": [""Complete the prescribed course unless instructed otherwise"", ""Urgent review is needed for shortness of breath, rash, fainting, confusion, or severe bleeding""], ""source_ref"": ""Ethiopian formulary references; WHO clinical guidance; national medication safety review"", ""evidence_level"": ""Local formulary reference""}"
medication,1.0.0,"Medication effects, interactions, monitoring, adherence, and referral safety.",antimalarials,Antimalarials,Common antimalarial and malaria-prevention medicines used in Ethiopia and similar endemic settings.,Malaria care|Medication history|Adherence education,"{""name"": ""Chloroquine 50 mg Injectable"", ""description"": ""Chloroquine is used in Ethiopian clinical and community care settings for a clinician-directed indication. This reference supports safe prescribing, adherence review, and interaction checking."", ""drug_class"": ""Essential local formulary reference"", ""indications"": [""Clinician-directed treatment plan"", ""Routine medication review"", ""Safety screening""], ""common_side_effects"": [""Nausea"", ""Dizziness"", ""Mild abdominal discomfort""], ""serious_side_effects"": [""Severe allergic reaction"", ""Persistent vomiting"", ""Severe weakness"", ""Uncontrolled bleeding""], ""monitoring"": [""Dose and timing review"", ""Clinical symptom tracking"", ""Medication interaction screening""], ""contraindications"": [""Known severe allergy"", ""Severe hepatic or renal impairment without clinician review""], ""interactions"": [""Other medicines in the same treatment class"", ""Alcohol where relevant"", ""Traditional preparations without informed review""], ""pregnancy_lactation"": ""Use only when clinically justified and reviewed with the treating clinician."", ""population"": ""Adults and children when prescribed and clinically appropriate"", ""region"": ""Ethiopia: primary care, referral care, and local community settings"", ""safety_notes"": [""Complete the prescribed course unless instructed otherwise"", ""Urgent review is needed for shortness of breath, rash, fainting, confusion, or severe bleeding""], ""source_ref"": ""Ethiopian formulary references; WHO clinical guidance; national medication safety review"", ""evidence_level"": ""Local formulary reference""}"
medication,1.0.0,"Medication effects, interactions, monitoring, adherence, and referral safety.",antimalarials,Antimalarials,Common antimalarial and malaria-prevention medicines used in Ethiopia and similar endemic settings.,Malaria care|Medication history|Adherence education,"{""name"": ""Chloroquine 50 mg Oral suspension"", ""description"": ""Chloroquine is used in Ethiopian clinical and community care settings for a clinician-directed indication. This reference supports safe prescribing, adherence review, and interaction checking."", ""drug_class"": ""Essential local formulary reference"", ""indications"": [""Clinician-directed treatment plan"", ""Routine medication review"", ""Safety screening""], ""common_side_effects"": [""Nausea"", ""Dizziness"", ""Mild abdominal discomfort""], ""serious_side_effects"": [""Severe allergic reaction"", ""Persistent vomiting"", ""Severe weakness"", ""Uncontrolled bleeding""], ""monitoring"": [""Dose and timing review"", ""Clinical symptom tracking"", ""Medication interaction screening""], ""contraindications"": [""Known severe allergy"", ""Severe hepatic or renal impairment without clinician review""], ""interactions"": [""Other medicines in the same treatment class"", ""Alcohol where relevant"", ""Traditional preparations without informed review""], ""pregnancy_lactation"": ""Use only when clinically justified and reviewed with the treating clinician."", ""population"": ""Adults and children when prescribed and clinically appropriate"", ""region"": ""Ethiopia: primary care, referral care, and local community settings"", ""safety_notes"": [""Complete the prescribed course unless instructed otherwise"", ""Urgent review is needed for shortness of breath, rash, fainting, confusion, or severe bleeding""], ""source_ref"": ""Ethiopian formulary references; WHO clinical guidance; national medication safety review"", ""evidence_level"": ""Local formulary reference""}"
medication,1.0.0,"Medication effects, interactions, monitoring, adherence, and referral safety.",antimalarials,Antimalarials,Common antimalarial and malaria-prevention medicines used in Ethiopia and similar endemic settings.,Malaria care|Medication history|Adherence education,"{""name"": ""Chloroquine 50 mg Inhaler"", ""description"": ""Chloroquine is used in Ethiopian clinical and community care settings for a clinician-directed indication. This reference supports safe prescribing, adherence review, and interaction checking."", ""drug_class"": ""Essential local formulary reference"", ""indications"": [""Clinician-directed treatment plan"", ""Routine medication review"", ""Safety screening""], ""common_side_effects"": [""Nausea"", ""Dizziness"", ""Mild abdominal discomfort""], ""serious_side_effects"": [""Severe allergic reaction"", ""Persistent vomiting"", ""Severe weakness"", ""Uncontrolled bleeding""], ""monitoring"": [""Dose and timing review"", ""Clinical symptom tracking"", ""Medication interaction screening""], ""contraindications"": [""Known severe allergy"", ""Severe hepatic or renal impairment without clinician review""], ""interactions"": [""Other medicines in the same treatment class"", ""Alcohol where relevant"", ""Traditional preparations without informed review""], ""pregnancy_lactation"": ""Use only when clinically justified and reviewed with the treating clinician."", ""population"": ""Adults and children when prescribed and clinically appropriate"", ""region"": ""Ethiopia: primary care, referral care, and local community settings"", ""safety_notes"": [""Complete the prescribed course unless instructed otherwise"", ""Urgent review is needed for shortness of breath, rash, fainting, confusion, or severe bleeding""], ""source_ref"": ""Ethiopian formulary references; WHO clinical guidance; national medication safety review"", ""evidence_level"": ""Local formulary reference""}"
medication,1.0.0,"Medication effects, interactions, monitoring, adherence, and referral safety.",antimalarials,Antimalarials,Common antimalarial and malaria-prevention medicines used in Ethiopia and similar endemic settings.,Malaria care|Medication history|Adherence education,"{""name"": ""Chloroquine 100 mg Tablet"", ""description"": ""Chloroquine is used in Ethiopian clinical and community care settings for a clinician-directed indication. This reference supports safe prescribing, adherence review, and interaction checking."", ""drug_class"": ""Essential local formulary reference"", ""indications"": [""Clinician-directed treatment plan"", ""Routine medication review"", ""Safety screening""], ""common_side_effects"": [""Nausea"", ""Dizziness"", ""Mild abdominal discomfort""], ""serious_side_effects"": [""Severe allergic reaction"", ""Persistent vomiting"", ""Severe weakness"", ""Uncontrolled bleeding""], ""monitoring"": [""Dose and timing review"", ""Clinical symptom tracking"", ""Medication interaction screening""], ""contraindications"": [""Known severe allergy"", ""Severe hepatic or renal impairment without clinician review""], ""interactions"": [""Other medicines in the same treatment class"", ""Alcohol where relevant"", ""Traditional preparations without informed review""], ""pregnancy_lactation"": ""Use only when clinically justified and reviewed with the treating clinician."", ""population"": ""Adults and children when prescribed and clinically appropriate"", ""region"": ""Ethiopia: primary care, referral care, and local community settings"", ""safety_notes"": [""Complete the prescribed course unless instructed otherwise"", ""Urgent review is needed for shortness of breath, rash, fainting, confusion, or severe bleeding""], ""source_ref"": ""Ethiopian formulary references; WHO clinical guidance; national medication safety review"", ""evidence_level"": ""Local formulary reference""}"
medication,1.0.0,"Medication effects, interactions, monitoring, adherence, and referral safety.",antimalarials,Antimalarials,Common antimalarial and malaria-prevention medicines used in Ethiopia and similar endemic settings.,Malaria care|Medication history|Adherence education,"{""name"": ""Chloroquine 100 mg Capsule"", ""description"": ""Chloroquine is used in Ethiopian clinical and community care settings for a clinician-directed indication. This reference supports safe prescribing, adherence review, and interaction checking."", ""drug_class"": ""Essential local formulary reference"", ""indications"": [""Clinician-directed treatment plan"", ""Routine medication review"", ""Safety screening""], ""common_side_effects"": [""Nausea"", ""Dizziness"", ""Mild abdominal discomfort""], ""serious_side_effects"": [""Severe allergic reaction"", ""Persistent vomiting"", ""Severe weakness"", ""Uncontrolled bleeding""], ""monitoring"": [""Dose and timing review"", ""Clinical symptom tracking"", ""Medication interaction screening""], ""contraindications"": [""Known severe allergy"", ""Severe hepatic or renal impairment without clinician review""], ""interactions"": [""Other medicines in the same treatment class"", ""Alcohol where relevant"", ""Traditional preparations without informed review""], ""pregnancy_lactation"": ""Use only when clinically justified and reviewed with the treating clinician."", ""population"": ""Adults and children when prescribed and clinically appropriate"", ""region"": ""Ethiopia: primary care, referral care, and local community settings"", ""safety_notes"": [""Complete the prescribed course unless instructed otherwise"", ""Urgent review is needed for shortness of breath, rash, fainting, confusion, or severe bleeding""], ""source_ref"": ""Ethiopian formulary references; WHO clinical guidance; national medication safety review"", ""evidence_level"": ""Local formulary reference""}"
medication,1.0.0,"Medication effects, interactions, monitoring, adherence, and referral safety.",antimalarials,Antimalarials,Common antimalarial and malaria-prevention medicines used in Ethiopia and similar endemic settings.,Malaria care|Medication history|Adherence education,"{""name"": ""Chloroquine 100 mg Syrup"", ""description"": ""Chloroquine is used in Ethiopian clinical and community care settings for a clinician-directed indication. This reference supports safe prescribing, adherence review, and interaction checking."", ""drug_class"": ""Essential local formulary reference"", ""indications"": [""Clinician-directed treatment plan"", ""Routine medication review"", ""Safety screening""], ""common_side_effects"": [""Nausea"", ""Dizziness"", ""Mild abdominal discomfort""], ""serious_side_effects"": [""Severe allergic reaction"", ""Persistent vomiting"", ""Severe weakness"", ""Uncontrolled bleeding""], ""monitoring"": [""Dose and timing review"", ""Clinical symptom tracking"", ""Medication interaction screening""], ""contraindications"": [""Known severe allergy"", ""Severe hepatic or renal impairment without clinician review""], ""interactions"": [""Other medicines in the same treatment class"", ""Alcohol where relevant"", ""Traditional preparations without informed review""], ""pregnancy_lactation"": ""Use only when clinically justified and reviewed with the treating clinician."", ""population"": ""Adults and children when prescribed and clinically appropriate"", ""region"": ""Ethiopia: primary care, referral care, and local community settings"", ""safety_notes"": [""Complete the prescribed course unless instructed otherwise"", ""Urgent review is needed for shortness of breath, rash, fainting, confusion, or severe bleeding""], ""source_ref"": ""Ethiopian formulary references; WHO clinical guidance; national medication safety review"", ""evidence_level"": ""Local formulary reference""}"
medication,1.0.0,"Medication effects, interactions, monitoring, adherence, and referral safety.",antimalarials,Antimalarials,Common antimalarial and malaria-prevention medicines used in Ethiopia and similar endemic settings.,Malaria care|Medication history|Adherence education,"{""name"": ""Chloroquine 100 mg Injectable"", ""description"": ""Chloroquine is used in Ethiopian clinical and community care settings for a clinician-directed indication. This reference supports safe prescribing, adherence review, and interaction checking."", ""drug_class"": ""Essential local formulary reference"", ""indications"": [""Clinician-directed treatment plan"", ""Routine medication review"", ""Safety screening""], ""common_side_effects"": [""Nausea"", ""Dizziness"", ""Mild abdominal discomfort""], ""serious_side_effects"": [""Severe allergic reaction"", ""Persistent vomiting"", ""Severe weakness"", ""Uncontrolled bleeding""], ""monitoring"": [""Dose and timing review"", ""Clinical symptom tracking"", ""Medication interaction screening""], ""contraindications"": [""Known severe allergy"", ""Severe hepatic or renal impairment without clinician review""], ""interactions"": [""Other medicines in the same treatment class"", ""Alcohol where relevant"", ""Traditional preparations without informed review""], ""pregnancy_lactation"": ""Use only when clinically justified and reviewed with the treating clinician."", ""population"": ""Adults and children when prescribed and clinically appropriate"", ""region"": ""Ethiopia: primary care, referral care, and local community settings"", ""safety_notes"": [""Complete the prescribed course unless instructed otherwise"", ""Urgent review is needed for shortness of breath, rash, fainting, confusion, or severe bleeding""], ""source_ref"": ""Ethiopian formulary references; WHO clinical guidance; national medication safety review"", ""evidence_level"": ""Local formulary reference""}"
medication,1.0.0,"Medication effects, interactions, monitoring, adherence, and referral safety.",antimalarials,Antimalarials,Common antimalarial and malaria-prevention medicines used in Ethiopia and similar endemic settings.,Malaria care|Medication history|Adherence education,"{""name"": ""Chloroquine 100 mg Oral suspension"", ""description"": ""Chloroquine is used in Ethiopian clinical and community care settings for a clinician-directed indication. This reference supports safe prescribing, adherence review, and interaction checking."", ""drug_class"": ""Essential local formulary reference"", ""indications"": [""Clinician-directed treatment plan"", ""Routine medication review"", ""Safety screening""], ""common_side_effects"": [""Nausea"", ""Dizziness"", ""Mild abdominal discomfort""], ""serious_side_effects"": [""Severe allergic reaction"", ""Persistent vomiting"", ""Severe weakness"", ""Uncontrolled bleeding""], ""monitoring"": [""Dose and timing review"", ""Clinical symptom tracking"", ""Medication interaction screening""], ""contraindications"": [""Known severe allergy"", ""Severe hepatic or renal impairment without clinician review""], ""interactions"": [""Other medicines in the same treatment class"", ""Alcohol where relevant"", ""Traditional preparations without informed review""], ""pregnancy_lactation"": ""Use only when clinically justified and reviewed with the treating clinician."", ""population"": ""Adults and children when prescribed and clinically appropriate"", ""region"": ""Ethiopia: primary care, referral care, and local community settings"", ""safety_notes"": [""Complete the prescribed course unless instructed otherwise"", ""Urgent review is needed for shortness of breath, rash, fainting, confusion, or severe bleeding""], ""source_ref"": ""Ethiopian formulary references; WHO clinical guidance; national medication safety review"", ""evidence_level"": ""Local formulary reference""}"
medication,1.0.0,"Medication effects, interactions, monitoring, adherence, and referral safety.",antimalarials,Antimalarials,Common antimalarial and malaria-prevention medicines used in Ethiopia and similar endemic settings.,Malaria care|Medication history|Adherence education,"{""name"": ""Chloroquine 100 mg Inhaler"", ""description"": ""Chloroquine is used in Ethiopian clinical and community care settings for a clinician-directed indication. This reference supports safe prescribing, adherence review, and interaction checking."", ""drug_class"": ""Essential local formulary reference"", ""indications"": [""Clinician-directed treatment plan"", ""Routine medication review"", ""Safety screening""], ""common_side_effects"": [""Nausea"", ""Dizziness"", ""Mild abdominal discomfort""], ""serious_side_effects"": [""Severe allergic reaction"", ""Persistent vomiting"", ""Severe weakness"", ""Uncontrolled bleeding""], ""monitoring"": [""Dose and timing review"", ""Clinical symptom tracking"", ""Medication interaction screening""], ""contraindications"": [""Known severe allergy"", ""Severe hepatic or renal impairment without clinician review""], ""interactions"": [""Other medicines in the same treatment class"", ""Alcohol where relevant"", ""Traditional preparations without informed review""], ""pregnancy_lactation"": ""Use only when clinically justified and reviewed with the treating clinician."", ""population"": ""Adults and children when prescribed and clinically appropriate"", ""region"": ""Ethiopia: primary care, referral care, and local community settings"", ""safety_notes"": [""Complete the prescribed course unless instructed otherwise"", ""Urgent review is needed for shortness of breath, rash, fainting, confusion, or severe bleeding""], ""source_ref"": ""Ethiopian formulary references; WHO clinical guidance; national medication safety review"", ""evidence_level"": ""Local formulary reference""}"
medication,1.0.0,"Medication effects, interactions, monitoring, adherence, and referral safety.",antimalarials,Antimalarials,Common antimalarial and malaria-prevention medicines used in Ethiopia and similar endemic settings.,Malaria care|Medication history|Adherence education,"{""name"": ""Chloroquine 250 mg Tablet"", ""description"": ""Chloroquine is used in Ethiopian clinical and community care settings for a clinician-directed indication. This reference supports safe prescribing, adherence review, and interaction checking."", ""drug_class"": ""Essential local formulary reference"", ""indications"": [""Clinician-directed treatment plan"", ""Routine medication review"", ""Safety screening""], ""common_side_effects"": [""Nausea"", ""Dizziness"", ""Mild abdominal discomfort""], ""serious_side_effects"": [""Severe allergic reaction"", ""Persistent vomiting"", ""Severe weakness"", ""Uncontrolled bleeding""], ""monitoring"": [""Dose and timing review"", ""Clinical symptom tracking"", ""Medication interaction screening""], ""contraindications"": [""Known severe allergy"", ""Severe hepatic or renal impairment without clinician review""], ""interactions"": [""Other medicines in the same treatment class"", ""Alcohol where relevant"", ""Traditional preparations without informed review""], ""pregnancy_lactation"": ""Use only when clinically justified and reviewed with the treating clinician."", ""population"": ""Adults and children when prescribed and clinically appropriate"", ""region"": ""Ethiopia: primary care, referral care, and local community settings"", ""safety_notes"": [""Complete the prescribed course unless instructed otherwise"", ""Urgent review is needed for shortness of breath, rash, fainting, confusion, or severe bleeding""], ""source_ref"": ""Ethiopian formulary references; WHO clinical guidance; national medication safety review"", ""evidence_level"": ""Local formulary reference""}"
medication,1.0.0,"Medication effects, interactions, monitoring, adherence, and referral safety.",antimalarials,Antimalarials,Common antimalarial and malaria-prevention medicines used in Ethiopia and similar endemic settings.,Malaria care|Medication history|Adherence education,"{""name"": ""Chloroquine 250 mg Capsule"", ""description"": ""Chloroquine is used in Ethiopian clinical and community care settings for a clinician-directed indication. This reference supports safe prescribing, adherence review, and interaction checking."", ""drug_class"": ""Essential local formulary reference"", ""indications"": [""Clinician-directed treatment plan"", ""Routine medication review"", ""Safety screening""], ""common_side_effects"": [""Nausea"", ""Dizziness"", ""Mild abdominal discomfort""], ""serious_side_effects"": [""Severe allergic reaction"", ""Persistent vomiting"", ""Severe weakness"", ""Uncontrolled bleeding""], ""monitoring"": [""Dose and timing review"", ""Clinical symptom tracking"", ""Medication interaction screening""], ""contraindications"": [""Known severe allergy"", ""Severe hepatic or renal impairment without clinician review""], ""interactions"": [""Other medicines in the same treatment class"", ""Alcohol where relevant"", ""Traditional preparations without informed review""], ""pregnancy_lactation"": ""Use only when clinically justified and reviewed with the treating clinician."", ""population"": ""Adults and children when prescribed and clinically appropriate"", ""region"": ""Ethiopia: primary care, referral care, and local community settings"", ""safety_notes"": [""Complete the prescribed course unless instructed otherwise"", ""Urgent review is needed for shortness of breath, rash, fainting, confusion, or severe bleeding""], ""source_ref"": ""Ethiopian formulary references; WHO clinical guidance; national medication safety review"", ""evidence_level"": ""Local formulary reference""}"
medication,1.0.0,"Medication effects, interactions, monitoring, adherence, and referral safety.",antimalarials,Antimalarials,Common antimalarial and malaria-prevention medicines used in Ethiopia and similar endemic settings.,Malaria care|Medication history|Adherence education,"{""name"": ""Chloroquine 250 mg Syrup"", ""description"": ""Chloroquine is used in Ethiopian clinical and community care settings for a clinician-directed indication. This reference supports safe prescribing, adherence review, and interaction checking."", ""drug_class"": ""Essential local formulary reference"", ""indications"": [""Clinician-directed treatment plan"", ""Routine medication review"", ""Safety screening""], ""common_side_effects"": [""Nausea"", ""Dizziness"", ""Mild abdominal discomfort""], ""serious_side_effects"": [""Severe allergic reaction"", ""Persistent vomiting"", ""Severe weakness"", ""Uncontrolled bleeding""], ""monitoring"": [""Dose and timing review"", ""Clinical symptom tracking"", ""Medication interaction screening""], ""contraindications"": [""Known severe allergy"", ""Severe hepatic or renal impairment without clinician review""], ""interactions"": [""Other medicines in the same treatment class"", ""Alcohol where relevant"", ""Traditional preparations without informed review""], ""pregnancy_lactation"": ""Use only when clinically justified and reviewed with the treating clinician."", ""population"": ""Adults and children when prescribed and clinically appropriate"", ""region"": ""Ethiopia: primary care, referral care, and local community settings"", ""safety_notes"": [""Complete the prescribed course unless instructed otherwise"", ""Urgent review is needed for shortness of breath, rash, fainting, confusion, or severe bleeding""], ""source_ref"": ""Ethiopian formulary references; WHO clinical guidance; national medication safety review"", ""evidence_level"": ""Local formulary reference""}"
medication,1.0.0,"Medication effects, interactions, monitoring, adherence, and referral safety.",antimalarials,Antimalarials,Common antimalarial and malaria-prevention medicines used in Ethiopia and similar endemic settings.,Malaria care|Medication history|Adherence education,"{""name"": ""Chloroquine 250 mg Injectable"", ""description"": ""Chloroquine is used in Ethiopian clinical and community care settings for a clinician-directed indication. This reference supports safe prescribing, adherence review, and interaction checking."", ""drug_class"": ""Essential local formulary reference"", ""indications"": [""Clinician-directed treatment plan"", ""Routine medication review"", ""Safety screening""], ""common_side_effects"": [""Nausea"", ""Dizziness"", ""Mild abdominal discomfort""], ""serious_side_effects"": [""Severe allergic reaction"", ""Persistent vomiting"", ""Severe weakness"", ""Uncontrolled bleeding""], ""monitoring"": [""Dose and timing review"", ""Clinical symptom tracking"", ""Medication interaction screening""], ""contraindications"": [""Known severe allergy"", ""Severe hepatic or renal impairment without clinician review""], ""interactions"": [""Other medicines in the same treatment class"", ""Alcohol where relevant"", ""Traditional preparations without informed review""], ""pregnancy_lactation"": ""Use only when clinically justified and reviewed with the treating clinician."", ""population"": ""Adults and children when prescribed and clinically appropriate"", ""region"": ""Ethiopia: primary care, referral care, and local community settings"", ""safety_notes"": [""Complete the prescribed course unless instructed otherwise"", ""Urgent review is needed for shortness of breath, rash, fainting, confusion, or severe bleeding""], ""source_ref"": ""Ethiopian formulary references; WHO clinical guidance; national medication safety review"", ""evidence_level"": ""Local formulary reference""}"
medication,1.0.0,"Medication effects, interactions, monitoring, adherence, and referral safety.",antimalarials,Antimalarials,Common antimalarial and malaria-prevention medicines used in Ethiopia and similar endemic settings.,Malaria care|Medication history|Adherence education,"{""name"": ""Chloroquine 250 mg Oral suspension"", ""description"": ""Chloroquine is used in Ethiopian clinical and community care settings for a clinician-directed indication. This reference supports safe prescribing, adherence review, and interaction checking."", ""drug_class"": ""Essential local formulary reference"", ""indications"": [""Clinician-directed treatment plan"", ""Routine medication review"", ""Safety screening""], ""common_side_effects"": [""Nausea"", ""Dizziness"", ""Mild abdominal discomfort""], ""serious_side_effects"": [""Severe allergic reaction"", ""Persistent vomiting"", ""Severe weakness"", ""Uncontrolled bleeding""], ""monitoring"": [""Dose and timing review"", ""Clinical symptom tracking"", ""Medication interaction screening""], ""contraindications"": [""Known severe allergy"", ""Severe hepatic or renal impairment without clinician review""], ""interactions"": [""Other medicines in the same treatment class"", ""Alcohol where relevant"", ""Traditional preparations without informed review""], ""pregnancy_lactation"": ""Use only when clinically justified and reviewed with the treating clinician."", ""population"": ""Adults and children when prescribed and clinically appropriate"", ""region"": ""Ethiopia: primary care, referral care, and local community settings"", ""safety_notes"": [""Complete the prescribed course unless instructed otherwise"", ""Urgent review is needed for shortness of breath, rash, fainting, confusion, or severe bleeding""], ""source_ref"": ""Ethiopian formulary references; WHO clinical guidance; national medication safety review"", ""evidence_level"": ""Local formulary reference""}"
medication,1.0.0,"Medication effects, interactions, monitoring, adherence, and referral safety.",antimalarials,Antimalarials,Common antimalarial and malaria-prevention medicines used in Ethiopia and similar endemic settings.,Malaria care|Medication history|Adherence education,"{""name"": ""Chloroquine 250 mg Inhaler"", ""description"": ""Chloroquine is used in Ethiopian clinical and community care settings for a clinician-directed indication. This reference supports safe prescribing, adherence review, and interaction checking."", ""drug_class"": ""Essential local formulary reference"", ""indications"": [""Clinician-directed treatment plan"", ""Routine medication review"", ""Safety screening""], ""common_side_effects"": [""Nausea"", ""Dizziness"", ""Mild abdominal discomfort""], ""serious_side_effects"": [""Severe allergic reaction"", ""Persistent vomiting"", ""Severe weakness"", ""Uncontrolled bleeding""], ""monitoring"": [""Dose and timing review"", ""Clinical symptom tracking"", ""Medication interaction screening""], ""contraindications"": [""Known severe allergy"", ""Severe hepatic or renal impairment without clinician review""], ""interactions"": [""Other medicines in the same treatment class"", ""Alcohol where relevant"", ""Traditional preparations without informed review""], ""pregnancy_lactation"": ""Use only when clinically justified and reviewed with the treating clinician."", ""population"": ""Adults and children when prescribed and clinically appropriate"", ""region"": ""Ethiopia: primary care, referral care, and local community settings"", ""safety_notes"": [""Complete the prescribed course unless instructed otherwise"", ""Urgent review is needed for shortness of breath, rash, fainting, confusion, or severe bleeding""], ""source_ref"": ""Ethiopian formulary references; WHO clinical guidance; national medication safety review"", ""evidence_level"": ""Local formulary reference""}"
medication,1.0.0,"Medication effects, interactions, monitoring, adherence, and referral safety.",antimalarials,Antimalarials,Common antimalarial and malaria-prevention medicines used in Ethiopia and similar endemic settings.,Malaria care|Medication history|Adherence education,"{""name"": ""Chloroquine 500 mg Tablet"", ""description"": ""Chloroquine is used in Ethiopian clinical and community care settings for a clinician-directed indication. This reference supports safe prescribing, adherence review, and interaction checking."", ""drug_class"": ""Essential local formulary reference"", ""indications"": [""Clinician-directed treatment plan"", ""Routine medication review"", ""Safety screening""], ""common_side_effects"": [""Nausea"", ""Dizziness"", ""Mild abdominal discomfort""], ""serious_side_effects"": [""Severe allergic reaction"", ""Persistent vomiting"", ""Severe weakness"", ""Uncontrolled bleeding""], ""monitoring"": [""Dose and timing review"", ""Clinical symptom tracking"", ""Medication interaction screening""], ""contraindications"": [""Known severe allergy"", ""Severe hepatic or renal impairment without clinician review""], ""interactions"": [""Other medicines in the same treatment class"", ""Alcohol where relevant"", ""Traditional preparations without informed review""], ""pregnancy_lactation"": ""Use only when clinically justified and reviewed with the treating clinician."", ""population"": ""Adults and children when prescribed and clinically appropriate"", ""region"": ""Ethiopia: primary care, referral care, and local community settings"", ""safety_notes"": [""Complete the prescribed course unless instructed otherwise"", ""Urgent review is needed for shortness of breath, rash, fainting, confusion, or severe bleeding""], ""source_ref"": ""Ethiopian formulary references; WHO clinical guidance; national medication safety review"", ""evidence_level"": ""Local formulary reference""}"
medication,1.0.0,"Medication effects, interactions, monitoring, adherence, and referral safety.",antimalarials,Antimalarials,Common antimalarial and malaria-prevention medicines used in Ethiopia and similar endemic settings.,Malaria care|Medication history|Adherence education,"{""name"": ""Chloroquine 500 mg Capsule"", ""description"": ""Chloroquine is used in Ethiopian clinical and community care settings for a clinician-directed indication. This reference supports safe prescribing, adherence review, and interaction checking."", ""drug_class"": ""Essential local formulary reference"", ""indications"": [""Clinician-directed treatment plan"", ""Routine medication review"", ""Safety screening""], ""common_side_effects"": [""Nausea"", ""Dizziness"", ""Mild abdominal discomfort""], ""serious_side_effects"": [""Severe allergic reaction"", ""Persistent vomiting"", ""Severe weakness"", ""Uncontrolled bleeding""], ""monitoring"": [""Dose and timing review"", ""Clinical symptom tracking"", ""Medication interaction screening""], ""contraindications"": [""Known severe allergy"", ""Severe hepatic or renal impairment without clinician review""], ""interactions"": [""Other medicines in the same treatment class"", ""Alcohol where relevant"", ""Traditional preparations without informed review""], ""pregnancy_lactation"": ""Use only when clinically justified and reviewed with the treating clinician."", ""population"": ""Adults and children when prescribed and clinically appropriate"", ""region"": ""Ethiopia: primary care, referral care, and local community settings"", ""safety_notes"": [""Complete the prescribed course unless instructed otherwise"", ""Urgent review is needed for shortness of breath, rash, fainting, confusion, or severe bleeding""], ""source_ref"": ""Ethiopian formulary references; WHO clinical guidance; national medication safety review"", ""evidence_level"": ""Local formulary reference""}"
medication,1.0.0,"Medication effects, interactions, monitoring, adherence, and referral safety.",antimalarials,Antimalarials,Common antimalarial and malaria-prevention medicines used in Ethiopia and similar endemic settings.,Malaria care|Medication history|Adherence education,"{""name"": ""Chloroquine 500 mg Syrup"", ""description"": ""Chloroquine is used in Ethiopian clinical and community care settings for a clinician-directed indication. This reference supports safe prescribing, adherence review, and interaction checking."", ""drug_class"": ""Essential local formulary reference"", ""indications"": [""Clinician-directed treatment plan"", ""Routine medication review"", ""Safety screening""], ""common_side_effects"": [""Nausea"", ""Dizziness"", ""Mild abdominal discomfort""], ""serious_side_effects"": [""Severe allergic reaction"", ""Persistent vomiting"", ""Severe weakness"", ""Uncontrolled bleeding""], ""monitoring"": [""Dose and timing review"", ""Clinical symptom tracking"", ""Medication interaction screening""], ""contraindications"": [""Known severe allergy"", ""Severe hepatic or renal impairment without clinician review""], ""interactions"": [""Other medicines in the same treatment class"", ""Alcohol where relevant"", ""Traditional preparations without informed review""], ""pregnancy_lactation"": ""Use only when clinically justified and reviewed with the treating clinician."", ""population"": ""Adults and children when prescribed and clinically appropriate"", ""region"": ""Ethiopia: primary care, referral care, and local community settings"", ""safety_notes"": [""Complete the prescribed course unless instructed otherwise"", ""Urgent review is needed for shortness of breath, rash, fainting, confusion, or severe bleeding""], ""source_ref"": ""Ethiopian formulary references; WHO clinical guidance; national medication safety review"", ""evidence_level"": ""Local formulary reference""}"
medication,1.0.0,"Medication effects, interactions, monitoring, adherence, and referral safety.",antimalarials,Antimalarials,Common antimalarial and malaria-prevention medicines used in Ethiopia and similar endemic settings.,Malaria care|Medication history|Adherence education,"{""name"": ""Chloroquine 500 mg Injectable"", ""description"": ""Chloroquine is used in Ethiopian clinical and community care settings for a clinician-directed indication. This reference supports safe prescribing, adherence review, and interaction checking."", ""drug_class"": ""Essential local formulary reference"", ""indications"": [""Clinician-directed treatment plan"", ""Routine medication review"", ""Safety screening""], ""common_side_effects"": [""Nausea"", ""Dizziness"", ""Mild abdominal discomfort""], ""serious_side_effects"": [""Severe allergic reaction"", ""Persistent vomiting"", ""Severe weakness"", ""Uncontrolled bleeding""], ""monitoring"": [""Dose and timing review"", ""Clinical symptom tracking"", ""Medication interaction screening""], ""contraindications"": [""Known severe allergy"", ""Severe hepatic or renal impairment without clinician review""], ""interactions"": [""Other medicines in the same treatment class"", ""Alcohol where relevant"", ""Traditional preparations without informed review""], ""pregnancy_lactation"": ""Use only when clinically justified and reviewed with the treating clinician."", ""population"": ""Adults and children when prescribed and clinically appropriate"", ""region"": ""Ethiopia: primary care, referral care, and local community settings"", ""safety_notes"": [""Complete the prescribed course unless instructed otherwise"", ""Urgent review is needed for shortness of breath, rash, fainting, confusion, or severe bleeding""], ""source_ref"": ""Ethiopian formulary references; WHO clinical guidance; national medication safety review"", ""evidence_level"": ""Local formulary reference""}"
medication,1.0.0,"Medication effects, interactions, monitoring, adherence, and referral safety.",antimalarials,Antimalarials,Common antimalarial and malaria-prevention medicines used in Ethiopia and similar endemic settings.,Malaria care|Medication history|Adherence education,"{""name"": ""Chloroquine 500 mg Oral suspension"", ""description"": ""Chloroquine is used in Ethiopian clinical and community care settings for a clinician-directed indication. This reference supports safe prescribing, adherence review, and interaction checking."", ""drug_class"": ""Essential local formulary reference"", ""indications"": [""Clinician-directed treatment plan"", ""Routine medication review"", ""Safety screening""], ""common_side_effects"": [""Nausea"", ""Dizziness"", ""Mild abdominal discomfort""], ""serious_side_effects"": [""Severe allergic reaction"", ""Persistent vomiting"", ""Severe weakness"", ""Uncontrolled bleeding""], ""monitoring"": [""Dose and timing review"", ""Clinical symptom tracking"", ""Medication interaction screening""], ""contraindications"": [""Known severe allergy"", ""Severe hepatic or renal impairment without clinician review""], ""interactions"": [""Other medicines in the same treatment class"", ""Alcohol where relevant"", ""Traditional preparations without informed review""], ""pregnancy_lactation"": ""Use only when clinically justified and reviewed with the treating clinician."", ""population"": ""Adults and children when prescribed and clinically appropriate"", ""region"": ""Ethiopia: primary care, referral care, and local community settings"", ""safety_notes"": [""Complete the prescribed course unless instructed otherwise"", ""Urgent review is needed for shortness of breath, rash, fainting, confusion, or severe bleeding""], ""source_ref"": ""Ethiopian formulary references; WHO clinical guidance; national medication safety review"", ""evidence_level"": ""Local formulary reference""}"
medication,1.0.0,"Medication effects, interactions, monitoring, adherence, and referral safety.",antimalarials,Antimalarials,Common antimalarial and malaria-prevention medicines used in Ethiopia and similar endemic settings.,Malaria care|Medication history|Adherence education,"{""name"": ""Chloroquine 500 mg Inhaler"", ""description"": ""Chloroquine is used in Ethiopian clinical and community care settings for a clinician-directed indication. This reference supports safe prescribing, adherence review, and interaction checking."", ""drug_class"": ""Essential local formulary reference"", ""indications"": [""Clinician-directed treatment plan"", ""Routine medication review"", ""Safety screening""], ""common_side_effects"": [""Nausea"", ""Dizziness"", ""Mild abdominal discomfort""], ""serious_side_effects"": [""Severe allergic reaction"", ""Persistent vomiting"", ""Severe weakness"", ""Uncontrolled bleeding""], ""monitoring"": [""Dose and timing review"", ""Clinical symptom tracking"", ""Medication interaction screening""], ""contraindications"": [""Known severe allergy"", ""Severe hepatic or renal impairment without clinician review""], ""interactions"": [""Other medicines in the same treatment class"", ""Alcohol where relevant"", ""Traditional preparations without informed review""], ""pregnancy_lactation"": ""Use only when clinically justified and reviewed with the treating clinician."", ""population"": ""Adults and children when prescribed and clinically appropriate"", ""region"": ""Ethiopia: primary care, referral care, and local community settings"", ""safety_notes"": [""Complete the prescribed course unless instructed otherwise"", ""Urgent review is needed for shortness of breath, rash, fainting, confusion, or severe bleeding""], ""source_ref"": ""Ethiopian formulary references; WHO clinical guidance; national medication safety review"", ""evidence_level"": ""Local formulary reference""}"
medication,1.0.0,"Medication effects, interactions, monitoring, adherence, and referral safety.",antimalarials,Antimalarials,Common antimalarial and malaria-prevention medicines used in Ethiopia and similar endemic settings.,Malaria care|Medication history|Adherence education,"{""name"": ""Chloroquine 1 g Tablet"", ""description"": ""Chloroquine is used in Ethiopian clinical and community care settings for a clinician-directed indication. This reference supports safe prescribing, adherence review, and interaction checking."", ""drug_class"": ""Essential local formulary reference"", ""indications"": [""Clinician-directed treatment plan"", ""Routine medication review"", ""Safety screening""], ""common_side_effects"": [""Nausea"", ""Dizziness"", ""Mild abdominal discomfort""], ""serious_side_effects"": [""Severe allergic reaction"", ""Persistent vomiting"", ""Severe weakness"", ""Uncontrolled bleeding""], ""monitoring"": [""Dose and timing review"", ""Clinical symptom tracking"", ""Medication interaction screening""], ""contraindications"": [""Known severe allergy"", ""Severe hepatic or renal impairment without clinician review""], ""interactions"": [""Other medicines in the same treatment class"", ""Alcohol where relevant"", ""Traditional preparations without informed review""], ""pregnancy_lactation"": ""Use only when clinically justified and reviewed with the treating clinician."", ""population"": ""Adults and children when prescribed and clinically appropriate"", ""region"": ""Ethiopia: primary care, referral care, and local community settings"", ""safety_notes"": [""Complete the prescribed course unless instructed otherwise"", ""Urgent review is needed for shortness of breath, rash, fainting, confusion, or severe bleeding""], ""source_ref"": ""Ethiopian formulary references; WHO clinical guidance; national medication safety review"", ""evidence_level"": ""Local formulary reference""}"
medication,1.0.0,"Medication effects, interactions, monitoring, adherence, and referral safety.",antimalarials,Antimalarials,Common antimalarial and malaria-prevention medicines used in Ethiopia and similar endemic settings.,Malaria care|Medication history|Adherence education,"{""name"": ""Chloroquine 1 g Capsule"", ""description"": ""Chloroquine is used in Ethiopian clinical and community care settings for a clinician-directed indication. This reference supports safe prescribing, adherence review, and interaction checking."", ""drug_class"": ""Essential local formulary reference"", ""indications"": [""Clinician-directed treatment plan"", ""Routine medication review"", ""Safety screening""], ""common_side_effects"": [""Nausea"", ""Dizziness"", ""Mild abdominal discomfort""], ""serious_side_effects"": [""Severe allergic reaction"", ""Persistent vomiting"", ""Severe weakness"", ""Uncontrolled bleeding""], ""monitoring"": [""Dose and timing review"", ""Clinical symptom tracking"", ""Medication interaction screening""], ""contraindications"": [""Known severe allergy"", ""Severe hepatic or renal impairment without clinician review""], ""interactions"": [""Other medicines in the same treatment class"", ""Alcohol where relevant"", ""Traditional preparations without informed review""], ""pregnancy_lactation"": ""Use only when clinically justified and reviewed with the treating clinician."", ""population"": ""Adults and children when prescribed and clinically appropriate"", ""region"": ""Ethiopia: primary care, referral care, and local community settings"", ""safety_notes"": [""Complete the prescribed course unless instructed otherwise"", ""Urgent review is needed for shortness of breath, rash, fainting, confusion, or severe bleeding""], ""source_ref"": ""Ethiopian formulary references; WHO clinical guidance; national medication safety review"", ""evidence_level"": ""Local formulary reference""}"
medication,1.0.0,"Medication effects, interactions, monitoring, adherence, and referral safety.",antimalarials,Antimalarials,Common antimalarial and malaria-prevention medicines used in Ethiopia and similar endemic settings.,Malaria care|Medication history|Adherence education,"{""name"": ""Chloroquine 1 g Syrup"", ""description"": ""Chloroquine is used in Ethiopian clinical and community care settings for a clinician-directed indication. This reference supports safe prescribing, adherence review, and interaction checking."", ""drug_class"": ""Essential local formulary reference"", ""indications"": [""Clinician-directed treatment plan"", ""Routine medication review"", ""Safety screening""], ""common_side_effects"": [""Nausea"", ""Dizziness"", ""Mild abdominal discomfort""], ""serious_side_effects"": [""Severe allergic reaction"", ""Persistent vomiting"", ""Severe weakness"", ""Uncontrolled bleeding""], ""monitoring"": [""Dose and timing review"", ""Clinical symptom tracking"", ""Medication interaction screening""], ""contraindications"": [""Known severe allergy"", ""Severe hepatic or renal impairment without clinician review""], ""interactions"": [""Other medicines in the same treatment class"", ""Alcohol where relevant"", ""Traditional preparations without informed review""], ""pregnancy_lactation"": ""Use only when clinically justified and reviewed with the treating clinician."", ""population"": ""Adults and children when prescribed and clinically appropriate"", ""region"": ""Ethiopia: primary care, referral care, and local community settings"", ""safety_notes"": [""Complete the prescribed course unless instructed otherwise"", ""Urgent review is needed for shortness of breath, rash, fainting, confusion, or severe bleeding""], ""source_ref"": ""Ethiopian formulary references; WHO clinical guidance; national medication safety review"", ""evidence_level"": ""Local formulary reference""}"
medication,1.0.0,"Medication effects, interactions, monitoring, adherence, and referral safety.",antimalarials,Antimalarials,Common antimalarial and malaria-prevention medicines used in Ethiopia and similar endemic settings.,Malaria care|Medication history|Adherence education,"{""name"": ""Chloroquine 1 g Injectable"", ""description"": ""Chloroquine is used in Ethiopian clinical and community care settings for a clinician-directed indication. This reference supports safe prescribing, adherence review, and interaction checking."", ""drug_class"": ""Essential local formulary reference"", ""indications"": [""Clinician-directed treatment plan"", ""Routine medication review"", ""Safety screening""], ""common_side_effects"": [""Nausea"", ""Dizziness"", ""Mild abdominal discomfort""], ""serious_side_effects"": [""Severe allergic reaction"", ""Persistent vomiting"", ""Severe weakness"", ""Uncontrolled bleeding""], ""monitoring"": [""Dose and timing review"", ""Clinical symptom tracking"", ""Medication interaction screening""], ""contraindications"": [""Known severe allergy"", ""Severe hepatic or renal impairment without clinician review""], ""interactions"": [""Other medicines in the same treatment class"", ""Alcohol where relevant"", ""Traditional preparations without informed review""], ""pregnancy_lactation"": ""Use only when clinically justified and reviewed with the treating clinician."", ""population"": ""Adults and children when prescribed and clinically appropriate"", ""region"": ""Ethiopia: primary care, referral care, and local community settings"", ""safety_notes"": [""Complete the prescribed course unless instructed otherwise"", ""Urgent review is needed for shortness of breath, rash, fainting, confusion, or severe bleeding""], ""source_ref"": ""Ethiopian formulary references; WHO clinical guidance; national medication safety review"", ""evidence_level"": ""Local formulary reference""}"
medication,1.0.0,"Medication effects, interactions, monitoring, adherence, and referral safety.",antimalarials,Antimalarials,Common antimalarial and malaria-prevention medicines used in Ethiopia and similar endemic settings.,Malaria care|Medication history|Adherence education,"{""name"": ""Chloroquine 1 g Oral suspension"", ""description"": ""Chloroquine is used in Ethiopian clinical and community care settings for a clinician-directed indication. This reference supports safe prescribing, adherence review, and interaction checking."", ""drug_class"": ""Essential local formulary reference"", ""indications"": [""Clinician-directed treatment plan"", ""Routine medication review"", ""Safety screening""], ""common_side_effects"": [""Nausea"", ""Dizziness"", ""Mild abdominal discomfort""], ""serious_side_effects"": [""Severe allergic reaction"", ""Persistent vomiting"", ""Severe weakness"", ""Uncontrolled bleeding""], ""monitoring"": [""Dose and timing review"", ""Clinical symptom tracking"", ""Medication interaction screening""], ""contraindications"": [""Known severe allergy"", ""Severe hepatic or renal impairment without clinician review""], ""interactions"": [""Other medicines in the same treatment class"", ""Alcohol where relevant"", ""Traditional preparations without informed review""], ""pregnancy_lactation"": ""Use only when clinically justified and reviewed with the treating clinician."", ""population"": ""Adults and children when prescribed and clinically appropriate"", ""region"": ""Ethiopia: primary care, referral care, and local community settings"", ""safety_notes"": [""Complete the prescribed course unless instructed otherwise"", ""Urgent review is needed for shortness of breath, rash, fainting, confusion, or severe bleeding""], ""source_ref"": ""Ethiopian formulary references; WHO clinical guidance; national medication safety review"", ""evidence_level"": ""Local formulary reference""}"
medication,1.0.0,"Medication effects, interactions, monitoring, adherence, and referral safety.",antimalarials,Antimalarials,Common antimalarial and malaria-prevention medicines used in Ethiopia and similar endemic settings.,Malaria care|Medication history|Adherence education,"{""name"": ""Chloroquine 1 g Inhaler"", ""description"": ""Chloroquine is used in Ethiopian clinical and community care settings for a clinician-directed indication. This reference supports safe prescribing, adherence review, and interaction checking."", ""drug_class"": ""Essential local formulary reference"", ""indications"": [""Clinician-directed treatment plan"", ""Routine medication review"", ""Safety screening""], ""common_side_effects"": [""Nausea"", ""Dizziness"", ""Mild abdominal discomfort""], ""serious_side_effects"": [""Severe allergic reaction"", ""Persistent vomiting"", ""Severe weakness"", ""Uncontrolled bleeding""], ""monitoring"": [""Dose and timing review"", ""Clinical symptom tracking"", ""Medication interaction screening""], ""contraindications"": [""Known severe allergy"", ""Severe hepatic or renal impairment without clinician review""], ""interactions"": [""Other medicines in the same treatment class"", ""Alcohol where relevant"", ""Traditional preparations without informed review""], ""pregnancy_lactation"": ""Use only when clinically justified and reviewed with the treating clinician."", ""population"": ""Adults and children when prescribed and clinically appropriate"", ""region"": ""Ethiopia: primary care, referral care, and local community settings"", ""safety_notes"": [""Complete the prescribed course unless instructed otherwise"", ""Urgent review is needed for shortness of breath, rash, fainting, confusion, or severe bleeding""], ""source_ref"": ""Ethiopian formulary references; WHO clinical guidance; national medication safety review"", ""evidence_level"": ""Local formulary reference""}"
medication,1.0.0,"Medication effects, interactions, monitoring, adherence, and referral safety.",antimalarials,Antimalarials,Common antimalarial and malaria-prevention medicines used in Ethiopia and similar endemic settings.,Malaria care|Medication history|Adherence education,"{""name"": ""Chloroquine 2 g Tablet"", ""description"": ""Chloroquine is used in Ethiopian clinical and community care settings for a clinician-directed indication. This reference supports safe prescribing, adherence review, and interaction checking."", ""drug_class"": ""Essential local formulary reference"", ""indications"": [""Clinician-directed treatment plan"", ""Routine medication review"", ""Safety screening""], ""common_side_effects"": [""Nausea"", ""Dizziness"", ""Mild abdominal discomfort""], ""serious_side_effects"": [""Severe allergic reaction"", ""Persistent vomiting"", ""Severe weakness"", ""Uncontrolled bleeding""], ""monitoring"": [""Dose and timing review"", ""Clinical symptom tracking"", ""Medication interaction screening""], ""contraindications"": [""Known severe allergy"", ""Severe hepatic or renal impairment without clinician review""], ""interactions"": [""Other medicines in the same treatment class"", ""Alcohol where relevant"", ""Traditional preparations without informed review""], ""pregnancy_lactation"": ""Use only when clinically justified and reviewed with the treating clinician."", ""population"": ""Adults and children when prescribed and clinically appropriate"", ""region"": ""Ethiopia: primary care, referral care, and local community settings"", ""safety_notes"": [""Complete the prescribed course unless instructed otherwise"", ""Urgent review is needed for shortness of breath, rash, fainting, confusion, or severe bleeding""], ""source_ref"": ""Ethiopian formulary references; WHO clinical guidance; national medication safety review"", ""evidence_level"": ""Local formulary reference""}"
medication,1.0.0,"Medication effects, interactions, monitoring, adherence, and referral safety.",antimalarials,Antimalarials,Common antimalarial and malaria-prevention medicines used in Ethiopia and similar endemic settings.,Malaria care|Medication history|Adherence education,"{""name"": ""Chloroquine 2 g Capsule"", ""description"": ""Chloroquine is used in Ethiopian clinical and community care settings for a clinician-directed indication. This reference supports safe prescribing, adherence review, and interaction checking."", ""drug_class"": ""Essential local formulary reference"", ""indications"": [""Clinician-directed treatment plan"", ""Routine medication review"", ""Safety screening""], ""common_side_effects"": [""Nausea"", ""Dizziness"", ""Mild abdominal discomfort""], ""serious_side_effects"": [""Severe allergic reaction"", ""Persistent vomiting"", ""Severe weakness"", ""Uncontrolled bleeding""], ""monitoring"": [""Dose and timing review"", ""Clinical symptom tracking"", ""Medication interaction screening""], ""contraindications"": [""Known severe allergy"", ""Severe hepatic or renal impairment without clinician review""], ""interactions"": [""Other medicines in the same treatment class"", ""Alcohol where relevant"", ""Traditional preparations without informed review""], ""pregnancy_lactation"": ""Use only when clinically justified and reviewed with the treating clinician."", ""population"": ""Adults and children when prescribed and clinically appropriate"", ""region"": ""Ethiopia: primary care, referral care, and local community settings"", ""safety_notes"": [""Complete the prescribed course unless instructed otherwise"", ""Urgent review is needed for shortness of breath, rash, fainting, confusion, or severe bleeding""], ""source_ref"": ""Ethiopian formulary references; WHO clinical guidance; national medication safety review"", ""evidence_level"": ""Local formulary reference""}"
medication,1.0.0,"Medication effects, interactions, monitoring, adherence, and referral safety.",antimalarials,Antimalarials,Common antimalarial and malaria-prevention medicines used in Ethiopia and similar endemic settings.,Malaria care|Medication history|Adherence education,"{""name"": ""Chloroquine 2 g Syrup"", ""description"": ""Chloroquine is used in Ethiopian clinical and community care settings for a clinician-directed indication. This reference supports safe prescribing, adherence review, and interaction checking."", ""drug_class"": ""Essential local formulary reference"", ""indications"": [""Clinician-directed treatment plan"", ""Routine medication review"", ""Safety screening""], ""common_side_effects"": [""Nausea"", ""Dizziness"", ""Mild abdominal discomfort""], ""serious_side_effects"": [""Severe allergic reaction"", ""Persistent vomiting"", ""Severe weakness"", ""Uncontrolled bleeding""], ""monitoring"": [""Dose and timing review"", ""Clinical symptom tracking"", ""Medication interaction screening""], ""contraindications"": [""Known severe allergy"", ""Severe hepatic or renal impairment without clinician review""], ""interactions"": [""Other medicines in the same treatment class"", ""Alcohol where relevant"", ""Traditional preparations without informed review""], ""pregnancy_lactation"": ""Use only when clinically justified and reviewed with the treating clinician."", ""population"": ""Adults and children when prescribed and clinically appropriate"", ""region"": ""Ethiopia: primary care, referral care, and local community settings"", ""safety_notes"": [""Complete the prescribed course unless instructed otherwise"", ""Urgent review is needed for shortness of breath, rash, fainting, confusion, or severe bleeding""], ""source_ref"": ""Ethiopian formulary references; WHO clinical guidance; national medication safety review"", ""evidence_level"": ""Local formulary reference""}"
medication,1.0.0,"Medication effects, interactions, monitoring, adherence, and referral safety.",antimalarials,Antimalarials,Common antimalarial and malaria-prevention medicines used in Ethiopia and similar endemic settings.,Malaria care|Medication history|Adherence education,"{""name"": ""Chloroquine 2 g Injectable"", ""description"": ""Chloroquine is used in Ethiopian clinical and community care settings for a clinician-directed indication. This reference supports safe prescribing, adherence review, and interaction checking."", ""drug_class"": ""Essential local formulary reference"", ""indications"": [""Clinician-directed treatment plan"", ""Routine medication review"", ""Safety screening""], ""common_side_effects"": [""Nausea"", ""Dizziness"", ""Mild abdominal discomfort""], ""serious_side_effects"": [""Severe allergic reaction"", ""Persistent vomiting"", ""Severe weakness"", ""Uncontrolled bleeding""], ""monitoring"": [""Dose and timing review"", ""Clinical symptom tracking"", ""Medication interaction screening""], ""contraindications"": [""Known severe allergy"", ""Severe hepatic or renal impairment without clinician review""], ""interactions"": [""Other medicines in the same treatment class"", ""Alcohol where relevant"", ""Traditional preparations without informed review""], ""pregnancy_lactation"": ""Use only when clinically justified and reviewed with the treating clinician."", ""population"": ""Adults and children when prescribed and clinically appropriate"", ""region"": ""Ethiopia: primary care, referral care, and local community settings"", ""safety_notes"": [""Complete the prescribed course unless instructed otherwise"", ""Urgent review is needed for shortness of breath, rash, fainting, confusion, or severe bleeding""], ""source_ref"": ""Ethiopian formulary references; WHO clinical guidance; national medication safety review"", ""evidence_level"": ""Local formulary reference""}"
medication,1.0.0,"Medication effects, interactions, monitoring, adherence, and referral safety.",antimalarials,Antimalarials,Common antimalarial and malaria-prevention medicines used in Ethiopia and similar endemic settings.,Malaria care|Medication history|Adherence education,"{""name"": ""Chloroquine 2 g Oral suspension"", ""description"": ""Chloroquine is used in Ethiopian clinical and community care settings for a clinician-directed indication. This reference supports safe prescribing, adherence review, and interaction checking."", ""drug_class"": ""Essential local formulary reference"", ""indications"": [""Clinician-directed treatment plan"", ""Routine medication review"", ""Safety screening""], ""common_side_effects"": [""Nausea"", ""Dizziness"", ""Mild abdominal discomfort""], ""serious_side_effects"": [""Severe allergic reaction"", ""Persistent vomiting"", ""Severe weakness"", ""Uncontrolled bleeding""], ""monitoring"": [""Dose and timing review"", ""Clinical symptom tracking"", ""Medication interaction screening""], ""contraindications"": [""Known severe allergy"", ""Severe hepatic or renal impairment without clinician review""], ""interactions"": [""Other medicines in the same treatment class"", ""Alcohol where relevant"", ""Traditional preparations without informed review""], ""pregnancy_lactation"": ""Use only when clinically justified and reviewed with the treating clinician."", ""population"": ""Adults and children when prescribed and clinically appropriate"", ""region"": ""Ethiopia: primary care, referral care, and local community settings"", ""safety_notes"": [""Complete the prescribed course unless instructed otherwise"", ""Urgent review is needed for shortness of breath, rash, fainting, confusion, or severe bleeding""], ""source_ref"": ""Ethiopian formulary references; WHO clinical guidance; national medication safety review"", ""evidence_level"": ""Local formulary reference""}"
medication,1.0.0,"Medication effects, interactions, monitoring, adherence, and referral safety.",antimalarials,Antimalarials,Common antimalarial and malaria-prevention medicines used in Ethiopia and similar endemic settings.,Malaria care|Medication history|Adherence education,"{""name"": ""Chloroquine 2 g Inhaler"", ""description"": ""Chloroquine is used in Ethiopian clinical and community care settings for a clinician-directed indication. This reference supports safe prescribing, adherence review, and interaction checking."", ""drug_class"": ""Essential local formulary reference"", ""indications"": [""Clinician-directed treatment plan"", ""Routine medication review"", ""Safety screening""], ""common_side_effects"": [""Nausea"", ""Dizziness"", ""Mild abdominal discomfort""], ""serious_side_effects"": [""Severe allergic reaction"", ""Persistent vomiting"", ""Severe weakness"", ""Uncontrolled bleeding""], ""monitoring"": [""Dose and timing review"", ""Clinical symptom tracking"", ""Medication interaction screening""], ""contraindications"": [""Known severe allergy"", ""Severe hepatic or renal impairment without clinician review""], ""interactions"": [""Other medicines in the same treatment class"", ""Alcohol where relevant"", ""Traditional preparations without informed review""], ""pregnancy_lactation"": ""Use only when clinically justified and reviewed with the treating clinician."", ""population"": ""Adults and children when prescribed and clinically appropriate"", ""region"": ""Ethiopia: primary care, referral care, and local community settings"", ""safety_notes"": [""Complete the prescribed course unless instructed otherwise"", ""Urgent review is needed for shortness of breath, rash, fainting, confusion, or severe bleeding""], ""source_ref"": ""Ethiopian formulary references; WHO clinical guidance; national medication safety review"", ""evidence_level"": ""Local formulary reference""}"
medication,1.0.0,"Medication effects, interactions, monitoring, adherence, and referral safety.",antimalarials,Antimalarials,Common antimalarial and malaria-prevention medicines used in Ethiopia and similar endemic settings.,Malaria care|Medication history|Adherence education,"{""name"": ""Primaquine 5 mg Tablet"", ""description"": ""Primaquine is used in Ethiopian clinical and community care settings for a clinician-directed indication. This reference supports safe prescribing, adherence review, and interaction checking."", ""drug_class"": ""Essential local formulary reference"", ""indications"": [""Clinician-directed treatment plan"", ""Routine medication review"", ""Safety screening""], ""common_side_effects"": [""Nausea"", ""Dizziness"", ""Mild abdominal discomfort""], ""serious_side_effects"": [""Severe allergic reaction"", ""Persistent vomiting"", ""Severe weakness"", ""Uncontrolled bleeding""], ""monitoring"": [""Dose and timing review"", ""Clinical symptom tracking"", ""Medication interaction screening""], ""contraindications"": [""Known severe allergy"", ""Severe hepatic or renal impairment without clinician review""], ""interactions"": [""Other medicines in the same treatment class"", ""Alcohol where relevant"", ""Traditional preparations without informed review""], ""pregnancy_lactation"": ""Use only when clinically justified and reviewed with the treating clinician."", ""population"": ""Adults and children when prescribed and clinically appropriate"", ""region"": ""Ethiopia: primary care, referral care, and local community settings"", ""safety_notes"": [""Complete the prescribed course unless instructed otherwise"", ""Urgent review is needed for shortness of breath, rash, fainting, confusion, or severe bleeding""], ""source_ref"": ""Ethiopian formulary references; WHO clinical guidance; national medication safety review"", ""evidence_level"": ""Local formulary reference""}"
medication,1.0.0,"Medication effects, interactions, monitoring, adherence, and referral safety.",antimalarials,Antimalarials,Common antimalarial and malaria-prevention medicines used in Ethiopia and similar endemic settings.,Malaria care|Medication history|Adherence education,"{""name"": ""Primaquine 5 mg Capsule"", ""description"": ""Primaquine is used in Ethiopian clinical and community care settings for a clinician-directed indication. This reference supports safe prescribing, adherence review, and interaction checking."", ""drug_class"": ""Essential local formulary reference"", ""indications"": [""Clinician-directed treatment plan"", ""Routine medication review"", ""Safety screening""], ""common_side_effects"": [""Nausea"", ""Dizziness"", ""Mild abdominal discomfort""], ""serious_side_effects"": [""Severe allergic reaction"", ""Persistent vomiting"", ""Severe weakness"", ""Uncontrolled bleeding""], ""monitoring"": [""Dose and timing review"", ""Clinical symptom tracking"", ""Medication interaction screening""], ""contraindications"": [""Known severe allergy"", ""Severe hepatic or renal impairment without clinician review""], ""interactions"": [""Other medicines in the same treatment class"", ""Alcohol where relevant"", ""Traditional preparations without informed review""], ""pregnancy_lactation"": ""Use only when clinically justified and reviewed with the treating clinician."", ""population"": ""Adults and children when prescribed and clinically appropriate"", ""region"": ""Ethiopia: primary care, referral care, and local community settings"", ""safety_notes"": [""Complete the prescribed course unless instructed otherwise"", ""Urgent review is needed for shortness of breath, rash, fainting, confusion, or severe bleeding""], ""source_ref"": ""Ethiopian formulary references; WHO clinical guidance; national medication safety review"", ""evidence_level"": ""Local formulary reference""}"
medication,1.0.0,"Medication effects, interactions, monitoring, adherence, and referral safety.",antimalarials,Antimalarials,Common antimalarial and malaria-prevention medicines used in Ethiopia and similar endemic settings.,Malaria care|Medication history|Adherence education,"{""name"": ""Primaquine 5 mg Syrup"", ""description"": ""Primaquine is used in Ethiopian clinical and community care settings for a clinician-directed indication. This reference supports safe prescribing, adherence review, and interaction checking."", ""drug_class"": ""Essential local formulary reference"", ""indications"": [""Clinician-directed treatment plan"", ""Routine medication review"", ""Safety screening""], ""common_side_effects"": [""Nausea"", ""Dizziness"", ""Mild abdominal discomfort""], ""serious_side_effects"": [""Severe allergic reaction"", ""Persistent vomiting"", ""Severe weakness"", ""Uncontrolled bleeding""], ""monitoring"": [""Dose and timing review"", ""Clinical symptom tracking"", ""Medication interaction screening""], ""contraindications"": [""Known severe allergy"", ""Severe hepatic or renal impairment without clinician review""], ""interactions"": [""Other medicines in the same treatment class"", ""Alcohol where relevant"", ""Traditional preparations without informed review""], ""pregnancy_lactation"": ""Use only when clinically justified and reviewed with the treating clinician."", ""population"": ""Adults and children when prescribed and clinically appropriate"", ""region"": ""Ethiopia: primary care, referral care, and local community settings"", ""safety_notes"": [""Complete the prescribed course unless instructed otherwise"", ""Urgent review is needed for shortness of breath, rash, fainting, confusion, or severe bleeding""], ""source_ref"": ""Ethiopian formulary references; WHO clinical guidance; national medication safety review"", ""evidence_level"": ""Local formulary reference""}"
medication,1.0.0,"Medication effects, interactions, monitoring, adherence, and referral safety.",antimalarials,Antimalarials,Common antimalarial and malaria-prevention medicines used in Ethiopia and similar endemic settings.,Malaria care|Medication history|Adherence education,"{""name"": ""Primaquine 5 mg Injectable"", ""description"": ""Primaquine is used in Ethiopian clinical and community care settings for a clinician-directed indication. This reference supports safe prescribing, adherence review, and interaction checking."", ""drug_class"": ""Essential local formulary reference"", ""indications"": [""Clinician-directed treatment plan"", ""Routine medication review"", ""Safety screening""], ""common_side_effects"": [""Nausea"", ""Dizziness"", ""Mild abdominal discomfort""], ""serious_side_effects"": [""Severe allergic reaction"", ""Persistent vomiting"", ""Severe weakness"", ""Uncontrolled bleeding""], ""monitoring"": [""Dose and timing review"", ""Clinical symptom tracking"", ""Medication interaction screening""], ""contraindications"": [""Known severe allergy"", ""Severe hepatic or renal impairment without clinician review""], ""interactions"": [""Other medicines in the same treatment class"", ""Alcohol where relevant"", ""Traditional preparations without informed review""], ""pregnancy_lactation"": ""Use only when clinically justified and reviewed with the treating clinician."", ""population"": ""Adults and children when prescribed and clinically appropriate"", ""region"": ""Ethiopia: primary care, referral care, and local community settings"", ""safety_notes"": [""Complete the prescribed course unless instructed otherwise"", ""Urgent review is needed for shortness of breath, rash, fainting, confusion, or severe bleeding""], ""source_ref"": ""Ethiopian formulary references; WHO clinical guidance; national medication safety review"", ""evidence_level"": ""Local formulary reference""}"
medication,1.0.0,"Medication effects, interactions, monitoring, adherence, and referral safety.",antimalarials,Antimalarials,Common antimalarial and malaria-prevention medicines used in Ethiopia and similar endemic settings.,Malaria care|Medication history|Adherence education,"{""name"": ""Primaquine 5 mg Oral suspension"", ""description"": ""Primaquine is used in Ethiopian clinical and community care settings for a clinician-directed indication. This reference supports safe prescribing, adherence review, and interaction checking."", ""drug_class"": ""Essential local formulary reference"", ""indications"": [""Clinician-directed treatment plan"", ""Routine medication review"", ""Safety screening""], ""common_side_effects"": [""Nausea"", ""Dizziness"", ""Mild abdominal discomfort""], ""serious_side_effects"": [""Severe allergic reaction"", ""Persistent vomiting"", ""Severe weakness"", ""Uncontrolled bleeding""], ""monitoring"": [""Dose and timing review"", ""Clinical symptom tracking"", ""Medication interaction screening""], ""contraindications"": [""Known severe allergy"", ""Severe hepatic or renal impairment without clinician review""], ""interactions"": [""Other medicines in the same treatment class"", ""Alcohol where relevant"", ""Traditional preparations without informed review""], ""pregnancy_lactation"": ""Use only when clinically justified and reviewed with the treating clinician."", ""population"": ""Adults and children when prescribed and clinically appropriate"", ""region"": ""Ethiopia: primary care, referral care, and local community settings"", ""safety_notes"": [""Complete the prescribed course unless instructed otherwise"", ""Urgent review is needed for shortness of breath, rash, fainting, confusion, or severe bleeding""], ""source_ref"": ""Ethiopian formulary references; WHO clinical guidance; national medication safety review"", ""evidence_level"": ""Local formulary reference""}"
medication,1.0.0,"Medication effects, interactions, monitoring, adherence, and referral safety.",antimalarials,Antimalarials,Common antimalarial and malaria-prevention medicines used in Ethiopia and similar endemic settings.,Malaria care|Medication history|Adherence education,"{""name"": ""Primaquine 5 mg Inhaler"", ""description"": ""Primaquine is used in Ethiopian clinical and community care settings for a clinician-directed indication. This reference supports safe prescribing, adherence review, and interaction checking."", ""drug_class"": ""Essential local formulary reference"", ""indications"": [""Clinician-directed treatment plan"", ""Routine medication review"", ""Safety screening""], ""common_side_effects"": [""Nausea"", ""Dizziness"", ""Mild abdominal discomfort""], ""serious_side_effects"": [""Severe allergic reaction"", ""Persistent vomiting"", ""Severe weakness"", ""Uncontrolled bleeding""], ""monitoring"": [""Dose and timing review"", ""Clinical symptom tracking"", ""Medication interaction screening""], ""contraindications"": [""Known severe allergy"", ""Severe hepatic or renal impairment without clinician review""], ""interactions"": [""Other medicines in the same treatment class"", ""Alcohol where relevant"", ""Traditional preparations without informed review""], ""pregnancy_lactation"": ""Use only when clinically justified and reviewed with the treating clinician."", ""population"": ""Adults and children when prescribed and clinically appropriate"", ""region"": ""Ethiopia: primary care, referral care, and local community settings"", ""safety_notes"": [""Complete the prescribed course unless instructed otherwise"", ""Urgent review is needed for shortness of breath, rash, fainting, confusion, or severe bleeding""], ""source_ref"": ""Ethiopian formulary references; WHO clinical guidance; national medication safety review"", ""evidence_level"": ""Local formulary reference""}"
medication,1.0.0,"Medication effects, interactions, monitoring, adherence, and referral safety.",antimalarials,Antimalarials,Common antimalarial and malaria-prevention medicines used in Ethiopia and similar endemic settings.,Malaria care|Medication history|Adherence education,"{""name"": ""Primaquine 10 mg Tablet"", ""description"": ""Primaquine is used in Ethiopian clinical and community care settings for a clinician-directed indication. This reference supports safe prescribing, adherence review, and interaction checking."", ""drug_class"": ""Essential local formulary reference"", ""indications"": [""Clinician-directed treatment plan"", ""Routine medication review"", ""Safety screening""], ""common_side_effects"": [""Nausea"", ""Dizziness"", ""Mild abdominal discomfort""], ""serious_side_effects"": [""Severe allergic reaction"", ""Persistent vomiting"", ""Severe weakness"", ""Uncontrolled bleeding""], ""monitoring"": [""Dose and timing review"", ""Clinical symptom tracking"", ""Medication interaction screening""], ""contraindications"": [""Known severe allergy"", ""Severe hepatic or renal impairment without clinician review""], ""interactions"": [""Other medicines in the same treatment class"", ""Alcohol where relevant"", ""Traditional preparations without informed review""], ""pregnancy_lactation"": ""Use only when clinically justified and reviewed with the treating clinician."", ""population"": ""Adults and children when prescribed and clinically appropriate"", ""region"": ""Ethiopia: primary care, referral care, and local community settings"", ""safety_notes"": [""Complete the prescribed course unless instructed otherwise"", ""Urgent review is needed for shortness of breath, rash, fainting, confusion, or severe bleeding""], ""source_ref"": ""Ethiopian formulary references; WHO clinical guidance; national medication safety review"", ""evidence_level"": ""Local formulary reference""}"
medication,1.0.0,"Medication effects, interactions, monitoring, adherence, and referral safety.",antimalarials,Antimalarials,Common antimalarial and malaria-prevention medicines used in Ethiopia and similar endemic settings.,Malaria care|Medication history|Adherence education,"{""name"": ""Primaquine 10 mg Capsule"", ""description"": ""Primaquine is used in Ethiopian clinical and community care settings for a clinician-directed indication. This reference supports safe prescribing, adherence review, and interaction checking."", ""drug_class"": ""Essential local formulary reference"", ""indications"": [""Clinician-directed treatment plan"", ""Routine medication review"", ""Safety screening""], ""common_side_effects"": [""Nausea"", ""Dizziness"", ""Mild abdominal discomfort""], ""serious_side_effects"": [""Severe allergic reaction"", ""Persistent vomiting"", ""Severe weakness"", ""Uncontrolled bleeding""], ""monitoring"": [""Dose and timing review"", ""Clinical symptom tracking"", ""Medication interaction screening""], ""contraindications"": [""Known severe allergy"", ""Severe hepatic or renal impairment without clinician review""], ""interactions"": [""Other medicines in the same treatment class"", ""Alcohol where relevant"", ""Traditional preparations without informed review""], ""pregnancy_lactation"": ""Use only when clinically justified and reviewed with the treating clinician."", ""population"": ""Adults and children when prescribed and clinically appropriate"", ""region"": ""Ethiopia: primary care, referral care, and local community settings"", ""safety_notes"": [""Complete the prescribed course unless instructed otherwise"", ""Urgent review is needed for shortness of breath, rash, fainting, confusion, or severe bleeding""], ""source_ref"": ""Ethiopian formulary references; WHO clinical guidance; national medication safety review"", ""evidence_level"": ""Local formulary reference""}"
medication,1.0.0,"Medication effects, interactions, monitoring, adherence, and referral safety.",antimalarials,Antimalarials,Common antimalarial and malaria-prevention medicines used in Ethiopia and similar endemic settings.,Malaria care|Medication history|Adherence education,"{""name"": ""Primaquine 10 mg Syrup"", ""description"": ""Primaquine is used in Ethiopian clinical and community care settings for a clinician-directed indication. This reference supports safe prescribing, adherence review, and interaction checking."", ""drug_class"": ""Essential local formulary reference"", ""indications"": [""Clinician-directed treatment plan"", ""Routine medication review"", ""Safety screening""], ""common_side_effects"": [""Nausea"", ""Dizziness"", ""Mild abdominal discomfort""], ""serious_side_effects"": [""Severe allergic reaction"", ""Persistent vomiting"", ""Severe weakness"", ""Uncontrolled bleeding""], ""monitoring"": [""Dose and timing review"", ""Clinical symptom tracking"", ""Medication interaction screening""], ""contraindications"": [""Known severe allergy"", ""Severe hepatic or renal impairment without clinician review""], ""interactions"": [""Other medicines in the same treatment class"", ""Alcohol where relevant"", ""Traditional preparations without informed review""], ""pregnancy_lactation"": ""Use only when clinically justified and reviewed with the treating clinician."", ""population"": ""Adults and children when prescribed and clinically appropriate"", ""region"": ""Ethiopia: primary care, referral care, and local community settings"", ""safety_notes"": [""Complete the prescribed course unless instructed otherwise"", ""Urgent review is needed for shortness of breath, rash, fainting, confusion, or severe bleeding""], ""source_ref"": ""Ethiopian formulary references; WHO clinical guidance; national medication safety review"", ""evidence_level"": ""Local formulary reference""}"
medication,1.0.0,"Medication effects, interactions, monitoring, adherence, and referral safety.",antimalarials,Antimalarials,Common antimalarial and malaria-prevention medicines used in Ethiopia and similar endemic settings.,Malaria care|Medication history|Adherence education,"{""name"": ""Primaquine 10 mg Injectable"", ""description"": ""Primaquine is used in Ethiopian clinical and community care settings for a clinician-directed indication. This reference supports safe prescribing, adherence review, and interaction checking."", ""drug_class"": ""Essential local formulary reference"", ""indications"": [""Clinician-directed treatment plan"", ""Routine medication review"", ""Safety screening""], ""common_side_effects"": [""Nausea"", ""Dizziness"", ""Mild abdominal discomfort""], ""serious_side_effects"": [""Severe allergic reaction"", ""Persistent vomiting"", ""Severe weakness"", ""Uncontrolled bleeding""], ""monitoring"": [""Dose and timing review"", ""Clinical symptom tracking"", ""Medication interaction screening""], ""contraindications"": [""Known severe allergy"", ""Severe hepatic or renal impairment without clinician review""], ""interactions"": [""Other medicines in the same treatment class"", ""Alcohol where relevant"", ""Traditional preparations without informed review""], ""pregnancy_lactation"": ""Use only when clinically justified and reviewed with the treating clinician."", ""population"": ""Adults and children when prescribed and clinically appropriate"", ""region"": ""Ethiopia: primary care, referral care, and local community settings"", ""safety_notes"": [""Complete the prescribed course unless instructed otherwise"", ""Urgent review is needed for shortness of breath, rash, fainting, confusion, or severe bleeding""], ""source_ref"": ""Ethiopian formulary references; WHO clinical guidance; national medication safety review"", ""evidence_level"": ""Local formulary reference""}"
medication,1.0.0,"Medication effects, interactions, monitoring, adherence, and referral safety.",antimalarials,Antimalarials,Common antimalarial and malaria-prevention medicines used in Ethiopia and similar endemic settings.,Malaria care|Medication history|Adherence education,"{""name"": ""Primaquine 10 mg Oral suspension"", ""description"": ""Primaquine is used in Ethiopian clinical and community care settings for a clinician-directed indication. This reference supports safe prescribing, adherence review, and interaction checking."", ""drug_class"": ""Essential local formulary reference"", ""indications"": [""Clinician-directed treatment plan"", ""Routine medication review"", ""Safety screening""], ""common_side_effects"": [""Nausea"", ""Dizziness"", ""Mild abdominal discomfort""], ""serious_side_effects"": [""Severe allergic reaction"", ""Persistent vomiting"", ""Severe weakness"", ""Uncontrolled bleeding""], ""monitoring"": [""Dose and timing review"", ""Clinical symptom tracking"", ""Medication interaction screening""], ""contraindications"": [""Known severe allergy"", ""Severe hepatic or renal impairment without clinician review""], ""interactions"": [""Other medicines in the same treatment class"", ""Alcohol where relevant"", ""Traditional preparations without informed review""], ""pregnancy_lactation"": ""Use only when clinically justified and reviewed with the treating clinician."", ""population"": ""Adults and children when prescribed and clinically appropriate"", ""region"": ""Ethiopia: primary care, referral care, and local community settings"", ""safety_notes"": [""Complete the prescribed course unless instructed otherwise"", ""Urgent review is needed for shortness of breath, rash, fainting, confusion, or severe bleeding""], ""source_ref"": ""Ethiopian formulary references; WHO clinical guidance; national medication safety review"", ""evidence_level"": ""Local formulary reference""}"
medication,1.0.0,"Medication effects, interactions, monitoring, adherence, and referral safety.",antimalarials,Antimalarials,Common antimalarial and malaria-prevention medicines used in Ethiopia and similar endemic settings.,Malaria care|Medication history|Adherence education,"{""name"": ""Primaquine 10 mg Inhaler"", ""description"": ""Primaquine is used in Ethiopian clinical and community care settings for a clinician-directed indication. This reference supports safe prescribing, adherence review, and interaction checking."", ""drug_class"": ""Essential local formulary reference"", ""indications"": [""Clinician-directed treatment plan"", ""Routine medication review"", ""Safety screening""], ""common_side_effects"": [""Nausea"", ""Dizziness"", ""Mild abdominal discomfort""], ""serious_side_effects"": [""Severe allergic reaction"", ""Persistent vomiting"", ""Severe weakness"", ""Uncontrolled bleeding""], ""monitoring"": [""Dose and timing review"", ""Clinical symptom tracking"", ""Medication interaction screening""], ""contraindications"": [""Known severe allergy"", ""Severe hepatic or renal impairment without clinician review""], ""interactions"": [""Other medicines in the same treatment class"", ""Alcohol where relevant"", ""Traditional preparations without informed review""], ""pregnancy_lactation"": ""Use only when clinically justified and reviewed with the treating clinician."", ""population"": ""Adults and children when prescribed and clinically appropriate"", ""region"": ""Ethiopia: primary care, referral care, and local community settings"", ""safety_notes"": [""Complete the prescribed course unless instructed otherwise"", ""Urgent review is needed for shortness of breath, rash, fainting, confusion, or severe bleeding""], ""source_ref"": ""Ethiopian formulary references; WHO clinical guidance; national medication safety review"", ""evidence_level"": ""Local formulary reference""}"
medication,1.0.0,"Medication effects, interactions, monitoring, adherence, and referral safety.",antimalarials,Antimalarials,Common antimalarial and malaria-prevention medicines used in Ethiopia and similar endemic settings.,Malaria care|Medication history|Adherence education,"{""name"": ""Primaquine 25 mg Tablet"", ""description"": ""Primaquine is used in Ethiopian clinical and community care settings for a clinician-directed indication. This reference supports safe prescribing, adherence review, and interaction checking."", ""drug_class"": ""Essential local formulary reference"", ""indications"": [""Clinician-directed treatment plan"", ""Routine medication review"", ""Safety screening""], ""common_side_effects"": [""Nausea"", ""Dizziness"", ""Mild abdominal discomfort""], ""serious_side_effects"": [""Severe allergic reaction"", ""Persistent vomiting"", ""Severe weakness"", ""Uncontrolled bleeding""], ""monitoring"": [""Dose and timing review"", ""Clinical symptom tracking"", ""Medication interaction screening""], ""contraindications"": [""Known severe allergy"", ""Severe hepatic or renal impairment without clinician review""], ""interactions"": [""Other medicines in the same treatment class"", ""Alcohol where relevant"", ""Traditional preparations without informed review""], ""pregnancy_lactation"": ""Use only when clinically justified and reviewed with the treating clinician."", ""population"": ""Adults and children when prescribed and clinically appropriate"", ""region"": ""Ethiopia: primary care, referral care, and local community settings"", ""safety_notes"": [""Complete the prescribed course unless instructed otherwise"", ""Urgent review is needed for shortness of breath, rash, fainting, confusion, or severe bleeding""], ""source_ref"": ""Ethiopian formulary references; WHO clinical guidance; national medication safety review"", ""evidence_level"": ""Local formulary reference""}"
medication,1.0.0,"Medication effects, interactions, monitoring, adherence, and referral safety.",antimalarials,Antimalarials,Common antimalarial and malaria-prevention medicines used in Ethiopia and similar endemic settings.,Malaria care|Medication history|Adherence education,"{""name"": ""Primaquine 25 mg Capsule"", ""description"": ""Primaquine is used in Ethiopian clinical and community care settings for a clinician-directed indication. This reference supports safe prescribing, adherence review, and interaction checking."", ""drug_class"": ""Essential local formulary reference"", ""indications"": [""Clinician-directed treatment plan"", ""Routine medication review"", ""Safety screening""], ""common_side_effects"": [""Nausea"", ""Dizziness"", ""Mild abdominal discomfort""], ""serious_side_effects"": [""Severe allergic reaction"", ""Persistent vomiting"", ""Severe weakness"", ""Uncontrolled bleeding""], ""monitoring"": [""Dose and timing review"", ""Clinical symptom tracking"", ""Medication interaction screening""], ""contraindications"": [""Known severe allergy"", ""Severe hepatic or renal impairment without clinician review""], ""interactions"": [""Other medicines in the same treatment class"", ""Alcohol where relevant"", ""Traditional preparations without informed review""], ""pregnancy_lactation"": ""Use only when clinically justified and reviewed with the treating clinician."", ""population"": ""Adults and children when prescribed and clinically appropriate"", ""region"": ""Ethiopia: primary care, referral care, and local community settings"", ""safety_notes"": [""Complete the prescribed course unless instructed otherwise"", ""Urgent review is needed for shortness of breath, rash, fainting, confusion, or severe bleeding""], ""source_ref"": ""Ethiopian formulary references; WHO clinical guidance; national medication safety review"", ""evidence_level"": ""Local formulary reference""}"
medication,1.0.0,"Medication effects, interactions, monitoring, adherence, and referral safety.",antimalarials,Antimalarials,Common antimalarial and malaria-prevention medicines used in Ethiopia and similar endemic settings.,Malaria care|Medication history|Adherence education,"{""name"": ""Primaquine 25 mg Syrup"", ""description"": ""Primaquine is used in Ethiopian clinical and community care settings for a clinician-directed indication. This reference supports safe prescribing, adherence review, and interaction checking."", ""drug_class"": ""Essential local formulary reference"", ""indications"": [""Clinician-directed treatment plan"", ""Routine medication review"", ""Safety screening""], ""common_side_effects"": [""Nausea"", ""Dizziness"", ""Mild abdominal discomfort""], ""serious_side_effects"": [""Severe allergic reaction"", ""Persistent vomiting"", ""Severe weakness"", ""Uncontrolled bleeding""], ""monitoring"": [""Dose and timing review"", ""Clinical symptom tracking"", ""Medication interaction screening""], ""contraindications"": [""Known severe allergy"", ""Severe hepatic or renal impairment without clinician review""], ""interactions"": [""Other medicines in the same treatment class"", ""Alcohol where relevant"", ""Traditional preparations without informed review""], ""pregnancy_lactation"": ""Use only when clinically justified and reviewed with the treating clinician."", ""population"": ""Adults and children when prescribed and clinically appropriate"", ""region"": ""Ethiopia: primary care, referral care, and local community settings"", ""safety_notes"": [""Complete the prescribed course unless instructed otherwise"", ""Urgent review is needed for shortness of breath, rash, fainting, confusion, or severe bleeding""], ""source_ref"": ""Ethiopian formulary references; WHO clinical guidance; national medication safety review"", ""evidence_level"": ""Local formulary reference""}"
medication,1.0.0,"Medication effects, interactions, monitoring, adherence, and referral safety.",antimalarials,Antimalarials,Common antimalarial and malaria-prevention medicines used in Ethiopia and similar endemic settings.,Malaria care|Medication history|Adherence education,"{""name"": ""Primaquine 25 mg Injectable"", ""description"": ""Primaquine is used in Ethiopian clinical and community care settings for a clinician-directed indication. This reference supports safe prescribing, adherence review, and interaction checking."", ""drug_class"": ""Essential local formulary reference"", ""indications"": [""Clinician-directed treatment plan"", ""Routine medication review"", ""Safety screening""], ""common_side_effects"": [""Nausea"", ""Dizziness"", ""Mild abdominal discomfort""], ""serious_side_effects"": [""Severe allergic reaction"", ""Persistent vomiting"", ""Severe weakness"", ""Uncontrolled bleeding""], ""monitoring"": [""Dose and timing review"", ""Clinical symptom tracking"", ""Medication interaction screening""], ""contraindications"": [""Known severe allergy"", ""Severe hepatic or renal impairment without clinician review""], ""interactions"": [""Other medicines in the same treatment class"", ""Alcohol where relevant"", ""Traditional preparations without informed review""], ""pregnancy_lactation"": ""Use only when clinically justified and reviewed with the treating clinician."", ""population"": ""Adults and children when prescribed and clinically appropriate"", ""region"": ""Ethiopia: primary care, referral care, and local community settings"", ""safety_notes"": [""Complete the prescribed course unless instructed otherwise"", ""Urgent review is needed for shortness of breath, rash, fainting, confusion, or severe bleeding""], ""source_ref"": ""Ethiopian formulary references; WHO clinical guidance; national medication safety review"", ""evidence_level"": ""Local formulary reference""}"
medication,1.0.0,"Medication effects, interactions, monitoring, adherence, and referral safety.",antimalarials,Antimalarials,Common antimalarial and malaria-prevention medicines used in Ethiopia and similar endemic settings.,Malaria care|Medication history|Adherence education,"{""name"": ""Primaquine 25 mg Oral suspension"", ""description"": ""Primaquine is used in Ethiopian clinical and community care settings for a clinician-directed indication. This reference supports safe prescribing, adherence review, and interaction checking."", ""drug_class"": ""Essential local formulary reference"", ""indications"": [""Clinician-directed treatment plan"", ""Routine medication review"", ""Safety screening""], ""common_side_effects"": [""Nausea"", ""Dizziness"", ""Mild abdominal discomfort""], ""serious_side_effects"": [""Severe allergic reaction"", ""Persistent vomiting"", ""Severe weakness"", ""Uncontrolled bleeding""], ""monitoring"": [""Dose and timing review"", ""Clinical symptom tracking"", ""Medication interaction screening""], ""contraindications"": [""Known severe allergy"", ""Severe hepatic or renal impairment without clinician review""], ""interactions"": [""Other medicines in the same treatment class"", ""Alcohol where relevant"", ""Traditional preparations without informed review""], ""pregnancy_lactation"": ""Use only when clinically justified and reviewed with the treating clinician."", ""population"": ""Adults and children when prescribed and clinically appropriate"", ""region"": ""Ethiopia: primary care, referral care, and local community settings"", ""safety_notes"": [""Complete the prescribed course unless instructed otherwise"", ""Urgent review is needed for shortness of breath, rash, fainting, confusion, or severe bleeding""], ""source_ref"": ""Ethiopian formulary references; WHO clinical guidance; national medication safety review"", ""evidence_level"": ""Local formulary reference""}"
medication,1.0.0,"Medication effects, interactions, monitoring, adherence, and referral safety.",antimalarials,Antimalarials,Common antimalarial and malaria-prevention medicines used in Ethiopia and similar endemic settings.,Malaria care|Medication history|Adherence education,"{""name"": ""Primaquine 25 mg Inhaler"", ""description"": ""Primaquine is used in Ethiopian clinical and community care settings for a clinician-directed indication. This reference supports safe prescribing, adherence review, and interaction checking."", ""drug_class"": ""Essential local formulary reference"", ""indications"": [""Clinician-directed treatment plan"", ""Routine medication review"", ""Safety screening""], ""common_side_effects"": [""Nausea"", ""Dizziness"", ""Mild abdominal discomfort""], ""serious_side_effects"": [""Severe allergic reaction"", ""Persistent vomiting"", ""Severe weakness"", ""Uncontrolled bleeding""], ""monitoring"": [""Dose and timing review"", ""Clinical symptom tracking"", ""Medication interaction screening""], ""contraindications"": [""Known severe allergy"", ""Severe hepatic or renal impairment without clinician review""], ""interactions"": [""Other medicines in the same treatment class"", ""Alcohol where relevant"", ""Traditional preparations without informed review""], ""pregnancy_lactation"": ""Use only when clinically justified and reviewed with the treating clinician."", ""population"": ""Adults and children when prescribed and clinically appropriate"", ""region"": ""Ethiopia: primary care, referral care, and local community settings"", ""safety_notes"": [""Complete the prescribed course unless instructed otherwise"", ""Urgent review is needed for shortness of breath, rash, fainting, confusion, or severe bleeding""], ""source_ref"": ""Ethiopian formulary references; WHO clinical guidance; national medication safety review"", ""evidence_level"": ""Local formulary reference""}"
medication,1.0.0,"Medication effects, interactions, monitoring, adherence, and referral safety.",antimalarials,Antimalarials,Common antimalarial and malaria-prevention medicines used in Ethiopia and similar endemic settings.,Malaria care|Medication history|Adherence education,"{""name"": ""Primaquine 50 mg Tablet"", ""description"": ""Primaquine is used in Ethiopian clinical and community care settings for a clinician-directed indication. This reference supports safe prescribing, adherence review, and interaction checking."", ""drug_class"": ""Essential local formulary reference"", ""indications"": [""Clinician-directed treatment plan"", ""Routine medication review"", ""Safety screening""], ""common_side_effects"": [""Nausea"", ""Dizziness"", ""Mild abdominal discomfort""], ""serious_side_effects"": [""Severe allergic reaction"", ""Persistent vomiting"", ""Severe weakness"", ""Uncontrolled bleeding""], ""monitoring"": [""Dose and timing review"", ""Clinical symptom tracking"", ""Medication interaction screening""], ""contraindications"": [""Known severe allergy"", ""Severe hepatic or renal impairment without clinician review""], ""interactions"": [""Other medicines in the same treatment class"", ""Alcohol where relevant"", ""Traditional preparations without informed review""], ""pregnancy_lactation"": ""Use only when clinically justified and reviewed with the treating clinician."", ""population"": ""Adults and children when prescribed and clinically appropriate"", ""region"": ""Ethiopia: primary care, referral care, and local community settings"", ""safety_notes"": [""Complete the prescribed course unless instructed otherwise"", ""Urgent review is needed for shortness of breath, rash, fainting, confusion, or severe bleeding""], ""source_ref"": ""Ethiopian formulary references; WHO clinical guidance; national medication safety review"", ""evidence_level"": ""Local formulary reference""}"
medication,1.0.0,"Medication effects, interactions, monitoring, adherence, and referral safety.",antimalarials,Antimalarials,Common antimalarial and malaria-prevention medicines used in Ethiopia and similar endemic settings.,Malaria care|Medication history|Adherence education,"{""name"": ""Primaquine 50 mg Capsule"", ""description"": ""Primaquine is used in Ethiopian clinical and community care settings for a clinician-directed indication. This reference supports safe prescribing, adherence review, and interaction checking."", ""drug_class"": ""Essential local formulary reference"", ""indications"": [""Clinician-directed treatment plan"", ""Routine medication review"", ""Safety screening""], ""common_side_effects"": [""Nausea"", ""Dizziness"", ""Mild abdominal discomfort""], ""serious_side_effects"": [""Severe allergic reaction"", ""Persistent vomiting"", ""Severe weakness"", ""Uncontrolled bleeding""], ""monitoring"": [""Dose and timing review"", ""Clinical symptom tracking"", ""Medication interaction screening""], ""contraindications"": [""Known severe allergy"", ""Severe hepatic or renal impairment without clinician review""], ""interactions"": [""Other medicines in the same treatment class"", ""Alcohol where relevant"", ""Traditional preparations without informed review""], ""pregnancy_lactation"": ""Use only when clinically justified and reviewed with the treating clinician."", ""population"": ""Adults and children when prescribed and clinically appropriate"", ""region"": ""Ethiopia: primary care, referral care, and local community settings"", ""safety_notes"": [""Complete the prescribed course unless instructed otherwise"", ""Urgent review is needed for shortness of breath, rash, fainting, confusion, or severe bleeding""], ""source_ref"": ""Ethiopian formulary references; WHO clinical guidance; national medication safety review"", ""evidence_level"": ""Local formulary reference""}"
medication,1.0.0,"Medication effects, interactions, monitoring, adherence, and referral safety.",antimalarials,Antimalarials,Common antimalarial and malaria-prevention medicines used in Ethiopia and similar endemic settings.,Malaria care|Medication history|Adherence education,"{""name"": ""Primaquine 50 mg Syrup"", ""description"": ""Primaquine is used in Ethiopian clinical and community care settings for a clinician-directed indication. This reference supports safe prescribing, adherence review, and interaction checking."", ""drug_class"": ""Essential local formulary reference"", ""indications"": [""Clinician-directed treatment plan"", ""Routine medication review"", ""Safety screening""], ""common_side_effects"": [""Nausea"", ""Dizziness"", ""Mild abdominal discomfort""], ""serious_side_effects"": [""Severe allergic reaction"", ""Persistent vomiting"", ""Severe weakness"", ""Uncontrolled bleeding""], ""monitoring"": [""Dose and timing review"", ""Clinical symptom tracking"", ""Medication interaction screening""], ""contraindications"": [""Known severe allergy"", ""Severe hepatic or renal impairment without clinician review""], ""interactions"": [""Other medicines in the same treatment class"", ""Alcohol where relevant"", ""Traditional preparations without informed review""], ""pregnancy_lactation"": ""Use only when clinically justified and reviewed with the treating clinician."", ""population"": ""Adults and children when prescribed and clinically appropriate"", ""region"": ""Ethiopia: primary care, referral care, and local community settings"", ""safety_notes"": [""Complete the prescribed course unless instructed otherwise"", ""Urgent review is needed for shortness of breath, rash, fainting, confusion, or severe bleeding""], ""source_ref"": ""Ethiopian formulary references; WHO clinical guidance; national medication safety review"", ""evidence_level"": ""Local formulary reference""}"
medication,1.0.0,"Medication effects, interactions, monitoring, adherence, and referral safety.",antimalarials,Antimalarials,Common antimalarial and malaria-prevention medicines used in Ethiopia and similar endemic settings.,Malaria care|Medication history|Adherence education,"{""name"": ""Primaquine 50 mg Injectable"", ""description"": ""Primaquine is used in Ethiopian clinical and community care settings for a clinician-directed indication. This reference supports safe prescribing, adherence review, and interaction checking."", ""drug_class"": ""Essential local formulary reference"", ""indications"": [""Clinician-directed treatment plan"", ""Routine medication review"", ""Safety screening""], ""common_side_effects"": [""Nausea"", ""Dizziness"", ""Mild abdominal discomfort""], ""serious_side_effects"": [""Severe allergic reaction"", ""Persistent vomiting"", ""Severe weakness"", ""Uncontrolled bleeding""], ""monitoring"": [""Dose and timing review"", ""Clinical symptom tracking"", ""Medication interaction screening""], ""contraindications"": [""Known severe allergy"", ""Severe hepatic or renal impairment without clinician review""], ""interactions"": [""Other medicines in the same treatment class"", ""Alcohol where relevant"", ""Traditional preparations without informed review""], ""pregnancy_lactation"": ""Use only when clinically justified and reviewed with the treating clinician."", ""population"": ""Adults and children when prescribed and clinically appropriate"", ""region"": ""Ethiopia: primary care, referral care, and local community settings"", ""safety_notes"": [""Complete the prescribed course unless instructed otherwise"", ""Urgent review is needed for shortness of breath, rash, fainting, confusion, or severe bleeding""], ""source_ref"": ""Ethiopian formulary references; WHO clinical guidance; national medication safety review"", ""evidence_level"": ""Local formulary reference""}"
medication,1.0.0,"Medication effects, interactions, monitoring, adherence, and referral safety.",antimalarials,Antimalarials,Common antimalarial and malaria-prevention medicines used in Ethiopia and similar endemic settings.,Malaria care|Medication history|Adherence education,"{""name"": ""Primaquine 50 mg Oral suspension"", ""description"": ""Primaquine is used in Ethiopian clinical and community care settings for a clinician-directed indication. This reference supports safe prescribing, adherence review, and interaction checking."", ""drug_class"": ""Essential local formulary reference"", ""indications"": [""Clinician-directed treatment plan"", ""Routine medication review"", ""Safety screening""], ""common_side_effects"": [""Nausea"", ""Dizziness"", ""Mild abdominal discomfort""], ""serious_side_effects"": [""Severe allergic reaction"", ""Persistent vomiting"", ""Severe weakness"", ""Uncontrolled bleeding""], ""monitoring"": [""Dose and timing review"", ""Clinical symptom tracking"", ""Medication interaction screening""], ""contraindications"": [""Known severe allergy"", ""Severe hepatic or renal impairment without clinician review""], ""interactions"": [""Other medicines in the same treatment class"", ""Alcohol where relevant"", ""Traditional preparations without informed review""], ""pregnancy_lactation"": ""Use only when clinically justified and reviewed with the treating clinician."", ""population"": ""Adults and children when prescribed and clinically appropriate"", ""region"": ""Ethiopia: primary care, referral care, and local community settings"", ""safety_notes"": [""Complete the prescribed course unless instructed otherwise"", ""Urgent review is needed for shortness of breath, rash, fainting, confusion, or severe bleeding""], ""source_ref"": ""Ethiopian formulary references; WHO clinical guidance; national medication safety review"", ""evidence_level"": ""Local formulary reference""}"
medication,1.0.0,"Medication effects, interactions, monitoring, adherence, and referral safety.",antimalarials,Antimalarials,Common antimalarial and malaria-prevention medicines used in Ethiopia and similar endemic settings.,Malaria care|Medication history|Adherence education,"{""name"": ""Primaquine 50 mg Inhaler"", ""description"": ""Primaquine is used in Ethiopian clinical and community care settings for a clinician-directed indication. This reference supports safe prescribing, adherence review, and interaction checking."", ""drug_class"": ""Essential local formulary reference"", ""indications"": [""Clinician-directed treatment plan"", ""Routine medication review"", ""Safety screening""], ""common_side_effects"": [""Nausea"", ""Dizziness"", ""Mild abdominal discomfort""], ""serious_side_effects"": [""Severe allergic reaction"", ""Persistent vomiting"", ""Severe weakness"", ""Uncontrolled bleeding""], ""monitoring"": [""Dose and timing review"", ""Clinical symptom tracking"", ""Medication interaction screening""], ""contraindications"": [""Known severe allergy"", ""Severe hepatic or renal impairment without clinician review""], ""interactions"": [""Other medicines in the same treatment class"", ""Alcohol where relevant"", ""Traditional preparations without informed review""], ""pregnancy_lactation"": ""Use only when clinically justified and reviewed with the treating clinician."", ""population"": ""Adults and children when prescribed and clinically appropriate"", ""region"": ""Ethiopia: primary care, referral care, and local community settings"", ""safety_notes"": [""Complete the prescribed course unless instructed otherwise"", ""Urgent review is needed for shortness of breath, rash, fainting, confusion, or severe bleeding""], ""source_ref"": ""Ethiopian formulary references; WHO clinical guidance; national medication safety review"", ""evidence_level"": ""Local formulary reference""}"
medication,1.0.0,"Medication effects, interactions, monitoring, adherence, and referral safety.",antimalarials,Antimalarials,Common antimalarial and malaria-prevention medicines used in Ethiopia and similar endemic settings.,Malaria care|Medication history|Adherence education,"{""name"": ""Primaquine 100 mg Tablet"", ""description"": ""Primaquine is used in Ethiopian clinical and community care settings for a clinician-directed indication. This reference supports safe prescribing, adherence review, and interaction checking."", ""drug_class"": ""Essential local formulary reference"", ""indications"": [""Clinician-directed treatment plan"", ""Routine medication review"", ""Safety screening""], ""common_side_effects"": [""Nausea"", ""Dizziness"", ""Mild abdominal discomfort""], ""serious_side_effects"": [""Severe allergic reaction"", ""Persistent vomiting"", ""Severe weakness"", ""Uncontrolled bleeding""], ""monitoring"": [""Dose and timing review"", ""Clinical symptom tracking"", ""Medication interaction screening""], ""contraindications"": [""Known severe allergy"", ""Severe hepatic or renal impairment without clinician review""], ""interactions"": [""Other medicines in the same treatment class"", ""Alcohol where relevant"", ""Traditional preparations without informed review""], ""pregnancy_lactation"": ""Use only when clinically justified and reviewed with the treating clinician."", ""population"": ""Adults and children when prescribed and clinically appropriate"", ""region"": ""Ethiopia: primary care, referral care, and local community settings"", ""safety_notes"": [""Complete the prescribed course unless instructed otherwise"", ""Urgent review is needed for shortness of breath, rash, fainting, confusion, or severe bleeding""], ""source_ref"": ""Ethiopian formulary references; WHO clinical guidance; national medication safety review"", ""evidence_level"": ""Local formulary reference""}"
medication,1.0.0,"Medication effects, interactions, monitoring, adherence, and referral safety.",antimalarials,Antimalarials,Common antimalarial and malaria-prevention medicines used in Ethiopia and similar endemic settings.,Malaria care|Medication history|Adherence education,"{""name"": ""Primaquine 100 mg Capsule"", ""description"": ""Primaquine is used in Ethiopian clinical and community care settings for a clinician-directed indication. This reference supports safe prescribing, adherence review, and interaction checking."", ""drug_class"": ""Essential local formulary reference"", ""indications"": [""Clinician-directed treatment plan"", ""Routine medication review"", ""Safety screening""], ""common_side_effects"": [""Nausea"", ""Dizziness"", ""Mild abdominal discomfort""], ""serious_side_effects"": [""Severe allergic reaction"", ""Persistent vomiting"", ""Severe weakness"", ""Uncontrolled bleeding""], ""monitoring"": [""Dose and timing review"", ""Clinical symptom tracking"", ""Medication interaction screening""], ""contraindications"": [""Known severe allergy"", ""Severe hepatic or renal impairment without clinician review""], ""interactions"": [""Other medicines in the same treatment class"", ""Alcohol where relevant"", ""Traditional preparations without informed review""], ""pregnancy_lactation"": ""Use only when clinically justified and reviewed with the treating clinician."", ""population"": ""Adults and children when prescribed and clinically appropriate"", ""region"": ""Ethiopia: primary care, referral care, and local community settings"", ""safety_notes"": [""Complete the prescribed course unless instructed otherwise"", ""Urgent review is needed for shortness of breath, rash, fainting, confusion, or severe bleeding""], ""source_ref"": ""Ethiopian formulary references; WHO clinical guidance; national medication safety review"", ""evidence_level"": ""Local formulary reference""}"
medication,1.0.0,"Medication effects, interactions, monitoring, adherence, and referral safety.",antimalarials,Antimalarials,Common antimalarial and malaria-prevention medicines used in Ethiopia and similar endemic settings.,Malaria care|Medication history|Adherence education,"{""name"": ""Primaquine 100 mg Syrup"", ""description"": ""Primaquine is used in Ethiopian clinical and community care settings for a clinician-directed indication. This reference supports safe prescribing, adherence review, and interaction checking."", ""drug_class"": ""Essential local formulary reference"", ""indications"": [""Clinician-directed treatment plan"", ""Routine medication review"", ""Safety screening""], ""common_side_effects"": [""Nausea"", ""Dizziness"", ""Mild abdominal discomfort""], ""serious_side_effects"": [""Severe allergic reaction"", ""Persistent vomiting"", ""Severe weakness"", ""Uncontrolled bleeding""], ""monitoring"": [""Dose and timing review"", ""Clinical symptom tracking"", ""Medication interaction screening""], ""contraindications"": [""Known severe allergy"", ""Severe hepatic or renal impairment without clinician review""], ""interactions"": [""Other medicines in the same treatment class"", ""Alcohol where relevant"", ""Traditional preparations without informed review""], ""pregnancy_lactation"": ""Use only when clinically justified and reviewed with the treating clinician."", ""population"": ""Adults and children when prescribed and clinically appropriate"", ""region"": ""Ethiopia: primary care, referral care, and local community settings"", ""safety_notes"": [""Complete the prescribed course unless instructed otherwise"", ""Urgent review is needed for shortness of breath, rash, fainting, confusion, or severe bleeding""], ""source_ref"": ""Ethiopian formulary references; WHO clinical guidance; national medication safety review"", ""evidence_level"": ""Local formulary reference""}"
medication,1.0.0,"Medication effects, interactions, monitoring, adherence, and referral safety.",antimalarials,Antimalarials,Common antimalarial and malaria-prevention medicines used in Ethiopia and similar endemic settings.,Malaria care|Medication history|Adherence education,"{""name"": ""Primaquine 100 mg Injectable"", ""description"": ""Primaquine is used in Ethiopian clinical and community care settings for a clinician-directed indication. This reference supports safe prescribing, adherence review, and interaction checking."", ""drug_class"": ""Essential local formulary reference"", ""indications"": [""Clinician-directed treatment plan"", ""Routine medication review"", ""Safety screening""], ""common_side_effects"": [""Nausea"", ""Dizziness"", ""Mild abdominal discomfort""], ""serious_side_effects"": [""Severe allergic reaction"", ""Persistent vomiting"", ""Severe weakness"", ""Uncontrolled bleeding""], ""monitoring"": [""Dose and timing review"", ""Clinical symptom tracking"", ""Medication interaction screening""], ""contraindications"": [""Known severe allergy"", ""Severe hepatic or renal impairment without clinician review""], ""interactions"": [""Other medicines in the same treatment class"", ""Alcohol where relevant"", ""Traditional preparations without informed review""], ""pregnancy_lactation"": ""Use only when clinically justified and reviewed with the treating clinician."", ""population"": ""Adults and children when prescribed and clinically appropriate"", ""region"": ""Ethiopia: primary care, referral care, and local community settings"", ""safety_notes"": [""Complete the prescribed course unless instructed otherwise"", ""Urgent review is needed for shortness of breath, rash, fainting, confusion, or severe bleeding""], ""source_ref"": ""Ethiopian formulary references; WHO clinical guidance; national medication safety review"", ""evidence_level"": ""Local formulary reference""}"
medication,1.0.0,"Medication effects, interactions, monitoring, adherence, and referral safety.",antimalarials,Antimalarials,Common antimalarial and malaria-prevention medicines used in Ethiopia and similar endemic settings.,Malaria care|Medication history|Adherence education,"{""name"": ""Primaquine 100 mg Oral suspension"", ""description"": ""Primaquine is used in Ethiopian clinical and community care settings for a clinician-directed indication. This reference supports safe prescribing, adherence review, and interaction checking."", ""drug_class"": ""Essential local formulary reference"", ""indications"": [""Clinician-directed treatment plan"", ""Routine medication review"", ""Safety screening""], ""common_side_effects"": [""Nausea"", ""Dizziness"", ""Mild abdominal discomfort""], ""serious_side_effects"": [""Severe allergic reaction"", ""Persistent vomiting"", ""Severe weakness"", ""Uncontrolled bleeding""], ""monitoring"": [""Dose and timing review"", ""Clinical symptom tracking"", ""Medication interaction screening""], ""contraindications"": [""Known severe allergy"", ""Severe hepatic or renal impairment without clinician review""], ""interactions"": [""Other medicines in the same treatment class"", ""Alcohol where relevant"", ""Traditional preparations without informed review""], ""pregnancy_lactation"": ""Use only when clinically justified and reviewed with the treating clinician."", ""population"": ""Adults and children when prescribed and clinically appropriate"", ""region"": ""Ethiopia: primary care, referral care, and local community settings"", ""safety_notes"": [""Complete the prescribed course unless instructed otherwise"", ""Urgent review is needed for shortness of breath, rash, fainting, confusion, or severe bleeding""], ""source_ref"": ""Ethiopian formulary references; WHO clinical guidance; national medication safety review"", ""evidence_level"": ""Local formulary reference""}"
medication,1.0.0,"Medication effects, interactions, monitoring, adherence, and referral safety.",antimalarials,Antimalarials,Common antimalarial and malaria-prevention medicines used in Ethiopia and similar endemic settings.,Malaria care|Medication history|Adherence education,"{""name"": ""Primaquine 100 mg Inhaler"", ""description"": ""Primaquine is used in Ethiopian clinical and community care settings for a clinician-directed indication. This reference supports safe prescribing, adherence review, and interaction checking."", ""drug_class"": ""Essential local formulary reference"", ""indications"": [""Clinician-directed treatment plan"", ""Routine medication review"", ""Safety screening""], ""common_side_effects"": [""Nausea"", ""Dizziness"", ""Mild abdominal discomfort""], ""serious_side_effects"": [""Severe allergic reaction"", ""Persistent vomiting"", ""Severe weakness"", ""Uncontrolled bleeding""], ""monitoring"": [""Dose and timing review"", ""Clinical symptom tracking"", ""Medication interaction screening""], ""contraindications"": [""Known severe allergy"", ""Severe hepatic or renal impairment without clinician review""], ""interactions"": [""Other medicines in the same treatment class"", ""Alcohol where relevant"", ""Traditional preparations without informed review""], ""pregnancy_lactation"": ""Use only when clinically justified and reviewed with the treating clinician."", ""population"": ""Adults and children when prescribed and clinically appropriate"", ""region"": ""Ethiopia: primary care, referral care, and local community settings"", ""safety_notes"": [""Complete the prescribed course unless instructed otherwise"", ""Urgent review is needed for shortness of breath, rash, fainting, confusion, or severe bleeding""], ""source_ref"": ""Ethiopian formulary references; WHO clinical guidance; national medication safety review"", ""evidence_level"": ""Local formulary reference""}"
medication,1.0.0,"Medication effects, interactions, monitoring, adherence, and referral safety.",antimalarials,Antimalarials,Common antimalarial and malaria-prevention medicines used in Ethiopia and similar endemic settings.,Malaria care|Medication history|Adherence education,"{""name"": ""Primaquine 250 mg Tablet"", ""description"": ""Primaquine is used in Ethiopian clinical and community care settings for a clinician-directed indication. This reference supports safe prescribing, adherence review, and interaction checking."", ""drug_class"": ""Essential local formulary reference"", ""indications"": [""Clinician-directed treatment plan"", ""Routine medication review"", ""Safety screening""], ""common_side_effects"": [""Nausea"", ""Dizziness"", ""Mild abdominal discomfort""], ""serious_side_effects"": [""Severe allergic reaction"", ""Persistent vomiting"", ""Severe weakness"", ""Uncontrolled bleeding""], ""monitoring"": [""Dose and timing review"", ""Clinical symptom tracking"", ""Medication interaction screening""], ""contraindications"": [""Known severe allergy"", ""Severe hepatic or renal impairment without clinician review""], ""interactions"": [""Other medicines in the same treatment class"", ""Alcohol where relevant"", ""Traditional preparations without informed review""], ""pregnancy_lactation"": ""Use only when clinically justified and reviewed with the treating clinician."", ""population"": ""Adults and children when prescribed and clinically appropriate"", ""region"": ""Ethiopia: primary care, referral care, and local community settings"", ""safety_notes"": [""Complete the prescribed course unless instructed otherwise"", ""Urgent review is needed for shortness of breath, rash, fainting, confusion, or severe bleeding""], ""source_ref"": ""Ethiopian formulary references; WHO clinical guidance; national medication safety review"", ""evidence_level"": ""Local formulary reference""}"
medication,1.0.0,"Medication effects, interactions, monitoring, adherence, and referral safety.",antimalarials,Antimalarials,Common antimalarial and malaria-prevention medicines used in Ethiopia and similar endemic settings.,Malaria care|Medication history|Adherence education,"{""name"": ""Primaquine 250 mg Capsule"", ""description"": ""Primaquine is used in Ethiopian clinical and community care settings for a clinician-directed indication. This reference supports safe prescribing, adherence review, and interaction checking."", ""drug_class"": ""Essential local formulary reference"", ""indications"": [""Clinician-directed treatment plan"", ""Routine medication review"", ""Safety screening""], ""common_side_effects"": [""Nausea"", ""Dizziness"", ""Mild abdominal discomfort""], ""serious_side_effects"": [""Severe allergic reaction"", ""Persistent vomiting"", ""Severe weakness"", ""Uncontrolled bleeding""], ""monitoring"": [""Dose and timing review"", ""Clinical symptom tracking"", ""Medication interaction screening""], ""contraindications"": [""Known severe allergy"", ""Severe hepatic or renal impairment without clinician review""], ""interactions"": [""Other medicines in the same treatment class"", ""Alcohol where relevant"", ""Traditional preparations without informed review""], ""pregnancy_lactation"": ""Use only when clinically justified and reviewed with the treating clinician."", ""population"": ""Adults and children when prescribed and clinically appropriate"", ""region"": ""Ethiopia: primary care, referral care, and local community settings"", ""safety_notes"": [""Complete the prescribed course unless instructed otherwise"", ""Urgent review is needed for shortness of breath, rash, fainting, confusion, or severe bleeding""], ""source_ref"": ""Ethiopian formulary references; WHO clinical guidance; national medication safety review"", ""evidence_level"": ""Local formulary reference""}"
medication,1.0.0,"Medication effects, interactions, monitoring, adherence, and referral safety.",antimalarials,Antimalarials,Common antimalarial and malaria-prevention medicines used in Ethiopia and similar endemic settings.,Malaria care|Medication history|Adherence education,"{""name"": ""Primaquine 250 mg Syrup"", ""description"": ""Primaquine is used in Ethiopian clinical and community care settings for a clinician-directed indication. This reference supports safe prescribing, adherence review, and interaction checking."", ""drug_class"": ""Essential local formulary reference"", ""indications"": [""Clinician-directed treatment plan"", ""Routine medication review"", ""Safety screening""], ""common_side_effects"": [""Nausea"", ""Dizziness"", ""Mild abdominal discomfort""], ""serious_side_effects"": [""Severe allergic reaction"", ""Persistent vomiting"", ""Severe weakness"", ""Uncontrolled bleeding""], ""monitoring"": [""Dose and timing review"", ""Clinical symptom tracking"", ""Medication interaction screening""], ""contraindications"": [""Known severe allergy"", ""Severe hepatic or renal impairment without clinician review""], ""interactions"": [""Other medicines in the same treatment class"", ""Alcohol where relevant"", ""Traditional preparations without informed review""], ""pregnancy_lactation"": ""Use only when clinically justified and reviewed with the treating clinician."", ""population"": ""Adults and children when prescribed and clinically appropriate"", ""region"": ""Ethiopia: primary care, referral care, and local community settings"", ""safety_notes"": [""Complete the prescribed course unless instructed otherwise"", ""Urgent review is needed for shortness of breath, rash, fainting, confusion, or severe bleeding""], ""source_ref"": ""Ethiopian formulary references; WHO clinical guidance; national medication safety review"", ""evidence_level"": ""Local formulary reference""}"
medication,1.0.0,"Medication effects, interactions, monitoring, adherence, and referral safety.",antimalarials,Antimalarials,Common antimalarial and malaria-prevention medicines used in Ethiopia and similar endemic settings.,Malaria care|Medication history|Adherence education,"{""name"": ""Primaquine 250 mg Injectable"", ""description"": ""Primaquine is used in Ethiopian clinical and community care settings for a clinician-directed indication. This reference supports safe prescribing, adherence review, and interaction checking."", ""drug_class"": ""Essential local formulary reference"", ""indications"": [""Clinician-directed treatment plan"", ""Routine medication review"", ""Safety screening""], ""common_side_effects"": [""Nausea"", ""Dizziness"", ""Mild abdominal discomfort""], ""serious_side_effects"": [""Severe allergic reaction"", ""Persistent vomiting"", ""Severe weakness"", ""Uncontrolled bleeding""], ""monitoring"": [""Dose and timing review"", ""Clinical symptom tracking"", ""Medication interaction screening""], ""contraindications"": [""Known severe allergy"", ""Severe hepatic or renal impairment without clinician review""], ""interactions"": [""Other medicines in the same treatment class"", ""Alcohol where relevant"", ""Traditional preparations without informed review""], ""pregnancy_lactation"": ""Use only when clinically justified and reviewed with the treating clinician."", ""population"": ""Adults and children when prescribed and clinically appropriate"", ""region"": ""Ethiopia: primary care, referral care, and local community settings"", ""safety_notes"": [""Complete the prescribed course unless instructed otherwise"", ""Urgent review is needed for shortness of breath, rash, fainting, confusion, or severe bleeding""], ""source_ref"": ""Ethiopian formulary references; WHO clinical guidance; national medication safety review"", ""evidence_level"": ""Local formulary reference""}"
medication,1.0.0,"Medication effects, interactions, monitoring, adherence, and referral safety.",antimalarials,Antimalarials,Common antimalarial and malaria-prevention medicines used in Ethiopia and similar endemic settings.,Malaria care|Medication history|Adherence education,"{""name"": ""Primaquine 250 mg Oral suspension"", ""description"": ""Primaquine is used in Ethiopian clinical and community care settings for a clinician-directed indication. This reference supports safe prescribing, adherence review, and interaction checking."", ""drug_class"": ""Essential local formulary reference"", ""indications"": [""Clinician-directed treatment plan"", ""Routine medication review"", ""Safety screening""], ""common_side_effects"": [""Nausea"", ""Dizziness"", ""Mild abdominal discomfort""], ""serious_side_effects"": [""Severe allergic reaction"", ""Persistent vomiting"", ""Severe weakness"", ""Uncontrolled bleeding""], ""monitoring"": [""Dose and timing review"", ""Clinical symptom tracking"", ""Medication interaction screening""], ""contraindications"": [""Known severe allergy"", ""Severe hepatic or renal impairment without clinician review""], ""interactions"": [""Other medicines in the same treatment class"", ""Alcohol where relevant"", ""Traditional preparations without informed review""], ""pregnancy_lactation"": ""Use only when clinically justified and reviewed with the treating clinician."", ""population"": ""Adults and children when prescribed and clinically appropriate"", ""region"": ""Ethiopia: primary care, referral care, and local community settings"", ""safety_notes"": [""Complete the prescribed course unless instructed otherwise"", ""Urgent review is needed for shortness of breath, rash, fainting, confusion, or severe bleeding""], ""source_ref"": ""Ethiopian formulary references; WHO clinical guidance; national medication safety review"", ""evidence_level"": ""Local formulary reference""}"
medication,1.0.0,"Medication effects, interactions, monitoring, adherence, and referral safety.",antimalarials,Antimalarials,Common antimalarial and malaria-prevention medicines used in Ethiopia and similar endemic settings.,Malaria care|Medication history|Adherence education,"{""name"": ""Primaquine 250 mg Inhaler"", ""description"": ""Primaquine is used in Ethiopian clinical and community care settings for a clinician-directed indication. This reference supports safe prescribing, adherence review, and interaction checking."", ""drug_class"": ""Essential local formulary reference"", ""indications"": [""Clinician-directed treatment plan"", ""Routine medication review"", ""Safety screening""], ""common_side_effects"": [""Nausea"", ""Dizziness"", ""Mild abdominal discomfort""], ""serious_side_effects"": [""Severe allergic reaction"", ""Persistent vomiting"", ""Severe weakness"", ""Uncontrolled bleeding""], ""monitoring"": [""Dose and timing review"", ""Clinical symptom tracking"", ""Medication interaction screening""], ""contraindications"": [""Known severe allergy"", ""Severe hepatic or renal impairment without clinician review""], ""interactions"": [""Other medicines in the same treatment class"", ""Alcohol where relevant"", ""Traditional preparations without informed review""], ""pregnancy_lactation"": ""Use only when clinically justified and reviewed with the treating clinician."", ""population"": ""Adults and children when prescribed and clinically appropriate"", ""region"": ""Ethiopia: primary care, referral care, and local community settings"", ""safety_notes"": [""Complete the prescribed course unless instructed otherwise"", ""Urgent review is needed for shortness of breath, rash, fainting, confusion, or severe bleeding""], ""source_ref"": ""Ethiopian formulary references; WHO clinical guidance; national medication safety review"", ""evidence_level"": ""Local formulary reference""}"
medication,1.0.0,"Medication effects, interactions, monitoring, adherence, and referral safety.",antimalarials,Antimalarials,Common antimalarial and malaria-prevention medicines used in Ethiopia and similar endemic settings.,Malaria care|Medication history|Adherence education,"{""name"": ""Primaquine 500 mg Tablet"", ""description"": ""Primaquine is used in Ethiopian clinical and community care settings for a clinician-directed indication. This reference supports safe prescribing, adherence review, and interaction checking."", ""drug_class"": ""Essential local formulary reference"", ""indications"": [""Clinician-directed treatment plan"", ""Routine medication review"", ""Safety screening""], ""common_side_effects"": [""Nausea"", ""Dizziness"", ""Mild abdominal discomfort""], ""serious_side_effects"": [""Severe allergic reaction"", ""Persistent vomiting"", ""Severe weakness"", ""Uncontrolled bleeding""], ""monitoring"": [""Dose and timing review"", ""Clinical symptom tracking"", ""Medication interaction screening""], ""contraindications"": [""Known severe allergy"", ""Severe hepatic or renal impairment without clinician review""], ""interactions"": [""Other medicines in the same treatment class"", ""Alcohol where relevant"", ""Traditional preparations without informed review""], ""pregnancy_lactation"": ""Use only when clinically justified and reviewed with the treating clinician."", ""population"": ""Adults and children when prescribed and clinically appropriate"", ""region"": ""Ethiopia: primary care, referral care, and local community settings"", ""safety_notes"": [""Complete the prescribed course unless instructed otherwise"", ""Urgent review is needed for shortness of breath, rash, fainting, confusion, or severe bleeding""], ""source_ref"": ""Ethiopian formulary references; WHO clinical guidance; national medication safety review"", ""evidence_level"": ""Local formulary reference""}"
medication,1.0.0,"Medication effects, interactions, monitoring, adherence, and referral safety.",antimalarials,Antimalarials,Common antimalarial and malaria-prevention medicines used in Ethiopia and similar endemic settings.,Malaria care|Medication history|Adherence education,"{""name"": ""Primaquine 500 mg Capsule"", ""description"": ""Primaquine is used in Ethiopian clinical and community care settings for a clinician-directed indication. This reference supports safe prescribing, adherence review, and interaction checking."", ""drug_class"": ""Essential local formulary reference"", ""indications"": [""Clinician-directed treatment plan"", ""Routine medication review"", ""Safety screening""], ""common_side_effects"": [""Nausea"", ""Dizziness"", ""Mild abdominal discomfort""], ""serious_side_effects"": [""Severe allergic reaction"", ""Persistent vomiting"", ""Severe weakness"", ""Uncontrolled bleeding""], ""monitoring"": [""Dose and timing review"", ""Clinical symptom tracking"", ""Medication interaction screening""], ""contraindications"": [""Known severe allergy"", ""Severe hepatic or renal impairment without clinician review""], ""interactions"": [""Other medicines in the same treatment class"", ""Alcohol where relevant"", ""Traditional preparations without informed review""], ""pregnancy_lactation"": ""Use only when clinically justified and reviewed with the treating clinician."", ""population"": ""Adults and children when prescribed and clinically appropriate"", ""region"": ""Ethiopia: primary care, referral care, and local community settings"", ""safety_notes"": [""Complete the prescribed course unless instructed otherwise"", ""Urgent review is needed for shortness of breath, rash, fainting, confusion, or severe bleeding""], ""source_ref"": ""Ethiopian formulary references; WHO clinical guidance; national medication safety review"", ""evidence_level"": ""Local formulary reference""}"
medication,1.0.0,"Medication effects, interactions, monitoring, adherence, and referral safety.",antimalarials,Antimalarials,Common antimalarial and malaria-prevention medicines used in Ethiopia and similar endemic settings.,Malaria care|Medication history|Adherence education,"{""name"": ""Primaquine 500 mg Syrup"", ""description"": ""Primaquine is used in Ethiopian clinical and community care settings for a clinician-directed indication. This reference supports safe prescribing, adherence review, and interaction checking."", ""drug_class"": ""Essential local formulary reference"", ""indications"": [""Clinician-directed treatment plan"", ""Routine medication review"", ""Safety screening""], ""common_side_effects"": [""Nausea"", ""Dizziness"", ""Mild abdominal discomfort""], ""serious_side_effects"": [""Severe allergic reaction"", ""Persistent vomiting"", ""Severe weakness"", ""Uncontrolled bleeding""], ""monitoring"": [""Dose and timing review"", ""Clinical symptom tracking"", ""Medication interaction screening""], ""contraindications"": [""Known severe allergy"", ""Severe hepatic or renal impairment without clinician review""], ""interactions"": [""Other medicines in the same treatment class"", ""Alcohol where relevant"", ""Traditional preparations without informed review""], ""pregnancy_lactation"": ""Use only when clinically justified and reviewed with the treating clinician."", ""population"": ""Adults and children when prescribed and clinically appropriate"", ""region"": ""Ethiopia: primary care, referral care, and local community settings"", ""safety_notes"": [""Complete the prescribed course unless instructed otherwise"", ""Urgent review is needed for shortness of breath, rash, fainting, confusion, or severe bleeding""], ""source_ref"": ""Ethiopian formulary references; WHO clinical guidance; national medication safety review"", ""evidence_level"": ""Local formulary reference""}"
medication,1.0.0,"Medication effects, interactions, monitoring, adherence, and referral safety.",antimalarials,Antimalarials,Common antimalarial and malaria-prevention medicines used in Ethiopia and similar endemic settings.,Malaria care|Medication history|Adherence education,"{""name"": ""Primaquine 500 mg Injectable"", ""description"": ""Primaquine is used in Ethiopian clinical and community care settings for a clinician-directed indication. This reference supports safe prescribing, adherence review, and interaction checking."", ""drug_class"": ""Essential local formulary reference"", ""indications"": [""Clinician-directed treatment plan"", ""Routine medication review"", ""Safety screening""], ""common_side_effects"": [""Nausea"", ""Dizziness"", ""Mild abdominal discomfort""], ""serious_side_effects"": [""Severe allergic reaction"", ""Persistent vomiting"", ""Severe weakness"", ""Uncontrolled bleeding""], ""monitoring"": [""Dose and timing review"", ""Clinical symptom tracking"", ""Medication interaction screening""], ""contraindications"": [""Known severe allergy"", ""Severe hepatic or renal impairment without clinician review""], ""interactions"": [""Other medicines in the same treatment class"", ""Alcohol where relevant"", ""Traditional preparations without informed review""], ""pregnancy_lactation"": ""Use only when clinically justified and reviewed with the treating clinician."", ""population"": ""Adults and children when prescribed and clinically appropriate"", ""region"": ""Ethiopia: primary care, referral care, and local community settings"", ""safety_notes"": [""Complete the prescribed course unless instructed otherwise"", ""Urgent review is needed for shortness of breath, rash, fainting, confusion, or severe bleeding""], ""source_ref"": ""Ethiopian formulary references; WHO clinical guidance; national medication safety review"", ""evidence_level"": ""Local formulary reference""}"
medication,1.0.0,"Medication effects, interactions, monitoring, adherence, and referral safety.",antimalarials,Antimalarials,Common antimalarial and malaria-prevention medicines used in Ethiopia and similar endemic settings.,Malaria care|Medication history|Adherence education,"{""name"": ""Primaquine 500 mg Oral suspension"", ""description"": ""Primaquine is used in Ethiopian clinical and community care settings for a clinician-directed indication. This reference supports safe prescribing, adherence review, and interaction checking."", ""drug_class"": ""Essential local formulary reference"", ""indications"": [""Clinician-directed treatment plan"", ""Routine medication review"", ""Safety screening""], ""common_side_effects"": [""Nausea"", ""Dizziness"", ""Mild abdominal discomfort""], ""serious_side_effects"": [""Severe allergic reaction"", ""Persistent vomiting"", ""Severe weakness"", ""Uncontrolled bleeding""], ""monitoring"": [""Dose and timing review"", ""Clinical symptom tracking"", ""Medication interaction screening""], ""contraindications"": [""Known severe allergy"", ""Severe hepatic or renal impairment without clinician review""], ""interactions"": [""Other medicines in the same treatment class"", ""Alcohol where relevant"", ""Traditional preparations without informed review""], ""pregnancy_lactation"": ""Use only when clinically justified and reviewed with the treating clinician."", ""population"": ""Adults and children when prescribed and clinically appropriate"", ""region"": ""Ethiopia: primary care, referral care, and local community settings"", ""safety_notes"": [""Complete the prescribed course unless instructed otherwise"", ""Urgent review is needed for shortness of breath, rash, fainting, confusion, or severe bleeding""], ""source_ref"": ""Ethiopian formulary references; WHO clinical guidance; national medication safety review"", ""evidence_level"": ""Local formulary reference""}"
medication,1.0.0,"Medication effects, interactions, monitoring, adherence, and referral safety.",antimalarials,Antimalarials,Common antimalarial and malaria-prevention medicines used in Ethiopia and similar endemic settings.,Malaria care|Medication history|Adherence education,"{""name"": ""Primaquine 500 mg Inhaler"", ""description"": ""Primaquine is used in Ethiopian clinical and community care settings for a clinician-directed indication. This reference supports safe prescribing, adherence review, and interaction checking."", ""drug_class"": ""Essential local formulary reference"", ""indications"": [""Clinician-directed treatment plan"", ""Routine medication review"", ""Safety screening""], ""common_side_effects"": [""Nausea"", ""Dizziness"", ""Mild abdominal discomfort""], ""serious_side_effects"": [""Severe allergic reaction"", ""Persistent vomiting"", ""Severe weakness"", ""Uncontrolled bleeding""], ""monitoring"": [""Dose and timing review"", ""Clinical symptom tracking"", ""Medication interaction screening""], ""contraindications"": [""Known severe allergy"", ""Severe hepatic or renal impairment without clinician review""], ""interactions"": [""Other medicines in the same treatment class"", ""Alcohol where relevant"", ""Traditional preparations without informed review""], ""pregnancy_lactation"": ""Use only when clinically justified and reviewed with the treating clinician."", ""population"": ""Adults and children when prescribed and clinically appropriate"", ""region"": ""Ethiopia: primary care, referral care, and local community settings"", ""safety_notes"": [""Complete the prescribed course unless instructed otherwise"", ""Urgent review is needed for shortness of breath, rash, fainting, confusion, or severe bleeding""], ""source_ref"": ""Ethiopian formulary references; WHO clinical guidance; national medication safety review"", ""evidence_level"": ""Local formulary reference""}"
medication,1.0.0,"Medication effects, interactions, monitoring, adherence, and referral safety.",antimalarials,Antimalarials,Common antimalarial and malaria-prevention medicines used in Ethiopia and similar endemic settings.,Malaria care|Medication history|Adherence education,"{""name"": ""Primaquine 1 g Tablet"", ""description"": ""Primaquine is used in Ethiopian clinical and community care settings for a clinician-directed indication. This reference supports safe prescribing, adherence review, and interaction checking."", ""drug_class"": ""Essential local formulary reference"", ""indications"": [""Clinician-directed treatment plan"", ""Routine medication review"", ""Safety screening""], ""common_side_effects"": [""Nausea"", ""Dizziness"", ""Mild abdominal discomfort""], ""serious_side_effects"": [""Severe allergic reaction"", ""Persistent vomiting"", ""Severe weakness"", ""Uncontrolled bleeding""], ""monitoring"": [""Dose and timing review"", ""Clinical symptom tracking"", ""Medication interaction screening""], ""contraindications"": [""Known severe allergy"", ""Severe hepatic or renal impairment without clinician review""], ""interactions"": [""Other medicines in the same treatment class"", ""Alcohol where relevant"", ""Traditional preparations without informed review""], ""pregnancy_lactation"": ""Use only when clinically justified and reviewed with the treating clinician."", ""population"": ""Adults and children when prescribed and clinically appropriate"", ""region"": ""Ethiopia: primary care, referral care, and local community settings"", ""safety_notes"": [""Complete the prescribed course unless instructed otherwise"", ""Urgent review is needed for shortness of breath, rash, fainting, confusion, or severe bleeding""], ""source_ref"": ""Ethiopian formulary references; WHO clinical guidance; national medication safety review"", ""evidence_level"": ""Local formulary reference""}"
medication,1.0.0,"Medication effects, interactions, monitoring, adherence, and referral safety.",antimalarials,Antimalarials,Common antimalarial and malaria-prevention medicines used in Ethiopia and similar endemic settings.,Malaria care|Medication history|Adherence education,"{""name"": ""Primaquine 1 g Capsule"", ""description"": ""Primaquine is used in Ethiopian clinical and community care settings for a clinician-directed indication. This reference supports safe prescribing, adherence review, and interaction checking."", ""drug_class"": ""Essential local formulary reference"", ""indications"": [""Clinician-directed treatment plan"", ""Routine medication review"", ""Safety screening""], ""common_side_effects"": [""Nausea"", ""Dizziness"", ""Mild abdominal discomfort""], ""serious_side_effects"": [""Severe allergic reaction"", ""Persistent vomiting"", ""Severe weakness"", ""Uncontrolled bleeding""], ""monitoring"": [""Dose and timing review"", ""Clinical symptom tracking"", ""Medication interaction screening""], ""contraindications"": [""Known severe allergy"", ""Severe hepatic or renal impairment without clinician review""], ""interactions"": [""Other medicines in the same treatment class"", ""Alcohol where relevant"", ""Traditional preparations without informed review""], ""pregnancy_lactation"": ""Use only when clinically justified and reviewed with the treating clinician."", ""population"": ""Adults and children when prescribed and clinically appropriate"", ""region"": ""Ethiopia: primary care, referral care, and local community settings"", ""safety_notes"": [""Complete the prescribed course unless instructed otherwise"", ""Urgent review is needed for shortness of breath, rash, fainting, confusion, or severe bleeding""], ""source_ref"": ""Ethiopian formulary references; WHO clinical guidance; national medication safety review"", ""evidence_level"": ""Local formulary reference""}"
medication,1.0.0,"Medication effects, interactions, monitoring, adherence, and referral safety.",antimalarials,Antimalarials,Common antimalarial and malaria-prevention medicines used in Ethiopia and similar endemic settings.,Malaria care|Medication history|Adherence education,"{""name"": ""Primaquine 1 g Syrup"", ""description"": ""Primaquine is used in Ethiopian clinical and community care settings for a clinician-directed indication. This reference supports safe prescribing, adherence review, and interaction checking."", ""drug_class"": ""Essential local formulary reference"", ""indications"": [""Clinician-directed treatment plan"", ""Routine medication review"", ""Safety screening""], ""common_side_effects"": [""Nausea"", ""Dizziness"", ""Mild abdominal discomfort""], ""serious_side_effects"": [""Severe allergic reaction"", ""Persistent vomiting"", ""Severe weakness"", ""Uncontrolled bleeding""], ""monitoring"": [""Dose and timing review"", ""Clinical symptom tracking"", ""Medication interaction screening""], ""contraindications"": [""Known severe allergy"", ""Severe hepatic or renal impairment without clinician review""], ""interactions"": [""Other medicines in the same treatment class"", ""Alcohol where relevant"", ""Traditional preparations without informed review""], ""pregnancy_lactation"": ""Use only when clinically justified and reviewed with the treating clinician."", ""population"": ""Adults and children when prescribed and clinically appropriate"", ""region"": ""Ethiopia: primary care, referral care, and local community settings"", ""safety_notes"": [""Complete the prescribed course unless instructed otherwise"", ""Urgent review is needed for shortness of breath, rash, fainting, confusion, or severe bleeding""], ""source_ref"": ""Ethiopian formulary references; WHO clinical guidance; national medication safety review"", ""evidence_level"": ""Local formulary reference""}"
medication,1.0.0,"Medication effects, interactions, monitoring, adherence, and referral safety.",antimalarials,Antimalarials,Common antimalarial and malaria-prevention medicines used in Ethiopia and similar endemic settings.,Malaria care|Medication history|Adherence education,"{""name"": ""Primaquine 1 g Injectable"", ""description"": ""Primaquine is used in Ethiopian clinical and community care settings for a clinician-directed indication. This reference supports safe prescribing, adherence review, and interaction checking."", ""drug_class"": ""Essential local formulary reference"", ""indications"": [""Clinician-directed treatment plan"", ""Routine medication review"", ""Safety screening""], ""common_side_effects"": [""Nausea"", ""Dizziness"", ""Mild abdominal discomfort""], ""serious_side_effects"": [""Severe allergic reaction"", ""Persistent vomiting"", ""Severe weakness"", ""Uncontrolled bleeding""], ""monitoring"": [""Dose and timing review"", ""Clinical symptom tracking"", ""Medication interaction screening""], ""contraindications"": [""Known severe allergy"", ""Severe hepatic or renal impairment without clinician review""], ""interactions"": [""Other medicines in the same treatment class"", ""Alcohol where relevant"", ""Traditional preparations without informed review""], ""pregnancy_lactation"": ""Use only when clinically justified and reviewed with the treating clinician."", ""population"": ""Adults and children when prescribed and clinically appropriate"", ""region"": ""Ethiopia: primary care, referral care, and local community settings"", ""safety_notes"": [""Complete the prescribed course unless instructed otherwise"", ""Urgent review is needed for shortness of breath, rash, fainting, confusion, or severe bleeding""], ""source_ref"": ""Ethiopian formulary references; WHO clinical guidance; national medication safety review"", ""evidence_level"": ""Local formulary reference""}"
medication,1.0.0,"Medication effects, interactions, monitoring, adherence, and referral safety.",antimalarials,Antimalarials,Common antimalarial and malaria-prevention medicines used in Ethiopia and similar endemic settings.,Malaria care|Medication history|Adherence education,"{""name"": ""Primaquine 1 g Oral suspension"", ""description"": ""Primaquine is used in Ethiopian clinical and community care settings for a clinician-directed indication. This reference supports safe prescribing, adherence review, and interaction checking."", ""drug_class"": ""Essential local formulary reference"", ""indications"": [""Clinician-directed treatment plan"", ""Routine medication review"", ""Safety screening""], ""common_side_effects"": [""Nausea"", ""Dizziness"", ""Mild abdominal discomfort""], ""serious_side_effects"": [""Severe allergic reaction"", ""Persistent vomiting"", ""Severe weakness"", ""Uncontrolled bleeding""], ""monitoring"": [""Dose and timing review"", ""Clinical symptom tracking"", ""Medication interaction screening""], ""contraindications"": [""Known severe allergy"", ""Severe hepatic or renal impairment without clinician review""], ""interactions"": [""Other medicines in the same treatment class"", ""Alcohol where relevant"", ""Traditional preparations without informed review""], ""pregnancy_lactation"": ""Use only when clinically justified and reviewed with the treating clinician."", ""population"": ""Adults and children when prescribed and clinically appropriate"", ""region"": ""Ethiopia: primary care, referral care, and local community settings"", ""safety_notes"": [""Complete the prescribed course unless instructed otherwise"", ""Urgent review is needed for shortness of breath, rash, fainting, confusion, or severe bleeding""], ""source_ref"": ""Ethiopian formulary references; WHO clinical guidance; national medication safety review"", ""evidence_level"": ""Local formulary reference""}"
medication,1.0.0,"Medication effects, interactions, monitoring, adherence, and referral safety.",antimalarials,Antimalarials,Common antimalarial and malaria-prevention medicines used in Ethiopia and similar endemic settings.,Malaria care|Medication history|Adherence education,"{""name"": ""Primaquine 1 g Inhaler"", ""description"": ""Primaquine is used in Ethiopian clinical and community care settings for a clinician-directed indication. This reference supports safe prescribing, adherence review, and interaction checking."", ""drug_class"": ""Essential local formulary reference"", ""indications"": [""Clinician-directed treatment plan"", ""Routine medication review"", ""Safety screening""], ""common_side_effects"": [""Nausea"", ""Dizziness"", ""Mild abdominal discomfort""], ""serious_side_effects"": [""Severe allergic reaction"", ""Persistent vomiting"", ""Severe weakness"", ""Uncontrolled bleeding""], ""monitoring"": [""Dose and timing review"", ""Clinical symptom tracking"", ""Medication interaction screening""], ""contraindications"": [""Known severe allergy"", ""Severe hepatic or renal impairment without clinician review""], ""interactions"": [""Other medicines in the same treatment class"", ""Alcohol where relevant"", ""Traditional preparations without informed review""], ""pregnancy_lactation"": ""Use only when clinically justified and reviewed with the treating clinician."", ""population"": ""Adults and children when prescribed and clinically appropriate"", ""region"": ""Ethiopia: primary care, referral care, and local community settings"", ""safety_notes"": [""Complete the prescribed course unless instructed otherwise"", ""Urgent review is needed for shortness of breath, rash, fainting, confusion, or severe bleeding""], ""source_ref"": ""Ethiopian formulary references; WHO clinical guidance; national medication safety review"", ""evidence_level"": ""Local formulary reference""}"
medication,1.0.0,"Medication effects, interactions, monitoring, adherence, and referral safety.",antimalarials,Antimalarials,Common antimalarial and malaria-prevention medicines used in Ethiopia and similar endemic settings.,Malaria care|Medication history|Adherence education,"{""name"": ""Primaquine 2 g Tablet"", ""description"": ""Primaquine is used in Ethiopian clinical and community care settings for a clinician-directed indication. This reference supports safe prescribing, adherence review, and interaction checking."", ""drug_class"": ""Essential local formulary reference"", ""indications"": [""Clinician-directed treatment plan"", ""Routine medication review"", ""Safety screening""], ""common_side_effects"": [""Nausea"", ""Dizziness"", ""Mild abdominal discomfort""], ""serious_side_effects"": [""Severe allergic reaction"", ""Persistent vomiting"", ""Severe weakness"", ""Uncontrolled bleeding""], ""monitoring"": [""Dose and timing review"", ""Clinical symptom tracking"", ""Medication interaction screening""], ""contraindications"": [""Known severe allergy"", ""Severe hepatic or renal impairment without clinician review""], ""interactions"": [""Other medicines in the same treatment class"", ""Alcohol where relevant"", ""Traditional preparations without informed review""], ""pregnancy_lactation"": ""Use only when clinically justified and reviewed with the treating clinician."", ""population"": ""Adults and children when prescribed and clinically appropriate"", ""region"": ""Ethiopia: primary care, referral care, and local community settings"", ""safety_notes"": [""Complete the prescribed course unless instructed otherwise"", ""Urgent review is needed for shortness of breath, rash, fainting, confusion, or severe bleeding""], ""source_ref"": ""Ethiopian formulary references; WHO clinical guidance; national medication safety review"", ""evidence_level"": ""Local formulary reference""}"
medication,1.0.0,"Medication effects, interactions, monitoring, adherence, and referral safety.",antimalarials,Antimalarials,Common antimalarial and malaria-prevention medicines used in Ethiopia and similar endemic settings.,Malaria care|Medication history|Adherence education,"{""name"": ""Primaquine 2 g Capsule"", ""description"": ""Primaquine is used in Ethiopian clinical and community care settings for a clinician-directed indication. This reference supports safe prescribing, adherence review, and interaction checking."", ""drug_class"": ""Essential local formulary reference"", ""indications"": [""Clinician-directed treatment plan"", ""Routine medication review"", ""Safety screening""], ""common_side_effects"": [""Nausea"", ""Dizziness"", ""Mild abdominal discomfort""], ""serious_side_effects"": [""Severe allergic reaction"", ""Persistent vomiting"", ""Severe weakness"", ""Uncontrolled bleeding""], ""monitoring"": [""Dose and timing review"", ""Clinical symptom tracking"", ""Medication interaction screening""], ""contraindications"": [""Known severe allergy"", ""Severe hepatic or renal impairment without clinician review""], ""interactions"": [""Other medicines in the same treatment class"", ""Alcohol where relevant"", ""Traditional preparations without informed review""], ""pregnancy_lactation"": ""Use only when clinically justified and reviewed with the treating clinician."", ""population"": ""Adults and children when prescribed and clinically appropriate"", ""region"": ""Ethiopia: primary care, referral care, and local community settings"", ""safety_notes"": [""Complete the prescribed course unless instructed otherwise"", ""Urgent review is needed for shortness of breath, rash, fainting, confusion, or severe bleeding""], ""source_ref"": ""Ethiopian formulary references; WHO clinical guidance; national medication safety review"", ""evidence_level"": ""Local formulary reference""}"
medication,1.0.0,"Medication effects, interactions, monitoring, adherence, and referral safety.",antimalarials,Antimalarials,Common antimalarial and malaria-prevention medicines used in Ethiopia and similar endemic settings.,Malaria care|Medication history|Adherence education,"{""name"": ""Primaquine 2 g Syrup"", ""description"": ""Primaquine is used in Ethiopian clinical and community care settings for a clinician-directed indication. This reference supports safe prescribing, adherence review, and interaction checking."", ""drug_class"": ""Essential local formulary reference"", ""indications"": [""Clinician-directed treatment plan"", ""Routine medication review"", ""Safety screening""], ""common_side_effects"": [""Nausea"", ""Dizziness"", ""Mild abdominal discomfort""], ""serious_side_effects"": [""Severe allergic reaction"", ""Persistent vomiting"", ""Severe weakness"", ""Uncontrolled bleeding""], ""monitoring"": [""Dose and timing review"", ""Clinical symptom tracking"", ""Medication interaction screening""], ""contraindications"": [""Known severe allergy"", ""Severe hepatic or renal impairment without clinician review""], ""interactions"": [""Other medicines in the same treatment class"", ""Alcohol where relevant"", ""Traditional preparations without informed review""], ""pregnancy_lactation"": ""Use only when clinically justified and reviewed with the treating clinician."", ""population"": ""Adults and children when prescribed and clinically appropriate"", ""region"": ""Ethiopia: primary care, referral care, and local community settings"", ""safety_notes"": [""Complete the prescribed course unless instructed otherwise"", ""Urgent review is needed for shortness of breath, rash, fainting, confusion, or severe bleeding""], ""source_ref"": ""Ethiopian formulary references; WHO clinical guidance; national medication safety review"", ""evidence_level"": ""Local formulary reference""}"
medication,1.0.0,"Medication effects, interactions, monitoring, adherence, and referral safety.",antimalarials,Antimalarials,Common antimalarial and malaria-prevention medicines used in Ethiopia and similar endemic settings.,Malaria care|Medication history|Adherence education,"{""name"": ""Primaquine 2 g Injectable"", ""description"": ""Primaquine is used in Ethiopian clinical and community care settings for a clinician-directed indication. This reference supports safe prescribing, adherence review, and interaction checking."", ""drug_class"": ""Essential local formulary reference"", ""indications"": [""Clinician-directed treatment plan"", ""Routine medication review"", ""Safety screening""], ""common_side_effects"": [""Nausea"", ""Dizziness"", ""Mild abdominal discomfort""], ""serious_side_effects"": [""Severe allergic reaction"", ""Persistent vomiting"", ""Severe weakness"", ""Uncontrolled bleeding""], ""monitoring"": [""Dose and timing review"", ""Clinical symptom tracking"", ""Medication interaction screening""], ""contraindications"": [""Known severe allergy"", ""Severe hepatic or renal impairment without clinician review""], ""interactions"": [""Other medicines in the same treatment class"", ""Alcohol where relevant"", ""Traditional preparations without informed review""], ""pregnancy_lactation"": ""Use only when clinically justified and reviewed with the treating clinician."", ""population"": ""Adults and children when prescribed and clinically appropriate"", ""region"": ""Ethiopia: primary care, referral care, and local community settings"", ""safety_notes"": [""Complete the prescribed course unless instructed otherwise"", ""Urgent review is needed for shortness of breath, rash, fainting, confusion, or severe bleeding""], ""source_ref"": ""Ethiopian formulary references; WHO clinical guidance; national medication safety review"", ""evidence_level"": ""Local formulary reference""}"
medication,1.0.0,"Medication effects, interactions, monitoring, adherence, and referral safety.",antimalarials,Antimalarials,Common antimalarial and malaria-prevention medicines used in Ethiopia and similar endemic settings.,Malaria care|Medication history|Adherence education,"{""name"": ""Primaquine 2 g Oral suspension"", ""description"": ""Primaquine is used in Ethiopian clinical and community care settings for a clinician-directed indication. This reference supports safe prescribing, adherence review, and interaction checking."", ""drug_class"": ""Essential local formulary reference"", ""indications"": [""Clinician-directed treatment plan"", ""Routine medication review"", ""Safety screening""], ""common_side_effects"": [""Nausea"", ""Dizziness"", ""Mild abdominal discomfort""], ""serious_side_effects"": [""Severe allergic reaction"", ""Persistent vomiting"", ""Severe weakness"", ""Uncontrolled bleeding""], ""monitoring"": [""Dose and timing review"", ""Clinical symptom tracking"", ""Medication interaction screening""], ""contraindications"": [""Known severe allergy"", ""Severe hepatic or renal impairment without clinician review""], ""interactions"": [""Other medicines in the same treatment class"", ""Alcohol where relevant"", ""Traditional preparations without informed review""], ""pregnancy_lactation"": ""Use only when clinically justified and reviewed with the treating clinician."", ""population"": ""Adults and children when prescribed and clinically appropriate"", ""region"": ""Ethiopia: primary care, referral care, and local community settings"", ""safety_notes"": [""Complete the prescribed course unless instructed otherwise"", ""Urgent review is needed for shortness of breath, rash, fainting, confusion, or severe bleeding""], ""source_ref"": ""Ethiopian formulary references; WHO clinical guidance; national medication safety review"", ""evidence_level"": ""Local formulary reference""}"
medication,1.0.0,"Medication effects, interactions, monitoring, adherence, and referral safety.",antimalarials,Antimalarials,Common antimalarial and malaria-prevention medicines used in Ethiopia and similar endemic settings.,Malaria care|Medication history|Adherence education,"{""name"": ""Primaquine 2 g Inhaler"", ""description"": ""Primaquine is used in Ethiopian clinical and community care settings for a clinician-directed indication. This reference supports safe prescribing, adherence review, and interaction checking."", ""drug_class"": ""Essential local formulary reference"", ""indications"": [""Clinician-directed treatment plan"", ""Routine medication review"", ""Safety screening""], ""common_side_effects"": [""Nausea"", ""Dizziness"", ""Mild abdominal discomfort""], ""serious_side_effects"": [""Severe allergic reaction"", ""Persistent vomiting"", ""Severe weakness"", ""Uncontrolled bleeding""], ""monitoring"": [""Dose and timing review"", ""Clinical symptom tracking"", ""Medication interaction screening""], ""contraindications"": [""Known severe allergy"", ""Severe hepatic or renal impairment without clinician review""], ""interactions"": [""Other medicines in the same treatment class"", ""Alcohol where relevant"", ""Traditional preparations without informed review""], ""pregnancy_lactation"": ""Use only when clinically justified and reviewed with the treating clinician."", ""population"": ""Adults and children when prescribed and clinically appropriate"", ""region"": ""Ethiopia: primary care, referral care, and local community settings"", ""safety_notes"": [""Complete the prescribed course unless instructed otherwise"", ""Urgent review is needed for shortness of breath, rash, fainting, confusion, or severe bleeding""], ""source_ref"": ""Ethiopian formulary references; WHO clinical guidance; national medication safety review"", ""evidence_level"": ""Local formulary reference""}"
medication,1.0.0,"Medication effects, interactions, monitoring, adherence, and referral safety.",antimalarials,Antimalarials,Common antimalarial and malaria-prevention medicines used in Ethiopia and similar endemic settings.,Malaria care|Medication history|Adherence education,"{""name"": ""Atovaquone-Proguanil 5 mg Tablet"", ""description"": ""Atovaquone-Proguanil is used in Ethiopian clinical and community care settings for a clinician-directed indication. This reference supports safe prescribing, adherence review, and interaction checking."", ""drug_class"": ""Essential local formulary reference"", ""indications"": [""Clinician-directed treatment plan"", ""Routine medication review"", ""Safety screening""], ""common_side_effects"": [""Nausea"", ""Dizziness"", ""Mild abdominal discomfort""], ""serious_side_effects"": [""Severe allergic reaction"", ""Persistent vomiting"", ""Severe weakness"", ""Uncontrolled bleeding""], ""monitoring"": [""Dose and timing review"", ""Clinical symptom tracking"", ""Medication interaction screening""], ""contraindications"": [""Known severe allergy"", ""Severe hepatic or renal impairment without clinician review""], ""interactions"": [""Other medicines in the same treatment class"", ""Alcohol where relevant"", ""Traditional preparations without informed review""], ""pregnancy_lactation"": ""Use only when clinically justified and reviewed with the treating clinician."", ""population"": ""Adults and children when prescribed and clinically appropriate"", ""region"": ""Ethiopia: primary care, referral care, and local community settings"", ""safety_notes"": [""Complete the prescribed course unless instructed otherwise"", ""Urgent review is needed for shortness of breath, rash, fainting, confusion, or severe bleeding""], ""source_ref"": ""Ethiopian formulary references; WHO clinical guidance; national medication safety review"", ""evidence_level"": ""Local formulary reference""}"
medication,1.0.0,"Medication effects, interactions, monitoring, adherence, and referral safety.",antimalarials,Antimalarials,Common antimalarial and malaria-prevention medicines used in Ethiopia and similar endemic settings.,Malaria care|Medication history|Adherence education,"{""name"": ""Atovaquone-Proguanil 5 mg Capsule"", ""description"": ""Atovaquone-Proguanil is used in Ethiopian clinical and community care settings for a clinician-directed indication. This reference supports safe prescribing, adherence review, and interaction checking."", ""drug_class"": ""Essential local formulary reference"", ""indications"": [""Clinician-directed treatment plan"", ""Routine medication review"", ""Safety screening""], ""common_side_effects"": [""Nausea"", ""Dizziness"", ""Mild abdominal discomfort""], ""serious_side_effects"": [""Severe allergic reaction"", ""Persistent vomiting"", ""Severe weakness"", ""Uncontrolled bleeding""], ""monitoring"": [""Dose and timing review"", ""Clinical symptom tracking"", ""Medication interaction screening""], ""contraindications"": [""Known severe allergy"", ""Severe hepatic or renal impairment without clinician review""], ""interactions"": [""Other medicines in the same treatment class"", ""Alcohol where relevant"", ""Traditional preparations without informed review""], ""pregnancy_lactation"": ""Use only when clinically justified and reviewed with the treating clinician."", ""population"": ""Adults and children when prescribed and clinically appropriate"", ""region"": ""Ethiopia: primary care, referral care, and local community settings"", ""safety_notes"": [""Complete the prescribed course unless instructed otherwise"", ""Urgent review is needed for shortness of breath, rash, fainting, confusion, or severe bleeding""], ""source_ref"": ""Ethiopian formulary references; WHO clinical guidance; national medication safety review"", ""evidence_level"": ""Local formulary reference""}"
medication,1.0.0,"Medication effects, interactions, monitoring, adherence, and referral safety.",antimalarials,Antimalarials,Common antimalarial and malaria-prevention medicines used in Ethiopia and similar endemic settings.,Malaria care|Medication history|Adherence education,"{""name"": ""Atovaquone-Proguanil 5 mg Syrup"", ""description"": ""Atovaquone-Proguanil is used in Ethiopian clinical and community care settings for a clinician-directed indication. This reference supports safe prescribing, adherence review, and interaction checking."", ""drug_class"": ""Essential local formulary reference"", ""indications"": [""Clinician-directed treatment plan"", ""Routine medication review"", ""Safety screening""], ""common_side_effects"": [""Nausea"", ""Dizziness"", ""Mild abdominal discomfort""], ""serious_side_effects"": [""Severe allergic reaction"", ""Persistent vomiting"", ""Severe weakness"", ""Uncontrolled bleeding""], ""monitoring"": [""Dose and timing review"", ""Clinical symptom tracking"", ""Medication interaction screening""], ""contraindications"": [""Known severe allergy"", ""Severe hepatic or renal impairment without clinician review""], ""interactions"": [""Other medicines in the same treatment class"", ""Alcohol where relevant"", ""Traditional preparations without informed review""], ""pregnancy_lactation"": ""Use only when clinically justified and reviewed with the treating clinician."", ""population"": ""Adults and children when prescribed and clinically appropriate"", ""region"": ""Ethiopia: primary care, referral care, and local community settings"", ""safety_notes"": [""Complete the prescribed course unless instructed otherwise"", ""Urgent review is needed for shortness of breath, rash, fainting, confusion, or severe bleeding""], ""source_ref"": ""Ethiopian formulary references; WHO clinical guidance; national medication safety review"", ""evidence_level"": ""Local formulary reference""}"
medication,1.0.0,"Medication effects, interactions, monitoring, adherence, and referral safety.",antimalarials,Antimalarials,Common antimalarial and malaria-prevention medicines used in Ethiopia and similar endemic settings.,Malaria care|Medication history|Adherence education,"{""name"": ""Atovaquone-Proguanil 5 mg Injectable"", ""description"": ""Atovaquone-Proguanil is used in Ethiopian clinical and community care settings for a clinician-directed indication. This reference supports safe prescribing, adherence review, and interaction checking."", ""drug_class"": ""Essential local formulary reference"", ""indications"": [""Clinician-directed treatment plan"", ""Routine medication review"", ""Safety screening""], ""common_side_effects"": [""Nausea"", ""Dizziness"", ""Mild abdominal discomfort""], ""serious_side_effects"": [""Severe allergic reaction"", ""Persistent vomiting"", ""Severe weakness"", ""Uncontrolled bleeding""], ""monitoring"": [""Dose and timing review"", ""Clinical symptom tracking"", ""Medication interaction screening""], ""contraindications"": [""Known severe allergy"", ""Severe hepatic or renal impairment without clinician review""], ""interactions"": [""Other medicines in the same treatment class"", ""Alcohol where relevant"", ""Traditional preparations without informed review""], ""pregnancy_lactation"": ""Use only when clinically justified and reviewed with the treating clinician."", ""population"": ""Adults and children when prescribed and clinically appropriate"", ""region"": ""Ethiopia: primary care, referral care, and local community settings"", ""safety_notes"": [""Complete the prescribed course unless instructed otherwise"", ""Urgent review is needed for shortness of breath, rash, fainting, confusion, or severe bleeding""], ""source_ref"": ""Ethiopian formulary references; WHO clinical guidance; national medication safety review"", ""evidence_level"": ""Local formulary reference""}"
medication,1.0.0,"Medication effects, interactions, monitoring, adherence, and referral safety.",antimalarials,Antimalarials,Common antimalarial and malaria-prevention medicines used in Ethiopia and similar endemic settings.,Malaria care|Medication history|Adherence education,"{""name"": ""Atovaquone-Proguanil 5 mg Oral suspension"", ""description"": ""Atovaquone-Proguanil is used in Ethiopian clinical and community care settings for a clinician-directed indication. This reference supports safe prescribing, adherence review, and interaction checking."", ""drug_class"": ""Essential local formulary reference"", ""indications"": [""Clinician-directed treatment plan"", ""Routine medication review"", ""Safety screening""], ""common_side_effects"": [""Nausea"", ""Dizziness"", ""Mild abdominal discomfort""], ""serious_side_effects"": [""Severe allergic reaction"", ""Persistent vomiting"", ""Severe weakness"", ""Uncontrolled bleeding""], ""monitoring"": [""Dose and timing review"", ""Clinical symptom tracking"", ""Medication interaction screening""], ""contraindications"": [""Known severe allergy"", ""Severe hepatic or renal impairment without clinician review""], ""interactions"": [""Other medicines in the same treatment class"", ""Alcohol where relevant"", ""Traditional preparations without informed review""], ""pregnancy_lactation"": ""Use only when clinically justified and reviewed with the treating clinician."", ""population"": ""Adults and children when prescribed and clinically appropriate"", ""region"": ""Ethiopia: primary care, referral care, and local community settings"", ""safety_notes"": [""Complete the prescribed course unless instructed otherwise"", ""Urgent review is needed for shortness of breath, rash, fainting, confusion, or severe bleeding""], ""source_ref"": ""Ethiopian formulary references; WHO clinical guidance; national medication safety review"", ""evidence_level"": ""Local formulary reference""}"
medication,1.0.0,"Medication effects, interactions, monitoring, adherence, and referral safety.",antimalarials,Antimalarials,Common antimalarial and malaria-prevention medicines used in Ethiopia and similar endemic settings.,Malaria care|Medication history|Adherence education,"{""name"": ""Atovaquone-Proguanil 5 mg Inhaler"", ""description"": ""Atovaquone-Proguanil is used in Ethiopian clinical and community care settings for a clinician-directed indication. This reference supports safe prescribing, adherence review, and interaction checking."", ""drug_class"": ""Essential local formulary reference"", ""indications"": [""Clinician-directed treatment plan"", ""Routine medication review"", ""Safety screening""], ""common_side_effects"": [""Nausea"", ""Dizziness"", ""Mild abdominal discomfort""], ""serious_side_effects"": [""Severe allergic reaction"", ""Persistent vomiting"", ""Severe weakness"", ""Uncontrolled bleeding""], ""monitoring"": [""Dose and timing review"", ""Clinical symptom tracking"", ""Medication interaction screening""], ""contraindications"": [""Known severe allergy"", ""Severe hepatic or renal impairment without clinician review""], ""interactions"": [""Other medicines in the same treatment class"", ""Alcohol where relevant"", ""Traditional preparations without informed review""], ""pregnancy_lactation"": ""Use only when clinically justified and reviewed with the treating clinician."", ""population"": ""Adults and children when prescribed and clinically appropriate"", ""region"": ""Ethiopia: primary care, referral care, and local community settings"", ""safety_notes"": [""Complete the prescribed course unless instructed otherwise"", ""Urgent review is needed for shortness of breath, rash, fainting, confusion, or severe bleeding""], ""source_ref"": ""Ethiopian formulary references; WHO clinical guidance; national medication safety review"", ""evidence_level"": ""Local formulary reference""}"
medication,1.0.0,"Medication effects, interactions, monitoring, adherence, and referral safety.",antimalarials,Antimalarials,Common antimalarial and malaria-prevention medicines used in Ethiopia and similar endemic settings.,Malaria care|Medication history|Adherence education,"{""name"": ""Atovaquone-Proguanil 10 mg Tablet"", ""description"": ""Atovaquone-Proguanil is used in Ethiopian clinical and community care settings for a clinician-directed indication. This reference supports safe prescribing, adherence review, and interaction checking."", ""drug_class"": ""Essential local formulary reference"", ""indications"": [""Clinician-directed treatment plan"", ""Routine medication review"", ""Safety screening""], ""common_side_effects"": [""Nausea"", ""Dizziness"", ""Mild abdominal discomfort""], ""serious_side_effects"": [""Severe allergic reaction"", ""Persistent vomiting"", ""Severe weakness"", ""Uncontrolled bleeding""], ""monitoring"": [""Dose and timing review"", ""Clinical symptom tracking"", ""Medication interaction screening""], ""contraindications"": [""Known severe allergy"", ""Severe hepatic or renal impairment without clinician review""], ""interactions"": [""Other medicines in the same treatment class"", ""Alcohol where relevant"", ""Traditional preparations without informed review""], ""pregnancy_lactation"": ""Use only when clinically justified and reviewed with the treating clinician."", ""population"": ""Adults and children when prescribed and clinically appropriate"", ""region"": ""Ethiopia: primary care, referral care, and local community settings"", ""safety_notes"": [""Complete the prescribed course unless instructed otherwise"", ""Urgent review is needed for shortness of breath, rash, fainting, confusion, or severe bleeding""], ""source_ref"": ""Ethiopian formulary references; WHO clinical guidance; national medication safety review"", ""evidence_level"": ""Local formulary reference""}"
medication,1.0.0,"Medication effects, interactions, monitoring, adherence, and referral safety.",antimalarials,Antimalarials,Common antimalarial and malaria-prevention medicines used in Ethiopia and similar endemic settings.,Malaria care|Medication history|Adherence education,"{""name"": ""Atovaquone-Proguanil 10 mg Capsule"", ""description"": ""Atovaquone-Proguanil is used in Ethiopian clinical and community care settings for a clinician-directed indication. This reference supports safe prescribing, adherence review, and interaction checking."", ""drug_class"": ""Essential local formulary reference"", ""indications"": [""Clinician-directed treatment plan"", ""Routine medication review"", ""Safety screening""], ""common_side_effects"": [""Nausea"", ""Dizziness"", ""Mild abdominal discomfort""], ""serious_side_effects"": [""Severe allergic reaction"", ""Persistent vomiting"", ""Severe weakness"", ""Uncontrolled bleeding""], ""monitoring"": [""Dose and timing review"", ""Clinical symptom tracking"", ""Medication interaction screening""], ""contraindications"": [""Known severe allergy"", ""Severe hepatic or renal impairment without clinician review""], ""interactions"": [""Other medicines in the same treatment class"", ""Alcohol where relevant"", ""Traditional preparations without informed review""], ""pregnancy_lactation"": ""Use only when clinically justified and reviewed with the treating clinician."", ""population"": ""Adults and children when prescribed and clinically appropriate"", ""region"": ""Ethiopia: primary care, referral care, and local community settings"", ""safety_notes"": [""Complete the prescribed course unless instructed otherwise"", ""Urgent review is needed for shortness of breath, rash, fainting, confusion, or severe bleeding""], ""source_ref"": ""Ethiopian formulary references; WHO clinical guidance; national medication safety review"", ""evidence_level"": ""Local formulary reference""}"
medication,1.0.0,"Medication effects, interactions, monitoring, adherence, and referral safety.",antimalarials,Antimalarials,Common antimalarial and malaria-prevention medicines used in Ethiopia and similar endemic settings.,Malaria care|Medication history|Adherence education,"{""name"": ""Atovaquone-Proguanil 10 mg Syrup"", ""description"": ""Atovaquone-Proguanil is used in Ethiopian clinical and community care settings for a clinician-directed indication. This reference supports safe prescribing, adherence review, and interaction checking."", ""drug_class"": ""Essential local formulary reference"", ""indications"": [""Clinician-directed treatment plan"", ""Routine medication review"", ""Safety screening""], ""common_side_effects"": [""Nausea"", ""Dizziness"", ""Mild abdominal discomfort""], ""serious_side_effects"": [""Severe allergic reaction"", ""Persistent vomiting"", ""Severe weakness"", ""Uncontrolled bleeding""], ""monitoring"": [""Dose and timing review"", ""Clinical symptom tracking"", ""Medication interaction screening""], ""contraindications"": [""Known severe allergy"", ""Severe hepatic or renal impairment without clinician review""], ""interactions"": [""Other medicines in the same treatment class"", ""Alcohol where relevant"", ""Traditional preparations without informed review""], ""pregnancy_lactation"": ""Use only when clinically justified and reviewed with the treating clinician."", ""population"": ""Adults and children when prescribed and clinically appropriate"", ""region"": ""Ethiopia: primary care, referral care, and local community settings"", ""safety_notes"": [""Complete the prescribed course unless instructed otherwise"", ""Urgent review is needed for shortness of breath, rash, fainting, confusion, or severe bleeding""], ""source_ref"": ""Ethiopian formulary references; WHO clinical guidance; national medication safety review"", ""evidence_level"": ""Local formulary reference""}"
medication,1.0.0,"Medication effects, interactions, monitoring, adherence, and referral safety.",antimalarials,Antimalarials,Common antimalarial and malaria-prevention medicines used in Ethiopia and similar endemic settings.,Malaria care|Medication history|Adherence education,"{""name"": ""Atovaquone-Proguanil 10 mg Injectable"", ""description"": ""Atovaquone-Proguanil is used in Ethiopian clinical and community care settings for a clinician-directed indication. This reference supports safe prescribing, adherence review, and interaction checking."", ""drug_class"": ""Essential local formulary reference"", ""indications"": [""Clinician-directed treatment plan"", ""Routine medication review"", ""Safety screening""], ""common_side_effects"": [""Nausea"", ""Dizziness"", ""Mild abdominal discomfort""], ""serious_side_effects"": [""Severe allergic reaction"", ""Persistent vomiting"", ""Severe weakness"", ""Uncontrolled bleeding""], ""monitoring"": [""Dose and timing review"", ""Clinical symptom tracking"", ""Medication interaction screening""], ""contraindications"": [""Known severe allergy"", ""Severe hepatic or renal impairment without clinician review""], ""interactions"": [""Other medicines in the same treatment class"", ""Alcohol where relevant"", ""Traditional preparations without informed review""], ""pregnancy_lactation"": ""Use only when clinically justified and reviewed with the treating clinician."", ""population"": ""Adults and children when prescribed and clinically appropriate"", ""region"": ""Ethiopia: primary care, referral care, and local community settings"", ""safety_notes"": [""Complete the prescribed course unless instructed otherwise"", ""Urgent review is needed for shortness of breath, rash, fainting, confusion, or severe bleeding""], ""source_ref"": ""Ethiopian formulary references; WHO clinical guidance; national medication safety review"", ""evidence_level"": ""Local formulary reference""}"
medication,1.0.0,"Medication effects, interactions, monitoring, adherence, and referral safety.",antimalarials,Antimalarials,Common antimalarial and malaria-prevention medicines used in Ethiopia and similar endemic settings.,Malaria care|Medication history|Adherence education,"{""name"": ""Atovaquone-Proguanil 10 mg Oral suspension"", ""description"": ""Atovaquone-Proguanil is used in Ethiopian clinical and community care settings for a clinician-directed indication. This reference supports safe prescribing, adherence review, and interaction checking."", ""drug_class"": ""Essential local formulary reference"", ""indications"": [""Clinician-directed treatment plan"", ""Routine medication review"", ""Safety screening""], ""common_side_effects"": [""Nausea"", ""Dizziness"", ""Mild abdominal discomfort""], ""serious_side_effects"": [""Severe allergic reaction"", ""Persistent vomiting"", ""Severe weakness"", ""Uncontrolled bleeding""], ""monitoring"": [""Dose and timing review"", ""Clinical symptom tracking"", ""Medication interaction screening""], ""contraindications"": [""Known severe allergy"", ""Severe hepatic or renal impairment without clinician review""], ""interactions"": [""Other medicines in the same treatment class"", ""Alcohol where relevant"", ""Traditional preparations without informed review""], ""pregnancy_lactation"": ""Use only when clinically justified and reviewed with the treating clinician."", ""population"": ""Adults and children when prescribed and clinically appropriate"", ""region"": ""Ethiopia: primary care, referral care, and local community settings"", ""safety_notes"": [""Complete the prescribed course unless instructed otherwise"", ""Urgent review is needed for shortness of breath, rash, fainting, confusion, or severe bleeding""], ""source_ref"": ""Ethiopian formulary references; WHO clinical guidance; national medication safety review"", ""evidence_level"": ""Local formulary reference""}"
medication,1.0.0,"Medication effects, interactions, monitoring, adherence, and referral safety.",antimalarials,Antimalarials,Common antimalarial and malaria-prevention medicines used in Ethiopia and similar endemic settings.,Malaria care|Medication history|Adherence education,"{""name"": ""Atovaquone-Proguanil 10 mg Inhaler"", ""description"": ""Atovaquone-Proguanil is used in Ethiopian clinical and community care settings for a clinician-directed indication. This reference supports safe prescribing, adherence review, and interaction checking."", ""drug_class"": ""Essential local formulary reference"", ""indications"": [""Clinician-directed treatment plan"", ""Routine medication review"", ""Safety screening""], ""common_side_effects"": [""Nausea"", ""Dizziness"", ""Mild abdominal discomfort""], ""serious_side_effects"": [""Severe allergic reaction"", ""Persistent vomiting"", ""Severe weakness"", ""Uncontrolled bleeding""], ""monitoring"": [""Dose and timing review"", ""Clinical symptom tracking"", ""Medication interaction screening""], ""contraindications"": [""Known severe allergy"", ""Severe hepatic or renal impairment without clinician review""], ""interactions"": [""Other medicines in the same treatment class"", ""Alcohol where relevant"", ""Traditional preparations without informed review""], ""pregnancy_lactation"": ""Use only when clinically justified and reviewed with the treating clinician."", ""population"": ""Adults and children when prescribed and clinically appropriate"", ""region"": ""Ethiopia: primary care, referral care, and local community settings"", ""safety_notes"": [""Complete the prescribed course unless instructed otherwise"", ""Urgent review is needed for shortness of breath, rash, fainting, confusion, or severe bleeding""], ""source_ref"": ""Ethiopian formulary references; WHO clinical guidance; national medication safety review"", ""evidence_level"": ""Local formulary reference""}"
medication,1.0.0,"Medication effects, interactions, monitoring, adherence, and referral safety.",antimalarials,Antimalarials,Common antimalarial and malaria-prevention medicines used in Ethiopia and similar endemic settings.,Malaria care|Medication history|Adherence education,"{""name"": ""Atovaquone-Proguanil 25 mg Tablet"", ""description"": ""Atovaquone-Proguanil is used in Ethiopian clinical and community care settings for a clinician-directed indication. This reference supports safe prescribing, adherence review, and interaction checking."", ""drug_class"": ""Essential local formulary reference"", ""indications"": [""Clinician-directed treatment plan"", ""Routine medication review"", ""Safety screening""], ""common_side_effects"": [""Nausea"", ""Dizziness"", ""Mild abdominal discomfort""], ""serious_side_effects"": [""Severe allergic reaction"", ""Persistent vomiting"", ""Severe weakness"", ""Uncontrolled bleeding""], ""monitoring"": [""Dose and timing review"", ""Clinical symptom tracking"", ""Medication interaction screening""], ""contraindications"": [""Known severe allergy"", ""Severe hepatic or renal impairment without clinician review""], ""interactions"": [""Other medicines in the same treatment class"", ""Alcohol where relevant"", ""Traditional preparations without informed review""], ""pregnancy_lactation"": ""Use only when clinically justified and reviewed with the treating clinician."", ""population"": ""Adults and children when prescribed and clinically appropriate"", ""region"": ""Ethiopia: primary care, referral care, and local community settings"", ""safety_notes"": [""Complete the prescribed course unless instructed otherwise"", ""Urgent review is needed for shortness of breath, rash, fainting, confusion, or severe bleeding""], ""source_ref"": ""Ethiopian formulary references; WHO clinical guidance; national medication safety review"", ""evidence_level"": ""Local formulary reference""}"
medication,1.0.0,"Medication effects, interactions, monitoring, adherence, and referral safety.",antimalarials,Antimalarials,Common antimalarial and malaria-prevention medicines used in Ethiopia and similar endemic settings.,Malaria care|Medication history|Adherence education,"{""name"": ""Atovaquone-Proguanil 25 mg Capsule"", ""description"": ""Atovaquone-Proguanil is used in Ethiopian clinical and community care settings for a clinician-directed indication. This reference supports safe prescribing, adherence review, and interaction checking."", ""drug_class"": ""Essential local formulary reference"", ""indications"": [""Clinician-directed treatment plan"", ""Routine medication review"", ""Safety screening""], ""common_side_effects"": [""Nausea"", ""Dizziness"", ""Mild abdominal discomfort""], ""serious_side_effects"": [""Severe allergic reaction"", ""Persistent vomiting"", ""Severe weakness"", ""Uncontrolled bleeding""], ""monitoring"": [""Dose and timing review"", ""Clinical symptom tracking"", ""Medication interaction screening""], ""contraindications"": [""Known severe allergy"", ""Severe hepatic or renal impairment without clinician review""], ""interactions"": [""Other medicines in the same treatment class"", ""Alcohol where relevant"", ""Traditional preparations without informed review""], ""pregnancy_lactation"": ""Use only when clinically justified and reviewed with the treating clinician."", ""population"": ""Adults and children when prescribed and clinically appropriate"", ""region"": ""Ethiopia: primary care, referral care, and local community settings"", ""safety_notes"": [""Complete the prescribed course unless instructed otherwise"", ""Urgent review is needed for shortness of breath, rash, fainting, confusion, or severe bleeding""], ""source_ref"": ""Ethiopian formulary references; WHO clinical guidance; national medication safety review"", ""evidence_level"": ""Local formulary reference""}"
medication,1.0.0,"Medication effects, interactions, monitoring, adherence, and referral safety.",antimalarials,Antimalarials,Common antimalarial and malaria-prevention medicines used in Ethiopia and similar endemic settings.,Malaria care|Medication history|Adherence education,"{""name"": ""Atovaquone-Proguanil 25 mg Syrup"", ""description"": ""Atovaquone-Proguanil is used in Ethiopian clinical and community care settings for a clinician-directed indication. This reference supports safe prescribing, adherence review, and interaction checking."", ""drug_class"": ""Essential local formulary reference"", ""indications"": [""Clinician-directed treatment plan"", ""Routine medication review"", ""Safety screening""], ""common_side_effects"": [""Nausea"", ""Dizziness"", ""Mild abdominal discomfort""], ""serious_side_effects"": [""Severe allergic reaction"", ""Persistent vomiting"", ""Severe weakness"", ""Uncontrolled bleeding""], ""monitoring"": [""Dose and timing review"", ""Clinical symptom tracking"", ""Medication interaction screening""], ""contraindications"": [""Known severe allergy"", ""Severe hepatic or renal impairment without clinician review""], ""interactions"": [""Other medicines in the same treatment class"", ""Alcohol where relevant"", ""Traditional preparations without informed review""], ""pregnancy_lactation"": ""Use only when clinically justified and reviewed with the treating clinician."", ""population"": ""Adults and children when prescribed and clinically appropriate"", ""region"": ""Ethiopia: primary care, referral care, and local community settings"", ""safety_notes"": [""Complete the prescribed course unless instructed otherwise"", ""Urgent review is needed for shortness of breath, rash, fainting, confusion, or severe bleeding""], ""source_ref"": ""Ethiopian formulary references; WHO clinical guidance; national medication safety review"", ""evidence_level"": ""Local formulary reference""}"
medication,1.0.0,"Medication effects, interactions, monitoring, adherence, and referral safety.",antimalarials,Antimalarials,Common antimalarial and malaria-prevention medicines used in Ethiopia and similar endemic settings.,Malaria care|Medication history|Adherence education,"{""name"": ""Atovaquone-Proguanil 25 mg Injectable"", ""description"": ""Atovaquone-Proguanil is used in Ethiopian clinical and community care settings for a clinician-directed indication. This reference supports safe prescribing, adherence review, and interaction checking."", ""drug_class"": ""Essential local formulary reference"", ""indications"": [""Clinician-directed treatment plan"", ""Routine medication review"", ""Safety screening""], ""common_side_effects"": [""Nausea"", ""Dizziness"", ""Mild abdominal discomfort""], ""serious_side_effects"": [""Severe allergic reaction"", ""Persistent vomiting"", ""Severe weakness"", ""Uncontrolled bleeding""], ""monitoring"": [""Dose and timing review"", ""Clinical symptom tracking"", ""Medication interaction screening""], ""contraindications"": [""Known severe allergy"", ""Severe hepatic or renal impairment without clinician review""], ""interactions"": [""Other medicines in the same treatment class"", ""Alcohol where relevant"", ""Traditional preparations without informed review""], ""pregnancy_lactation"": ""Use only when clinically justified and reviewed with the treating clinician."", ""population"": ""Adults and children when prescribed and clinically appropriate"", ""region"": ""Ethiopia: primary care, referral care, and local community settings"", ""safety_notes"": [""Complete the prescribed course unless instructed otherwise"", ""Urgent review is needed for shortness of breath, rash, fainting, confusion, or severe bleeding""], ""source_ref"": ""Ethiopian formulary references; WHO clinical guidance; national medication safety review"", ""evidence_level"": ""Local formulary reference""}"
medication,1.0.0,"Medication effects, interactions, monitoring, adherence, and referral safety.",antimalarials,Antimalarials,Common antimalarial and malaria-prevention medicines used in Ethiopia and similar endemic settings.,Malaria care|Medication history|Adherence education,"{""name"": ""Atovaquone-Proguanil 25 mg Oral suspension"", ""description"": ""Atovaquone-Proguanil is used in Ethiopian clinical and community care settings for a clinician-directed indication. This reference supports safe prescribing, adherence review, and interaction checking."", ""drug_class"": ""Essential local formulary reference"", ""indications"": [""Clinician-directed treatment plan"", ""Routine medication review"", ""Safety screening""], ""common_side_effects"": [""Nausea"", ""Dizziness"", ""Mild abdominal discomfort""], ""serious_side_effects"": [""Severe allergic reaction"", ""Persistent vomiting"", ""Severe weakness"", ""Uncontrolled bleeding""], ""monitoring"": [""Dose and timing review"", ""Clinical symptom tracking"", ""Medication interaction screening""], ""contraindications"": [""Known severe allergy"", ""Severe hepatic or renal impairment without clinician review""], ""interactions"": [""Other medicines in the same treatment class"", ""Alcohol where relevant"", ""Traditional preparations without informed review""], ""pregnancy_lactation"": ""Use only when clinically justified and reviewed with the treating clinician."", ""population"": ""Adults and children when prescribed and clinically appropriate"", ""region"": ""Ethiopia: primary care, referral care, and local community settings"", ""safety_notes"": [""Complete the prescribed course unless instructed otherwise"", ""Urgent review is needed for shortness of breath, rash, fainting, confusion, or severe bleeding""], ""source_ref"": ""Ethiopian formulary references; WHO clinical guidance; national medication safety review"", ""evidence_level"": ""Local formulary reference""}"
medication,1.0.0,"Medication effects, interactions, monitoring, adherence, and referral safety.",antimalarials,Antimalarials,Common antimalarial and malaria-prevention medicines used in Ethiopia and similar endemic settings.,Malaria care|Medication history|Adherence education,"{""name"": ""Atovaquone-Proguanil 25 mg Inhaler"", ""description"": ""Atovaquone-Proguanil is used in Ethiopian clinical and community care settings for a clinician-directed indication. This reference supports safe prescribing, adherence review, and interaction checking."", ""drug_class"": ""Essential local formulary reference"", ""indications"": [""Clinician-directed treatment plan"", ""Routine medication review"", ""Safety screening""], ""common_side_effects"": [""Nausea"", ""Dizziness"", ""Mild abdominal discomfort""], ""serious_side_effects"": [""Severe allergic reaction"", ""Persistent vomiting"", ""Severe weakness"", ""Uncontrolled bleeding""], ""monitoring"": [""Dose and timing review"", ""Clinical symptom tracking"", ""Medication interaction screening""], ""contraindications"": [""Known severe allergy"", ""Severe hepatic or renal impairment without clinician review""], ""interactions"": [""Other medicines in the same treatment class"", ""Alcohol where relevant"", ""Traditional preparations without informed review""], ""pregnancy_lactation"": ""Use only when clinically justified and reviewed with the treating clinician."", ""population"": ""Adults and children when prescribed and clinically appropriate"", ""region"": ""Ethiopia: primary care, referral care, and local community settings"", ""safety_notes"": [""Complete the prescribed course unless instructed otherwise"", ""Urgent review is needed for shortness of breath, rash, fainting, confusion, or severe bleeding""], ""source_ref"": ""Ethiopian formulary references; WHO clinical guidance; national medication safety review"", ""evidence_level"": ""Local formulary reference""}"
medication,1.0.0,"Medication effects, interactions, monitoring, adherence, and referral safety.",antimalarials,Antimalarials,Common antimalarial and malaria-prevention medicines used in Ethiopia and similar endemic settings.,Malaria care|Medication history|Adherence education,"{""name"": ""Atovaquone-Proguanil 50 mg Tablet"", ""description"": ""Atovaquone-Proguanil is used in Ethiopian clinical and community care settings for a clinician-directed indication. This reference supports safe prescribing, adherence review, and interaction checking."", ""drug_class"": ""Essential local formulary reference"", ""indications"": [""Clinician-directed treatment plan"", ""Routine medication review"", ""Safety screening""], ""common_side_effects"": [""Nausea"", ""Dizziness"", ""Mild abdominal discomfort""], ""serious_side_effects"": [""Severe allergic reaction"", ""Persistent vomiting"", ""Severe weakness"", ""Uncontrolled bleeding""], ""monitoring"": [""Dose and timing review"", ""Clinical symptom tracking"", ""Medication interaction screening""], ""contraindications"": [""Known severe allergy"", ""Severe hepatic or renal impairment without clinician review""], ""interactions"": [""Other medicines in the same treatment class"", ""Alcohol where relevant"", ""Traditional preparations without informed review""], ""pregnancy_lactation"": ""Use only when clinically justified and reviewed with the treating clinician."", ""population"": ""Adults and children when prescribed and clinically appropriate"", ""region"": ""Ethiopia: primary care, referral care, and local community settings"", ""safety_notes"": [""Complete the prescribed course unless instructed otherwise"", ""Urgent review is needed for shortness of breath, rash, fainting, confusion, or severe bleeding""], ""source_ref"": ""Ethiopian formulary references; WHO clinical guidance; national medication safety review"", ""evidence_level"": ""Local formulary reference""}"
medication,1.0.0,"Medication effects, interactions, monitoring, adherence, and referral safety.",antimalarials,Antimalarials,Common antimalarial and malaria-prevention medicines used in Ethiopia and similar endemic settings.,Malaria care|Medication history|Adherence education,"{""name"": ""Atovaquone-Proguanil 50 mg Capsule"", ""description"": ""Atovaquone-Proguanil is used in Ethiopian clinical and community care settings for a clinician-directed indication. This reference supports safe prescribing, adherence review, and interaction checking."", ""drug_class"": ""Essential local formulary reference"", ""indications"": [""Clinician-directed treatment plan"", ""Routine medication review"", ""Safety screening""], ""common_side_effects"": [""Nausea"", ""Dizziness"", ""Mild abdominal discomfort""], ""serious_side_effects"": [""Severe allergic reaction"", ""Persistent vomiting"", ""Severe weakness"", ""Uncontrolled bleeding""], ""monitoring"": [""Dose and timing review"", ""Clinical symptom tracking"", ""Medication interaction screening""], ""contraindications"": [""Known severe allergy"", ""Severe hepatic or renal impairment without clinician review""], ""interactions"": [""Other medicines in the same treatment class"", ""Alcohol where relevant"", ""Traditional preparations without informed review""], ""pregnancy_lactation"": ""Use only when clinically justified and reviewed with the treating clinician."", ""population"": ""Adults and children when prescribed and clinically appropriate"", ""region"": ""Ethiopia: primary care, referral care, and local community settings"", ""safety_notes"": [""Complete the prescribed course unless instructed otherwise"", ""Urgent review is needed for shortness of breath, rash, fainting, confusion, or severe bleeding""], ""source_ref"": ""Ethiopian formulary references; WHO clinical guidance; national medication safety review"", ""evidence_level"": ""Local formulary reference""}"
medication,1.0.0,"Medication effects, interactions, monitoring, adherence, and referral safety.",antimalarials,Antimalarials,Common antimalarial and malaria-prevention medicines used in Ethiopia and similar endemic settings.,Malaria care|Medication history|Adherence education,"{""name"": ""Atovaquone-Proguanil 50 mg Syrup"", ""description"": ""Atovaquone-Proguanil is used in Ethiopian clinical and community care settings for a clinician-directed indication. This reference supports safe prescribing, adherence review, and interaction checking."", ""drug_class"": ""Essential local formulary reference"", ""indications"": [""Clinician-directed treatment plan"", ""Routine medication review"", ""Safety screening""], ""common_side_effects"": [""Nausea"", ""Dizziness"", ""Mild abdominal discomfort""], ""serious_side_effects"": [""Severe allergic reaction"", ""Persistent vomiting"", ""Severe weakness"", ""Uncontrolled bleeding""], ""monitoring"": [""Dose and timing review"", ""Clinical symptom tracking"", ""Medication interaction screening""], ""contraindications"": [""Known severe allergy"", ""Severe hepatic or renal impairment without clinician review""], ""interactions"": [""Other medicines in the same treatment class"", ""Alcohol where relevant"", ""Traditional preparations without informed review""], ""pregnancy_lactation"": ""Use only when clinically justified and reviewed with the treating clinician."", ""population"": ""Adults and children when prescribed and clinically appropriate"", ""region"": ""Ethiopia: primary care, referral care, and local community settings"", ""safety_notes"": [""Complete the prescribed course unless instructed otherwise"", ""Urgent review is needed for shortness of breath, rash, fainting, confusion, or severe bleeding""], ""source_ref"": ""Ethiopian formulary references; WHO clinical guidance; national medication safety review"", ""evidence_level"": ""Local formulary reference""}"
medication,1.0.0,"Medication effects, interactions, monitoring, adherence, and referral safety.",antimalarials,Antimalarials,Common antimalarial and malaria-prevention medicines used in Ethiopia and similar endemic settings.,Malaria care|Medication history|Adherence education,"{""name"": ""Atovaquone-Proguanil 50 mg Injectable"", ""description"": ""Atovaquone-Proguanil is used in Ethiopian clinical and community care settings for a clinician-directed indication. This reference supports safe prescribing, adherence review, and interaction checking."", ""drug_class"": ""Essential local formulary reference"", ""indications"": [""Clinician-directed treatment plan"", ""Routine medication review"", ""Safety screening""], ""common_side_effects"": [""Nausea"", ""Dizziness"", ""Mild abdominal discomfort""], ""serious_side_effects"": [""Severe allergic reaction"", ""Persistent vomiting"", ""Severe weakness"", ""Uncontrolled bleeding""], ""monitoring"": [""Dose and timing review"", ""Clinical symptom tracking"", ""Medication interaction screening""], ""contraindications"": [""Known severe allergy"", ""Severe hepatic or renal impairment without clinician review""], ""interactions"": [""Other medicines in the same treatment class"", ""Alcohol where relevant"", ""Traditional preparations without informed review""], ""pregnancy_lactation"": ""Use only when clinically justified and reviewed with the treating clinician."", ""population"": ""Adults and children when prescribed and clinically appropriate"", ""region"": ""Ethiopia: primary care, referral care, and local community settings"", ""safety_notes"": [""Complete the prescribed course unless instructed otherwise"", ""Urgent review is needed for shortness of breath, rash, fainting, confusion, or severe bleeding""], ""source_ref"": ""Ethiopian formulary references; WHO clinical guidance; national medication safety review"", ""evidence_level"": ""Local formulary reference""}"
medication,1.0.0,"Medication effects, interactions, monitoring, adherence, and referral safety.",antimalarials,Antimalarials,Common antimalarial and malaria-prevention medicines used in Ethiopia and similar endemic settings.,Malaria care|Medication history|Adherence education,"{""name"": ""Atovaquone-Proguanil 50 mg Oral suspension"", ""description"": ""Atovaquone-Proguanil is used in Ethiopian clinical and community care settings for a clinician-directed indication. This reference supports safe prescribing, adherence review, and interaction checking."", ""drug_class"": ""Essential local formulary reference"", ""indications"": [""Clinician-directed treatment plan"", ""Routine medication review"", ""Safety screening""], ""common_side_effects"": [""Nausea"", ""Dizziness"", ""Mild abdominal discomfort""], ""serious_side_effects"": [""Severe allergic reaction"", ""Persistent vomiting"", ""Severe weakness"", ""Uncontrolled bleeding""], ""monitoring"": [""Dose and timing review"", ""Clinical symptom tracking"", ""Medication interaction screening""], ""contraindications"": [""Known severe allergy"", ""Severe hepatic or renal impairment without clinician review""], ""interactions"": [""Other medicines in the same treatment class"", ""Alcohol where relevant"", ""Traditional preparations without informed review""], ""pregnancy_lactation"": ""Use only when clinically justified and reviewed with the treating clinician."", ""population"": ""Adults and children when prescribed and clinically appropriate"", ""region"": ""Ethiopia: primary care, referral care, and local community settings"", ""safety_notes"": [""Complete the prescribed course unless instructed otherwise"", ""Urgent review is needed for shortness of breath, rash, fainting, confusion, or severe bleeding""], ""source_ref"": ""Ethiopian formulary references; WHO clinical guidance; national medication safety review"", ""evidence_level"": ""Local formulary reference""}"
medication,1.0.0,"Medication effects, interactions, monitoring, adherence, and referral safety.",antimalarials,Antimalarials,Common antimalarial and malaria-prevention medicines used in Ethiopia and similar endemic settings.,Malaria care|Medication history|Adherence education,"{""name"": ""Atovaquone-Proguanil 50 mg Inhaler"", ""description"": ""Atovaquone-Proguanil is used in Ethiopian clinical and community care settings for a clinician-directed indication. This reference supports safe prescribing, adherence review, and interaction checking."", ""drug_class"": ""Essential local formulary reference"", ""indications"": [""Clinician-directed treatment plan"", ""Routine medication review"", ""Safety screening""], ""common_side_effects"": [""Nausea"", ""Dizziness"", ""Mild abdominal discomfort""], ""serious_side_effects"": [""Severe allergic reaction"", ""Persistent vomiting"", ""Severe weakness"", ""Uncontrolled bleeding""], ""monitoring"": [""Dose and timing review"", ""Clinical symptom tracking"", ""Medication interaction screening""], ""contraindications"": [""Known severe allergy"", ""Severe hepatic or renal impairment without clinician review""], ""interactions"": [""Other medicines in the same treatment class"", ""Alcohol where relevant"", ""Traditional preparations without informed review""], ""pregnancy_lactation"": ""Use only when clinically justified and reviewed with the treating clinician."", ""population"": ""Adults and children when prescribed and clinically appropriate"", ""region"": ""Ethiopia: primary care, referral care, and local community settings"", ""safety_notes"": [""Complete the prescribed course unless instructed otherwise"", ""Urgent review is needed for shortness of breath, rash, fainting, confusion, or severe bleeding""], ""source_ref"": ""Ethiopian formulary references; WHO clinical guidance; national medication safety review"", ""evidence_level"": ""Local formulary reference""}"
medication,1.0.0,"Medication effects, interactions, monitoring, adherence, and referral safety.",antimalarials,Antimalarials,Common antimalarial and malaria-prevention medicines used in Ethiopia and similar endemic settings.,Malaria care|Medication history|Adherence education,"{""name"": ""Atovaquone-Proguanil 100 mg Tablet"", ""description"": ""Atovaquone-Proguanil is used in Ethiopian clinical and community care settings for a clinician-directed indication. This reference supports safe prescribing, adherence review, and interaction checking."", ""drug_class"": ""Essential local formulary reference"", ""indications"": [""Clinician-directed treatment plan"", ""Routine medication review"", ""Safety screening""], ""common_side_effects"": [""Nausea"", ""Dizziness"", ""Mild abdominal discomfort""], ""serious_side_effects"": [""Severe allergic reaction"", ""Persistent vomiting"", ""Severe weakness"", ""Uncontrolled bleeding""], ""monitoring"": [""Dose and timing review"", ""Clinical symptom tracking"", ""Medication interaction screening""], ""contraindications"": [""Known severe allergy"", ""Severe hepatic or renal impairment without clinician review""], ""interactions"": [""Other medicines in the same treatment class"", ""Alcohol where relevant"", ""Traditional preparations without informed review""], ""pregnancy_lactation"": ""Use only when clinically justified and reviewed with the treating clinician."", ""population"": ""Adults and children when prescribed and clinically appropriate"", ""region"": ""Ethiopia: primary care, referral care, and local community settings"", ""safety_notes"": [""Complete the prescribed course unless instructed otherwise"", ""Urgent review is needed for shortness of breath, rash, fainting, confusion, or severe bleeding""], ""source_ref"": ""Ethiopian formulary references; WHO clinical guidance; national medication safety review"", ""evidence_level"": ""Local formulary reference""}"
medication,1.0.0,"Medication effects, interactions, monitoring, adherence, and referral safety.",antimalarials,Antimalarials,Common antimalarial and malaria-prevention medicines used in Ethiopia and similar endemic settings.,Malaria care|Medication history|Adherence education,"{""name"": ""Atovaquone-Proguanil 100 mg Capsule"", ""description"": ""Atovaquone-Proguanil is used in Ethiopian clinical and community care settings for a clinician-directed indication. This reference supports safe prescribing, adherence review, and interaction checking."", ""drug_class"": ""Essential local formulary reference"", ""indications"": [""Clinician-directed treatment plan"", ""Routine medication review"", ""Safety screening""], ""common_side_effects"": [""Nausea"", ""Dizziness"", ""Mild abdominal discomfort""], ""serious_side_effects"": [""Severe allergic reaction"", ""Persistent vomiting"", ""Severe weakness"", ""Uncontrolled bleeding""], ""monitoring"": [""Dose and timing review"", ""Clinical symptom tracking"", ""Medication interaction screening""], ""contraindications"": [""Known severe allergy"", ""Severe hepatic or renal impairment without clinician review""], ""interactions"": [""Other medicines in the same treatment class"", ""Alcohol where relevant"", ""Traditional preparations without informed review""], ""pregnancy_lactation"": ""Use only when clinically justified and reviewed with the treating clinician."", ""population"": ""Adults and children when prescribed and clinically appropriate"", ""region"": ""Ethiopia: primary care, referral care, and local community settings"", ""safety_notes"": [""Complete the prescribed course unless instructed otherwise"", ""Urgent review is needed for shortness of breath, rash, fainting, confusion, or severe bleeding""], ""source_ref"": ""Ethiopian formulary references; WHO clinical guidance; national medication safety review"", ""evidence_level"": ""Local formulary reference""}"
medication,1.0.0,"Medication effects, interactions, monitoring, adherence, and referral safety.",antimalarials,Antimalarials,Common antimalarial and malaria-prevention medicines used in Ethiopia and similar endemic settings.,Malaria care|Medication history|Adherence education,"{""name"": ""Atovaquone-Proguanil 100 mg Syrup"", ""description"": ""Atovaquone-Proguanil is used in Ethiopian clinical and community care settings for a clinician-directed indication. This reference supports safe prescribing, adherence review, and interaction checking."", ""drug_class"": ""Essential local formulary reference"", ""indications"": [""Clinician-directed treatment plan"", ""Routine medication review"", ""Safety screening""], ""common_side_effects"": [""Nausea"", ""Dizziness"", ""Mild abdominal discomfort""], ""serious_side_effects"": [""Severe allergic reaction"", ""Persistent vomiting"", ""Severe weakness"", ""Uncontrolled bleeding""], ""monitoring"": [""Dose and timing review"", ""Clinical symptom tracking"", ""Medication interaction screening""], ""contraindications"": [""Known severe allergy"", ""Severe hepatic or renal impairment without clinician review""], ""interactions"": [""Other medicines in the same treatment class"", ""Alcohol where relevant"", ""Traditional preparations without informed review""], ""pregnancy_lactation"": ""Use only when clinically justified and reviewed with the treating clinician."", ""population"": ""Adults and children when prescribed and clinically appropriate"", ""region"": ""Ethiopia: primary care, referral care, and local community settings"", ""safety_notes"": [""Complete the prescribed course unless instructed otherwise"", ""Urgent review is needed for shortness of breath, rash, fainting, confusion, or severe bleeding""], ""source_ref"": ""Ethiopian formulary references; WHO clinical guidance; national medication safety review"", ""evidence_level"": ""Local formulary reference""}"
medication,1.0.0,"Medication effects, interactions, monitoring, adherence, and referral safety.",antimalarials,Antimalarials,Common antimalarial and malaria-prevention medicines used in Ethiopia and similar endemic settings.,Malaria care|Medication history|Adherence education,"{""name"": ""Atovaquone-Proguanil 100 mg Injectable"", ""description"": ""Atovaquone-Proguanil is used in Ethiopian clinical and community care settings for a clinician-directed indication. This reference supports safe prescribing, adherence review, and interaction checking."", ""drug_class"": ""Essential local formulary reference"", ""indications"": [""Clinician-directed treatment plan"", ""Routine medication review"", ""Safety screening""], ""common_side_effects"": [""Nausea"", ""Dizziness"", ""Mild abdominal discomfort""], ""serious_side_effects"": [""Severe allergic reaction"", ""Persistent vomiting"", ""Severe weakness"", ""Uncontrolled bleeding""], ""monitoring"": [""Dose and timing review"", ""Clinical symptom tracking"", ""Medication interaction screening""], ""contraindications"": [""Known severe allergy"", ""Severe hepatic or renal impairment without clinician review""], ""interactions"": [""Other medicines in the same treatment class"", ""Alcohol where relevant"", ""Traditional preparations without informed review""], ""pregnancy_lactation"": ""Use only when clinically justified and reviewed with the treating clinician."", ""population"": ""Adults and children when prescribed and clinically appropriate"", ""region"": ""Ethiopia: primary care, referral care, and local community settings"", ""safety_notes"": [""Complete the prescribed course unless instructed otherwise"", ""Urgent review is needed for shortness of breath, rash, fainting, confusion, or severe bleeding""], ""source_ref"": ""Ethiopian formulary references; WHO clinical guidance; national medication safety review"", ""evidence_level"": ""Local formulary reference""}"
medication,1.0.0,"Medication effects, interactions, monitoring, adherence, and referral safety.",antimalarials,Antimalarials,Common antimalarial and malaria-prevention medicines used in Ethiopia and similar endemic settings.,Malaria care|Medication history|Adherence education,"{""name"": ""Atovaquone-Proguanil 100 mg Oral suspension"", ""description"": ""Atovaquone-Proguanil is used in Ethiopian clinical and community care settings for a clinician-directed indication. This reference supports safe prescribing, adherence review, and interaction checking."", ""drug_class"": ""Essential local formulary reference"", ""indications"": [""Clinician-directed treatment plan"", ""Routine medication review"", ""Safety screening""], ""common_side_effects"": [""Nausea"", ""Dizziness"", ""Mild abdominal discomfort""], ""serious_side_effects"": [""Severe allergic reaction"", ""Persistent vomiting"", ""Severe weakness"", ""Uncontrolled bleeding""], ""monitoring"": [""Dose and timing review"", ""Clinical symptom tracking"", ""Medication interaction screening""], ""contraindications"": [""Known severe allergy"", ""Severe hepatic or renal impairment without clinician review""], ""interactions"": [""Other medicines in the same treatment class"", ""Alcohol where relevant"", ""Traditional preparations without informed review""], ""pregnancy_lactation"": ""Use only when clinically justified and reviewed with the treating clinician."", ""population"": ""Adults and children when prescribed and clinically appropriate"", ""region"": ""Ethiopia: primary care, referral care, and local community settings"", ""safety_notes"": [""Complete the prescribed course unless instructed otherwise"", ""Urgent review is needed for shortness of breath, rash, fainting, confusion, or severe bleeding""], ""source_ref"": ""Ethiopian formulary references; WHO clinical guidance; national medication safety review"", ""evidence_level"": ""Local formulary reference""}"
medication,1.0.0,"Medication effects, interactions, monitoring, adherence, and referral safety.",antimalarials,Antimalarials,Common antimalarial and malaria-prevention medicines used in Ethiopia and similar endemic settings.,Malaria care|Medication history|Adherence education,"{""name"": ""Atovaquone-Proguanil 100 mg Inhaler"", ""description"": ""Atovaquone-Proguanil is used in Ethiopian clinical and community care settings for a clinician-directed indication. This reference supports safe prescribing, adherence review, and interaction checking."", ""drug_class"": ""Essential local formulary reference"", ""indications"": [""Clinician-directed treatment plan"", ""Routine medication review"", ""Safety screening""], ""common_side_effects"": [""Nausea"", ""Dizziness"", ""Mild abdominal discomfort""], ""serious_side_effects"": [""Severe allergic reaction"", ""Persistent vomiting"", ""Severe weakness"", ""Uncontrolled bleeding""], ""monitoring"": [""Dose and timing review"", ""Clinical symptom tracking"", ""Medication interaction screening""], ""contraindications"": [""Known severe allergy"", ""Severe hepatic or renal impairment without clinician review""], ""interactions"": [""Other medicines in the same treatment class"", ""Alcohol where relevant"", ""Traditional preparations without informed review""], ""pregnancy_lactation"": ""Use only when clinically justified and reviewed with the treating clinician."", ""population"": ""Adults and children when prescribed and clinically appropriate"", ""region"": ""Ethiopia: primary care, referral care, and local community settings"", ""safety_notes"": [""Complete the prescribed course unless instructed otherwise"", ""Urgent review is needed for shortness of breath, rash, fainting, confusion, or severe bleeding""], ""source_ref"": ""Ethiopian formulary references; WHO clinical guidance; national medication safety review"", ""evidence_level"": ""Local formulary reference""}"
medication,1.0.0,"Medication effects, interactions, monitoring, adherence, and referral safety.",antimalarials,Antimalarials,Common antimalarial and malaria-prevention medicines used in Ethiopia and similar endemic settings.,Malaria care|Medication history|Adherence education,"{""name"": ""Atovaquone-Proguanil 250 mg Tablet"", ""description"": ""Atovaquone-Proguanil is used in Ethiopian clinical and community care settings for a clinician-directed indication. This reference supports safe prescribing, adherence review, and interaction checking."", ""drug_class"": ""Essential local formulary reference"", ""indications"": [""Clinician-directed treatment plan"", ""Routine medication review"", ""Safety screening""], ""common_side_effects"": [""Nausea"", ""Dizziness"", ""Mild abdominal discomfort""], ""serious_side_effects"": [""Severe allergic reaction"", ""Persistent vomiting"", ""Severe weakness"", ""Uncontrolled bleeding""], ""monitoring"": [""Dose and timing review"", ""Clinical symptom tracking"", ""Medication interaction screening""], ""contraindications"": [""Known severe allergy"", ""Severe hepatic or renal impairment without clinician review""], ""interactions"": [""Other medicines in the same treatment class"", ""Alcohol where relevant"", ""Traditional preparations without informed review""], ""pregnancy_lactation"": ""Use only when clinically justified and reviewed with the treating clinician."", ""population"": ""Adults and children when prescribed and clinically appropriate"", ""region"": ""Ethiopia: primary care, referral care, and local community settings"", ""safety_notes"": [""Complete the prescribed course unless instructed otherwise"", ""Urgent review is needed for shortness of breath, rash, fainting, confusion, or severe bleeding""], ""source_ref"": ""Ethiopian formulary references; WHO clinical guidance; national medication safety review"", ""evidence_level"": ""Local formulary reference""}"
medication,1.0.0,"Medication effects, interactions, monitoring, adherence, and referral safety.",antimalarials,Antimalarials,Common antimalarial and malaria-prevention medicines used in Ethiopia and similar endemic settings.,Malaria care|Medication history|Adherence education,"{""name"": ""Atovaquone-Proguanil 250 mg Capsule"", ""description"": ""Atovaquone-Proguanil is used in Ethiopian clinical and community care settings for a clinician-directed indication. This reference supports safe prescribing, adherence review, and interaction checking."", ""drug_class"": ""Essential local formulary reference"", ""indications"": [""Clinician-directed treatment plan"", ""Routine medication review"", ""Safety screening""], ""common_side_effects"": [""Nausea"", ""Dizziness"", ""Mild abdominal discomfort""], ""serious_side_effects"": [""Severe allergic reaction"", ""Persistent vomiting"", ""Severe weakness"", ""Uncontrolled bleeding""], ""monitoring"": [""Dose and timing review"", ""Clinical symptom tracking"", ""Medication interaction screening""], ""contraindications"": [""Known severe allergy"", ""Severe hepatic or renal impairment without clinician review""], ""interactions"": [""Other medicines in the same treatment class"", ""Alcohol where relevant"", ""Traditional preparations without informed review""], ""pregnancy_lactation"": ""Use only when clinically justified and reviewed with the treating clinician."", ""population"": ""Adults and children when prescribed and clinically appropriate"", ""region"": ""Ethiopia: primary care, referral care, and local community settings"", ""safety_notes"": [""Complete the prescribed course unless instructed otherwise"", ""Urgent review is needed for shortness of breath, rash, fainting, confusion, or severe bleeding""], ""source_ref"": ""Ethiopian formulary references; WHO clinical guidance; national medication safety review"", ""evidence_level"": ""Local formulary reference""}"
medication,1.0.0,"Medication effects, interactions, monitoring, adherence, and referral safety.",antimalarials,Antimalarials,Common antimalarial and malaria-prevention medicines used in Ethiopia and similar endemic settings.,Malaria care|Medication history|Adherence education,"{""name"": ""Atovaquone-Proguanil 250 mg Syrup"", ""description"": ""Atovaquone-Proguanil is used in Ethiopian clinical and community care settings for a clinician-directed indication. This reference supports safe prescribing, adherence review, and interaction checking."", ""drug_class"": ""Essential local formulary reference"", ""indications"": [""Clinician-directed treatment plan"", ""Routine medication review"", ""Safety screening""], ""common_side_effects"": [""Nausea"", ""Dizziness"", ""Mild abdominal discomfort""], ""serious_side_effects"": [""Severe allergic reaction"", ""Persistent vomiting"", ""Severe weakness"", ""Uncontrolled bleeding""], ""monitoring"": [""Dose and timing review"", ""Clinical symptom tracking"", ""Medication interaction screening""], ""contraindications"": [""Known severe allergy"", ""Severe hepatic or renal impairment without clinician review""], ""interactions"": [""Other medicines in the same treatment class"", ""Alcohol where relevant"", ""Traditional preparations without informed review""], ""pregnancy_lactation"": ""Use only when clinically justified and reviewed with the treating clinician."", ""population"": ""Adults and children when prescribed and clinically appropriate"", ""region"": ""Ethiopia: primary care, referral care, and local community settings"", ""safety_notes"": [""Complete the prescribed course unless instructed otherwise"", ""Urgent review is needed for shortness of breath, rash, fainting, confusion, or severe bleeding""], ""source_ref"": ""Ethiopian formulary references; WHO clinical guidance; national medication safety review"", ""evidence_level"": ""Local formulary reference""}"
medication,1.0.0,"Medication effects, interactions, monitoring, adherence, and referral safety.",antimalarials,Antimalarials,Common antimalarial and malaria-prevention medicines used in Ethiopia and similar endemic settings.,Malaria care|Medication history|Adherence education,"{""name"": ""Atovaquone-Proguanil 250 mg Injectable"", ""description"": ""Atovaquone-Proguanil is used in Ethiopian clinical and community care settings for a clinician-directed indication. This reference supports safe prescribing, adherence review, and interaction checking."", ""drug_class"": ""Essential local formulary reference"", ""indications"": [""Clinician-directed treatment plan"", ""Routine medication review"", ""Safety screening""], ""common_side_effects"": [""Nausea"", ""Dizziness"", ""Mild abdominal discomfort""], ""serious_side_effects"": [""Severe allergic reaction"", ""Persistent vomiting"", ""Severe weakness"", ""Uncontrolled bleeding""], ""monitoring"": [""Dose and timing review"", ""Clinical symptom tracking"", ""Medication interaction screening""], ""contraindications"": [""Known severe allergy"", ""Severe hepatic or renal impairment without clinician review""], ""interactions"": [""Other medicines in the same treatment class"", ""Alcohol where relevant"", ""Traditional preparations without informed review""], ""pregnancy_lactation"": ""Use only when clinically justified and reviewed with the treating clinician."", ""population"": ""Adults and children when prescribed and clinically appropriate"", ""region"": ""Ethiopia: primary care, referral care, and local community settings"", ""safety_notes"": [""Complete the prescribed course unless instructed otherwise"", ""Urgent review is needed for shortness of breath, rash, fainting, confusion, or severe bleeding""], ""source_ref"": ""Ethiopian formulary references; WHO clinical guidance; national medication safety review"", ""evidence_level"": ""Local formulary reference""}"
medication,1.0.0,"Medication effects, interactions, monitoring, adherence, and referral safety.",antimalarials,Antimalarials,Common antimalarial and malaria-prevention medicines used in Ethiopia and similar endemic settings.,Malaria care|Medication history|Adherence education,"{""name"": ""Atovaquone-Proguanil 250 mg Oral suspension"", ""description"": ""Atovaquone-Proguanil is used in Ethiopian clinical and community care settings for a clinician-directed indication. This reference supports safe prescribing, adherence review, and interaction checking."", ""drug_class"": ""Essential local formulary reference"", ""indications"": [""Clinician-directed treatment plan"", ""Routine medication review"", ""Safety screening""], ""common_side_effects"": [""Nausea"", ""Dizziness"", ""Mild abdominal discomfort""], ""serious_side_effects"": [""Severe allergic reaction"", ""Persistent vomiting"", ""Severe weakness"", ""Uncontrolled bleeding""], ""monitoring"": [""Dose and timing review"", ""Clinical symptom tracking"", ""Medication interaction screening""], ""contraindications"": [""Known severe allergy"", ""Severe hepatic or renal impairment without clinician review""], ""interactions"": [""Other medicines in the same treatment class"", ""Alcohol where relevant"", ""Traditional preparations without informed review""], ""pregnancy_lactation"": ""Use only when clinically justified and reviewed with the treating clinician."", ""population"": ""Adults and children when prescribed and clinically appropriate"", ""region"": ""Ethiopia: primary care, referral care, and local community settings"", ""safety_notes"": [""Complete the prescribed course unless instructed otherwise"", ""Urgent review is needed for shortness of breath, rash, fainting, confusion, or severe bleeding""], ""source_ref"": ""Ethiopian formulary references; WHO clinical guidance; national medication safety review"", ""evidence_level"": ""Local formulary reference""}"
medication,1.0.0,"Medication effects, interactions, monitoring, adherence, and referral safety.",antimalarials,Antimalarials,Common antimalarial and malaria-prevention medicines used in Ethiopia and similar endemic settings.,Malaria care|Medication history|Adherence education,"{""name"": ""Atovaquone-Proguanil 250 mg Inhaler"", ""description"": ""Atovaquone-Proguanil is used in Ethiopian clinical and community care settings for a clinician-directed indication. This reference supports safe prescribing, adherence review, and interaction checking."", ""drug_class"": ""Essential local formulary reference"", ""indications"": [""Clinician-directed treatment plan"", ""Routine medication review"", ""Safety screening""], ""common_side_effects"": [""Nausea"", ""Dizziness"", ""Mild abdominal discomfort""], ""serious_side_effects"": [""Severe allergic reaction"", ""Persistent vomiting"", ""Severe weakness"", ""Uncontrolled bleeding""], ""monitoring"": [""Dose and timing review"", ""Clinical symptom tracking"", ""Medication interaction screening""], ""contraindications"": [""Known severe allergy"", ""Severe hepatic or renal impairment without clinician review""], ""interactions"": [""Other medicines in the same treatment class"", ""Alcohol where relevant"", ""Traditional preparations without informed review""], ""pregnancy_lactation"": ""Use only when clinically justified and reviewed with the treating clinician."", ""population"": ""Adults and children when prescribed and clinically appropriate"", ""region"": ""Ethiopia: primary care, referral care, and local community settings"", ""safety_notes"": [""Complete the prescribed course unless instructed otherwise"", ""Urgent review is needed for shortness of breath, rash, fainting, confusion, or severe bleeding""], ""source_ref"": ""Ethiopian formulary references; WHO clinical guidance; national medication safety review"", ""evidence_level"": ""Local formulary reference""}"
medication,1.0.0,"Medication effects, interactions, monitoring, adherence, and referral safety.",antimalarials,Antimalarials,Common antimalarial and malaria-prevention medicines used in Ethiopia and similar endemic settings.,Malaria care|Medication history|Adherence education,"{""name"": ""Atovaquone-Proguanil 500 mg Tablet"", ""description"": ""Atovaquone-Proguanil is used in Ethiopian clinical and community care settings for a clinician-directed indication. This reference supports safe prescribing, adherence review, and interaction checking."", ""drug_class"": ""Essential local formulary reference"", ""indications"": [""Clinician-directed treatment plan"", ""Routine medication review"", ""Safety screening""], ""common_side_effects"": [""Nausea"", ""Dizziness"", ""Mild abdominal discomfort""], ""serious_side_effects"": [""Severe allergic reaction"", ""Persistent vomiting"", ""Severe weakness"", ""Uncontrolled bleeding""], ""monitoring"": [""Dose and timing review"", ""Clinical symptom tracking"", ""Medication interaction screening""], ""contraindications"": [""Known severe allergy"", ""Severe hepatic or renal impairment without clinician review""], ""interactions"": [""Other medicines in the same treatment class"", ""Alcohol where relevant"", ""Traditional preparations without informed review""], ""pregnancy_lactation"": ""Use only when clinically justified and reviewed with the treating clinician."", ""population"": ""Adults and children when prescribed and clinically appropriate"", ""region"": ""Ethiopia: primary care, referral care, and local community settings"", ""safety_notes"": [""Complete the prescribed course unless instructed otherwise"", ""Urgent review is needed for shortness of breath, rash, fainting, confusion, or severe bleeding""], ""source_ref"": ""Ethiopian formulary references; WHO clinical guidance; national medication safety review"", ""evidence_level"": ""Local formulary reference""}"
medication,1.0.0,"Medication effects, interactions, monitoring, adherence, and referral safety.",antimalarials,Antimalarials,Common antimalarial and malaria-prevention medicines used in Ethiopia and similar endemic settings.,Malaria care|Medication history|Adherence education,"{""name"": ""Atovaquone-Proguanil 500 mg Capsule"", ""description"": ""Atovaquone-Proguanil is used in Ethiopian clinical and community care settings for a clinician-directed indication. This reference supports safe prescribing, adherence review, and interaction checking."", ""drug_class"": ""Essential local formulary reference"", ""indications"": [""Clinician-directed treatment plan"", ""Routine medication review"", ""Safety screening""], ""common_side_effects"": [""Nausea"", ""Dizziness"", ""Mild abdominal discomfort""], ""serious_side_effects"": [""Severe allergic reaction"", ""Persistent vomiting"", ""Severe weakness"", ""Uncontrolled bleeding""], ""monitoring"": [""Dose and timing review"", ""Clinical symptom tracking"", ""Medication interaction screening""], ""contraindications"": [""Known severe allergy"", ""Severe hepatic or renal impairment without clinician review""], ""interactions"": [""Other medicines in the same treatment class"", ""Alcohol where relevant"", ""Traditional preparations without informed review""], ""pregnancy_lactation"": ""Use only when clinically justified and reviewed with the treating clinician."", ""population"": ""Adults and children when prescribed and clinically appropriate"", ""region"": ""Ethiopia: primary care, referral care, and local community settings"", ""safety_notes"": [""Complete the prescribed course unless instructed otherwise"", ""Urgent review is needed for shortness of breath, rash, fainting, confusion, or severe bleeding""], ""source_ref"": ""Ethiopian formulary references; WHO clinical guidance; national medication safety review"", ""evidence_level"": ""Local formulary reference""}"
medication,1.0.0,"Medication effects, interactions, monitoring, adherence, and referral safety.",antimalarials,Antimalarials,Common antimalarial and malaria-prevention medicines used in Ethiopia and similar endemic settings.,Malaria care|Medication history|Adherence education,"{""name"": ""Atovaquone-Proguanil 500 mg Syrup"", ""description"": ""Atovaquone-Proguanil is used in Ethiopian clinical and community care settings for a clinician-directed indication. This reference supports safe prescribing, adherence review, and interaction checking."", ""drug_class"": ""Essential local formulary reference"", ""indications"": [""Clinician-directed treatment plan"", ""Routine medication review"", ""Safety screening""], ""common_side_effects"": [""Nausea"", ""Dizziness"", ""Mild abdominal discomfort""], ""serious_side_effects"": [""Severe allergic reaction"", ""Persistent vomiting"", ""Severe weakness"", ""Uncontrolled bleeding""], ""monitoring"": [""Dose and timing review"", ""Clinical symptom tracking"", ""Medication interaction screening""], ""contraindications"": [""Known severe allergy"", ""Severe hepatic or renal impairment without clinician review""], ""interactions"": [""Other medicines in the same treatment class"", ""Alcohol where relevant"", ""Traditional preparations without informed review""], ""pregnancy_lactation"": ""Use only when clinically justified and reviewed with the treating clinician."", ""population"": ""Adults and children when prescribed and clinically appropriate"", ""region"": ""Ethiopia: primary care, referral care, and local community settings"", ""safety_notes"": [""Complete the prescribed course unless instructed otherwise"", ""Urgent review is needed for shortness of breath, rash, fainting, confusion, or severe bleeding""], ""source_ref"": ""Ethiopian formulary references; WHO clinical guidance; national medication safety review"", ""evidence_level"": ""Local formulary reference""}"
medication,1.0.0,"Medication effects, interactions, monitoring, adherence, and referral safety.",antimalarials,Antimalarials,Common antimalarial and malaria-prevention medicines used in Ethiopia and similar endemic settings.,Malaria care|Medication history|Adherence education,"{""name"": ""Atovaquone-Proguanil 500 mg Injectable"", ""description"": ""Atovaquone-Proguanil is used in Ethiopian clinical and community care settings for a clinician-directed indication. This reference supports safe prescribing, adherence review, and interaction checking."", ""drug_class"": ""Essential local formulary reference"", ""indications"": [""Clinician-directed treatment plan"", ""Routine medication review"", ""Safety screening""], ""common_side_effects"": [""Nausea"", ""Dizziness"", ""Mild abdominal discomfort""], ""serious_side_effects"": [""Severe allergic reaction"", ""Persistent vomiting"", ""Severe weakness"", ""Uncontrolled bleeding""], ""monitoring"": [""Dose and timing review"", ""Clinical symptom tracking"", ""Medication interaction screening""], ""contraindications"": [""Known severe allergy"", ""Severe hepatic or renal impairment without clinician review""], ""interactions"": [""Other medicines in the same treatment class"", ""Alcohol where relevant"", ""Traditional preparations without informed review""], ""pregnancy_lactation"": ""Use only when clinically justified and reviewed with the treating clinician."", ""population"": ""Adults and children when prescribed and clinically appropriate"", ""region"": ""Ethiopia: primary care, referral care, and local community settings"", ""safety_notes"": [""Complete the prescribed course unless instructed otherwise"", ""Urgent review is needed for shortness of breath, rash, fainting, confusion, or severe bleeding""], ""source_ref"": ""Ethiopian formulary references; WHO clinical guidance; national medication safety review"", ""evidence_level"": ""Local formulary reference""}"
medication,1.0.0,"Medication effects, interactions, monitoring, adherence, and referral safety.",antimalarials,Antimalarials,Common antimalarial and malaria-prevention medicines used in Ethiopia and similar endemic settings.,Malaria care|Medication history|Adherence education,"{""name"": ""Atovaquone-Proguanil 500 mg Oral suspension"", ""description"": ""Atovaquone-Proguanil is used in Ethiopian clinical and community care settings for a clinician-directed indication. This reference supports safe prescribing, adherence review, and interaction checking."", ""drug_class"": ""Essential local formulary reference"", ""indications"": [""Clinician-directed treatment plan"", ""Routine medication review"", ""Safety screening""], ""common_side_effects"": [""Nausea"", ""Dizziness"", ""Mild abdominal discomfort""], ""serious_side_effects"": [""Severe allergic reaction"", ""Persistent vomiting"", ""Severe weakness"", ""Uncontrolled bleeding""], ""monitoring"": [""Dose and timing review"", ""Clinical symptom tracking"", ""Medication interaction screening""], ""contraindications"": [""Known severe allergy"", ""Severe hepatic or renal impairment without clinician review""], ""interactions"": [""Other medicines in the same treatment class"", ""Alcohol where relevant"", ""Traditional preparations without informed review""], ""pregnancy_lactation"": ""Use only when clinically justified and reviewed with the treating clinician."", ""population"": ""Adults and children when prescribed and clinically appropriate"", ""region"": ""Ethiopia: primary care, referral care, and local community settings"", ""safety_notes"": [""Complete the prescribed course unless instructed otherwise"", ""Urgent review is needed for shortness of breath, rash, fainting, confusion, or severe bleeding""], ""source_ref"": ""Ethiopian formulary references; WHO clinical guidance; national medication safety review"", ""evidence_level"": ""Local formulary reference""}"
medication,1.0.0,"Medication effects, interactions, monitoring, adherence, and referral safety.",antimalarials,Antimalarials,Common antimalarial and malaria-prevention medicines used in Ethiopia and similar endemic settings.,Malaria care|Medication history|Adherence education,"{""name"": ""Atovaquone-Proguanil 500 mg Inhaler"", ""description"": ""Atovaquone-Proguanil is used in Ethiopian clinical and community care settings for a clinician-directed indication. This reference supports safe prescribing, adherence review, and interaction checking."", ""drug_class"": ""Essential local formulary reference"", ""indications"": [""Clinician-directed treatment plan"", ""Routine medication review"", ""Safety screening""], ""common_side_effects"": [""Nausea"", ""Dizziness"", ""Mild abdominal discomfort""], ""serious_side_effects"": [""Severe allergic reaction"", ""Persistent vomiting"", ""Severe weakness"", ""Uncontrolled bleeding""], ""monitoring"": [""Dose and timing review"", ""Clinical symptom tracking"", ""Medication interaction screening""], ""contraindications"": [""Known severe allergy"", ""Severe hepatic or renal impairment without clinician review""], ""interactions"": [""Other medicines in the same treatment class"", ""Alcohol where relevant"", ""Traditional preparations without informed review""], ""pregnancy_lactation"": ""Use only when clinically justified and reviewed with the treating clinician."", ""population"": ""Adults and children when prescribed and clinically appropriate"", ""region"": ""Ethiopia: primary care, referral care, and local community settings"", ""safety_notes"": [""Complete the prescribed course unless instructed otherwise"", ""Urgent review is needed for shortness of breath, rash, fainting, confusion, or severe bleeding""], ""source_ref"": ""Ethiopian formulary references; WHO clinical guidance; national medication safety review"", ""evidence_level"": ""Local formulary reference""}"
medication,1.0.0,"Medication effects, interactions, monitoring, adherence, and referral safety.",antimalarials,Antimalarials,Common antimalarial and malaria-prevention medicines used in Ethiopia and similar endemic settings.,Malaria care|Medication history|Adherence education,"{""name"": ""Atovaquone-Proguanil 1 g Tablet"", ""description"": ""Atovaquone-Proguanil is used in Ethiopian clinical and community care settings for a clinician-directed indication. This reference supports safe prescribing, adherence review, and interaction checking."", ""drug_class"": ""Essential local formulary reference"", ""indications"": [""Clinician-directed treatment plan"", ""Routine medication review"", ""Safety screening""], ""common_side_effects"": [""Nausea"", ""Dizziness"", ""Mild abdominal discomfort""], ""serious_side_effects"": [""Severe allergic reaction"", ""Persistent vomiting"", ""Severe weakness"", ""Uncontrolled bleeding""], ""monitoring"": [""Dose and timing review"", ""Clinical symptom tracking"", ""Medication interaction screening""], ""contraindications"": [""Known severe allergy"", ""Severe hepatic or renal impairment without clinician review""], ""interactions"": [""Other medicines in the same treatment class"", ""Alcohol where relevant"", ""Traditional preparations without informed review""], ""pregnancy_lactation"": ""Use only when clinically justified and reviewed with the treating clinician."", ""population"": ""Adults and children when prescribed and clinically appropriate"", ""region"": ""Ethiopia: primary care, referral care, and local community settings"", ""safety_notes"": [""Complete the prescribed course unless instructed otherwise"", ""Urgent review is needed for shortness of breath, rash, fainting, confusion, or severe bleeding""], ""source_ref"": ""Ethiopian formulary references; WHO clinical guidance; national medication safety review"", ""evidence_level"": ""Local formulary reference""}"
medication,1.0.0,"Medication effects, interactions, monitoring, adherence, and referral safety.",antimalarials,Antimalarials,Common antimalarial and malaria-prevention medicines used in Ethiopia and similar endemic settings.,Malaria care|Medication history|Adherence education,"{""name"": ""Atovaquone-Proguanil 1 g Capsule"", ""description"": ""Atovaquone-Proguanil is used in Ethiopian clinical and community care settings for a clinician-directed indication. This reference supports safe prescribing, adherence review, and interaction checking."", ""drug_class"": ""Essential local formulary reference"", ""indications"": [""Clinician-directed treatment plan"", ""Routine medication review"", ""Safety screening""], ""common_side_effects"": [""Nausea"", ""Dizziness"", ""Mild abdominal discomfort""], ""serious_side_effects"": [""Severe allergic reaction"", ""Persistent vomiting"", ""Severe weakness"", ""Uncontrolled bleeding""], ""monitoring"": [""Dose and timing review"", ""Clinical symptom tracking"", ""Medication interaction screening""], ""contraindications"": [""Known severe allergy"", ""Severe hepatic or renal impairment without clinician review""], ""interactions"": [""Other medicines in the same treatment class"", ""Alcohol where relevant"", ""Traditional preparations without informed review""], ""pregnancy_lactation"": ""Use only when clinically justified and reviewed with the treating clinician."", ""population"": ""Adults and children when prescribed and clinically appropriate"", ""region"": ""Ethiopia: primary care, referral care, and local community settings"", ""safety_notes"": [""Complete the prescribed course unless instructed otherwise"", ""Urgent review is needed for shortness of breath, rash, fainting, confusion, or severe bleeding""], ""source_ref"": ""Ethiopian formulary references; WHO clinical guidance; national medication safety review"", ""evidence_level"": ""Local formulary reference""}"
medication,1.0.0,"Medication effects, interactions, monitoring, adherence, and referral safety.",antimalarials,Antimalarials,Common antimalarial and malaria-prevention medicines used in Ethiopia and similar endemic settings.,Malaria care|Medication history|Adherence education,"{""name"": ""Atovaquone-Proguanil 1 g Syrup"", ""description"": ""Atovaquone-Proguanil is used in Ethiopian clinical and community care settings for a clinician-directed indication. This reference supports safe prescribing, adherence review, and interaction checking."", ""drug_class"": ""Essential local formulary reference"", ""indications"": [""Clinician-directed treatment plan"", ""Routine medication review"", ""Safety screening""], ""common_side_effects"": [""Nausea"", ""Dizziness"", ""Mild abdominal discomfort""], ""serious_side_effects"": [""Severe allergic reaction"", ""Persistent vomiting"", ""Severe weakness"", ""Uncontrolled bleeding""], ""monitoring"": [""Dose and timing review"", ""Clinical symptom tracking"", ""Medication interaction screening""], ""contraindications"": [""Known severe allergy"", ""Severe hepatic or renal impairment without clinician review""], ""interactions"": [""Other medicines in the same treatment class"", ""Alcohol where relevant"", ""Traditional preparations without informed review""], ""pregnancy_lactation"": ""Use only when clinically justified and reviewed with the treating clinician."", ""population"": ""Adults and children when prescribed and clinically appropriate"", ""region"": ""Ethiopia: primary care, referral care, and local community settings"", ""safety_notes"": [""Complete the prescribed course unless instructed otherwise"", ""Urgent review is needed for shortness of breath, rash, fainting, confusion, or severe bleeding""], ""source_ref"": ""Ethiopian formulary references; WHO clinical guidance; national medication safety review"", ""evidence_level"": ""Local formulary reference""}"
medication,1.0.0,"Medication effects, interactions, monitoring, adherence, and referral safety.",antimalarials,Antimalarials,Common antimalarial and malaria-prevention medicines used in Ethiopia and similar endemic settings.,Malaria care|Medication history|Adherence education,"{""name"": ""Atovaquone-Proguanil 1 g Injectable"", ""description"": ""Atovaquone-Proguanil is used in Ethiopian clinical and community care settings for a clinician-directed indication. This reference supports safe prescribing, adherence review, and interaction checking."", ""drug_class"": ""Essential local formulary reference"", ""indications"": [""Clinician-directed treatment plan"", ""Routine medication review"", ""Safety screening""], ""common_side_effects"": [""Nausea"", ""Dizziness"", ""Mild abdominal discomfort""], ""serious_side_effects"": [""Severe allergic reaction"", ""Persistent vomiting"", ""Severe weakness"", ""Uncontrolled bleeding""], ""monitoring"": [""Dose and timing review"", ""Clinical symptom tracking"", ""Medication interaction screening""], ""contraindications"": [""Known severe allergy"", ""Severe hepatic or renal impairment without clinician review""], ""interactions"": [""Other medicines in the same treatment class"", ""Alcohol where relevant"", ""Traditional preparations without informed review""], ""pregnancy_lactation"": ""Use only when clinically justified and reviewed with the treating clinician."", ""population"": ""Adults and children when prescribed and clinically appropriate"", ""region"": ""Ethiopia: primary care, referral care, and local community settings"", ""safety_notes"": [""Complete the prescribed course unless instructed otherwise"", ""Urgent review is needed for shortness of breath, rash, fainting, confusion, or severe bleeding""], ""source_ref"": ""Ethiopian formulary references; WHO clinical guidance; national medication safety review"", ""evidence_level"": ""Local formulary reference""}"
medication,1.0.0,"Medication effects, interactions, monitoring, adherence, and referral safety.",antimalarials,Antimalarials,Common antimalarial and malaria-prevention medicines used in Ethiopia and similar endemic settings.,Malaria care|Medication history|Adherence education,"{""name"": ""Atovaquone-Proguanil 1 g Oral suspension"", ""description"": ""Atovaquone-Proguanil is used in Ethiopian clinical and community care settings for a clinician-directed indication. This reference supports safe prescribing, adherence review, and interaction checking."", ""drug_class"": ""Essential local formulary reference"", ""indications"": [""Clinician-directed treatment plan"", ""Routine medication review"", ""Safety screening""], ""common_side_effects"": [""Nausea"", ""Dizziness"", ""Mild abdominal discomfort""], ""serious_side_effects"": [""Severe allergic reaction"", ""Persistent vomiting"", ""Severe weakness"", ""Uncontrolled bleeding""], ""monitoring"": [""Dose and timing review"", ""Clinical symptom tracking"", ""Medication interaction screening""], ""contraindications"": [""Known severe allergy"", ""Severe hepatic or renal impairment without clinician review""], ""interactions"": [""Other medicines in the same treatment class"", ""Alcohol where relevant"", ""Traditional preparations without informed review""], ""pregnancy_lactation"": ""Use only when clinically justified and reviewed with the treating clinician."", ""population"": ""Adults and children when prescribed and clinically appropriate"", ""region"": ""Ethiopia: primary care, referral care, and local community settings"", ""safety_notes"": [""Complete the prescribed course unless instructed otherwise"", ""Urgent review is needed for shortness of breath, rash, fainting, confusion, or severe bleeding""], ""source_ref"": ""Ethiopian formulary references; WHO clinical guidance; national medication safety review"", ""evidence_level"": ""Local formulary reference""}"
medication,1.0.0,"Medication effects, interactions, monitoring, adherence, and referral safety.",antimalarials,Antimalarials,Common antimalarial and malaria-prevention medicines used in Ethiopia and similar endemic settings.,Malaria care|Medication history|Adherence education,"{""name"": ""Atovaquone-Proguanil 1 g Inhaler"", ""description"": ""Atovaquone-Proguanil is used in Ethiopian clinical and community care settings for a clinician-directed indication. This reference supports safe prescribing, adherence review, and interaction checking."", ""drug_class"": ""Essential local formulary reference"", ""indications"": [""Clinician-directed treatment plan"", ""Routine medication review"", ""Safety screening""], ""common_side_effects"": [""Nausea"", ""Dizziness"", ""Mild abdominal discomfort""], ""serious_side_effects"": [""Severe allergic reaction"", ""Persistent vomiting"", ""Severe weakness"", ""Uncontrolled bleeding""], ""monitoring"": [""Dose and timing review"", ""Clinical symptom tracking"", ""Medication interaction screening""], ""contraindications"": [""Known severe allergy"", ""Severe hepatic or renal impairment without clinician review""], ""interactions"": [""Other medicines in the same treatment class"", ""Alcohol where relevant"", ""Traditional preparations without informed review""], ""pregnancy_lactation"": ""Use only when clinically justified and reviewed with the treating clinician."", ""population"": ""Adults and children when prescribed and clinically appropriate"", ""region"": ""Ethiopia: primary care, referral care, and local community settings"", ""safety_notes"": [""Complete the prescribed course unless instructed otherwise"", ""Urgent review is needed for shortness of breath, rash, fainting, confusion, or severe bleeding""], ""source_ref"": ""Ethiopian formulary references; WHO clinical guidance; national medication safety review"", ""evidence_level"": ""Local formulary reference""}"
medication,1.0.0,"Medication effects, interactions, monitoring, adherence, and referral safety.",antimalarials,Antimalarials,Common antimalarial and malaria-prevention medicines used in Ethiopia and similar endemic settings.,Malaria care|Medication history|Adherence education,"{""name"": ""Atovaquone-Proguanil 2 g Tablet"", ""description"": ""Atovaquone-Proguanil is used in Ethiopian clinical and community care settings for a clinician-directed indication. This reference supports safe prescribing, adherence review, and interaction checking."", ""drug_class"": ""Essential local formulary reference"", ""indications"": [""Clinician-directed treatment plan"", ""Routine medication review"", ""Safety screening""], ""common_side_effects"": [""Nausea"", ""Dizziness"", ""Mild abdominal discomfort""], ""serious_side_effects"": [""Severe allergic reaction"", ""Persistent vomiting"", ""Severe weakness"", ""Uncontrolled bleeding""], ""monitoring"": [""Dose and timing review"", ""Clinical symptom tracking"", ""Medication interaction screening""], ""contraindications"": [""Known severe allergy"", ""Severe hepatic or renal impairment without clinician review""], ""interactions"": [""Other medicines in the same treatment class"", ""Alcohol where relevant"", ""Traditional preparations without informed review""], ""pregnancy_lactation"": ""Use only when clinically justified and reviewed with the treating clinician."", ""population"": ""Adults and children when prescribed and clinically appropriate"", ""region"": ""Ethiopia: primary care, referral care, and local community settings"", ""safety_notes"": [""Complete the prescribed course unless instructed otherwise"", ""Urgent review is needed for shortness of breath, rash, fainting, confusion, or severe bleeding""], ""source_ref"": ""Ethiopian formulary references; WHO clinical guidance; national medication safety review"", ""evidence_level"": ""Local formulary reference""}"
medication,1.0.0,"Medication effects, interactions, monitoring, adherence, and referral safety.",antimalarials,Antimalarials,Common antimalarial and malaria-prevention medicines used in Ethiopia and similar endemic settings.,Malaria care|Medication history|Adherence education,"{""name"": ""Atovaquone-Proguanil 2 g Capsule"", ""description"": ""Atovaquone-Proguanil is used in Ethiopian clinical and community care settings for a clinician-directed indication. This reference supports safe prescribing, adherence review, and interaction checking."", ""drug_class"": ""Essential local formulary reference"", ""indications"": [""Clinician-directed treatment plan"", ""Routine medication review"", ""Safety screening""], ""common_side_effects"": [""Nausea"", ""Dizziness"", ""Mild abdominal discomfort""], ""serious_side_effects"": [""Severe allergic reaction"", ""Persistent vomiting"", ""Severe weakness"", ""Uncontrolled bleeding""], ""monitoring"": [""Dose and timing review"", ""Clinical symptom tracking"", ""Medication interaction screening""], ""contraindications"": [""Known severe allergy"", ""Severe hepatic or renal impairment without clinician review""], ""interactions"": [""Other medicines in the same treatment class"", ""Alcohol where relevant"", ""Traditional preparations without informed review""], ""pregnancy_lactation"": ""Use only when clinically justified and reviewed with the treating clinician."", ""population"": ""Adults and children when prescribed and clinically appropriate"", ""region"": ""Ethiopia: primary care, referral care, and local community settings"", ""safety_notes"": [""Complete the prescribed course unless instructed otherwise"", ""Urgent review is needed for shortness of breath, rash, fainting, confusion, or severe bleeding""], ""source_ref"": ""Ethiopian formulary references; WHO clinical guidance; national medication safety review"", ""evidence_level"": ""Local formulary reference""}"
medication,1.0.0,"Medication effects, interactions, monitoring, adherence, and referral safety.",antimalarials,Antimalarials,Common antimalarial and malaria-prevention medicines used in Ethiopia and similar endemic settings.,Malaria care|Medication history|Adherence education,"{""name"": ""Atovaquone-Proguanil 2 g Syrup"", ""description"": ""Atovaquone-Proguanil is used in Ethiopian clinical and community care settings for a clinician-directed indication. This reference supports safe prescribing, adherence review, and interaction checking."", ""drug_class"": ""Essential local formulary reference"", ""indications"": [""Clinician-directed treatment plan"", ""Routine medication review"", ""Safety screening""], ""common_side_effects"": [""Nausea"", ""Dizziness"", ""Mild abdominal discomfort""], ""serious_side_effects"": [""Severe allergic reaction"", ""Persistent vomiting"", ""Severe weakness"", ""Uncontrolled bleeding""], ""monitoring"": [""Dose and timing review"", ""Clinical symptom tracking"", ""Medication interaction screening""], ""contraindications"": [""Known severe allergy"", ""Severe hepatic or renal impairment without clinician review""], ""interactions"": [""Other medicines in the same treatment class"", ""Alcohol where relevant"", ""Traditional preparations without informed review""], ""pregnancy_lactation"": ""Use only when clinically justified and reviewed with the treating clinician."", ""population"": ""Adults and children when prescribed and clinically appropriate"", ""region"": ""Ethiopia: primary care, referral care, and local community settings"", ""safety_notes"": [""Complete the prescribed course unless instructed otherwise"", ""Urgent review is needed for shortness of breath, rash, fainting, confusion, or severe bleeding""], ""source_ref"": ""Ethiopian formulary references; WHO clinical guidance; national medication safety review"", ""evidence_level"": ""Local formulary reference""}"
medication,1.0.0,"Medication effects, interactions, monitoring, adherence, and referral safety.",antimalarials,Antimalarials,Common antimalarial and malaria-prevention medicines used in Ethiopia and similar endemic settings.,Malaria care|Medication history|Adherence education,"{""name"": ""Atovaquone-Proguanil 2 g Injectable"", ""description"": ""Atovaquone-Proguanil is used in Ethiopian clinical and community care settings for a clinician-directed indication. This reference supports safe prescribing, adherence review, and interaction checking."", ""drug_class"": ""Essential local formulary reference"", ""indications"": [""Clinician-directed treatment plan"", ""Routine medication review"", ""Safety screening""], ""common_side_effects"": [""Nausea"", ""Dizziness"", ""Mild abdominal discomfort""], ""serious_side_effects"": [""Severe allergic reaction"", ""Persistent vomiting"", ""Severe weakness"", ""Uncontrolled bleeding""], ""monitoring"": [""Dose and timing review"", ""Clinical symptom tracking"", ""Medication interaction screening""], ""contraindications"": [""Known severe allergy"", ""Severe hepatic or renal impairment without clinician review""], ""interactions"": [""Other medicines in the same treatment class"", ""Alcohol where relevant"", ""Traditional preparations without informed review""], ""pregnancy_lactation"": ""Use only when clinically justified and reviewed with the treating clinician."", ""population"": ""Adults and children when prescribed and clinically appropriate"", ""region"": ""Ethiopia: primary care, referral care, and local community settings"", ""safety_notes"": [""Complete the prescribed course unless instructed otherwise"", ""Urgent review is needed for shortness of breath, rash, fainting, confusion, or severe bleeding""], ""source_ref"": ""Ethiopian formulary references; WHO clinical guidance; national medication safety review"", ""evidence_level"": ""Local formulary reference""}"
medication,1.0.0,"Medication effects, interactions, monitoring, adherence, and referral safety.",antimalarials,Antimalarials,Common antimalarial and malaria-prevention medicines used in Ethiopia and similar endemic settings.,Malaria care|Medication history|Adherence education,"{""name"": ""Atovaquone-Proguanil 2 g Oral suspension"", ""description"": ""Atovaquone-Proguanil is used in Ethiopian clinical and community care settings for a clinician-directed indication. This reference supports safe prescribing, adherence review, and interaction checking."", ""drug_class"": ""Essential local formulary reference"", ""indications"": [""Clinician-directed treatment plan"", ""Routine medication review"", ""Safety screening""], ""common_side_effects"": [""Nausea"", ""Dizziness"", ""Mild abdominal discomfort""], ""serious_side_effects"": [""Severe allergic reaction"", ""Persistent vomiting"", ""Severe weakness"", ""Uncontrolled bleeding""], ""monitoring"": [""Dose and timing review"", ""Clinical symptom tracking"", ""Medication interaction screening""], ""contraindications"": [""Known severe allergy"", ""Severe hepatic or renal impairment without clinician review""], ""interactions"": [""Other medicines in the same treatment class"", ""Alcohol where relevant"", ""Traditional preparations without informed review""], ""pregnancy_lactation"": ""Use only when clinically justified and reviewed with the treating clinician."", ""population"": ""Adults and children when prescribed and clinically appropriate"", ""region"": ""Ethiopia: primary care, referral care, and local community settings"", ""safety_notes"": [""Complete the prescribed course unless instructed otherwise"", ""Urgent review is needed for shortness of breath, rash, fainting, confusion, or severe bleeding""], ""source_ref"": ""Ethiopian formulary references; WHO clinical guidance; national medication safety review"", ""evidence_level"": ""Local formulary reference""}"
medication,1.0.0,"Medication effects, interactions, monitoring, adherence, and referral safety.",antimalarials,Antimalarials,Common antimalarial and malaria-prevention medicines used in Ethiopia and similar endemic settings.,Malaria care|Medication history|Adherence education,"{""name"": ""Atovaquone-Proguanil 2 g Inhaler"", ""description"": ""Atovaquone-Proguanil is used in Ethiopian clinical and community care settings for a clinician-directed indication. This reference supports safe prescribing, adherence review, and interaction checking."", ""drug_class"": ""Essential local formulary reference"", ""indications"": [""Clinician-directed treatment plan"", ""Routine medication review"", ""Safety screening""], ""common_side_effects"": [""Nausea"", ""Dizziness"", ""Mild abdominal discomfort""], ""serious_side_effects"": [""Severe allergic reaction"", ""Persistent vomiting"", ""Severe weakness"", ""Uncontrolled bleeding""], ""monitoring"": [""Dose and timing review"", ""Clinical symptom tracking"", ""Medication interaction screening""], ""contraindications"": [""Known severe allergy"", ""Severe hepatic or renal impairment without clinician review""], ""interactions"": [""Other medicines in the same treatment class"", ""Alcohol where relevant"", ""Traditional preparations without informed review""], ""pregnancy_lactation"": ""Use only when clinically justified and reviewed with the treating clinician."", ""population"": ""Adults and children when prescribed and clinically appropriate"", ""region"": ""Ethiopia: primary care, referral care, and local community settings"", ""safety_notes"": [""Complete the prescribed course unless instructed otherwise"", ""Urgent review is needed for shortness of breath, rash, fainting, confusion, or severe bleeding""], ""source_ref"": ""Ethiopian formulary references; WHO clinical guidance; national medication safety review"", ""evidence_level"": ""Local formulary reference""}"
medication,1.0.0,"Medication effects, interactions, monitoring, adherence, and referral safety.",antibiotics,Antibiotics,Common oral and injectable antibiotics used in Ethiopian primary and referral care.,Infection review|Prescription audit|Antimicrobial education,"{""name"": ""Amoxicillin 5 mg Tablet"", ""description"": ""Amoxicillin is used in Ethiopian clinical and community care settings for a clinician-directed indication. This reference supports safe prescribing, adherence review, and interaction checking."", ""drug_class"": ""Essential local formulary reference"", ""indications"": [""Clinician-directed treatment plan"", ""Routine medication review"", ""Safety screening""], ""common_side_effects"": [""Nausea"", ""Dizziness"", ""Mild abdominal discomfort""], ""serious_side_effects"": [""Severe allergic reaction"", ""Persistent vomiting"", ""Severe weakness"", ""Uncontrolled bleeding""], ""monitoring"": [""Dose and timing review"", ""Clinical symptom tracking"", ""Medication interaction screening""], ""contraindications"": [""Known severe allergy"", ""Severe hepatic or renal impairment without clinician review""], ""interactions"": [""Other medicines in the same treatment class"", ""Alcohol where relevant"", ""Traditional preparations without informed review""], ""pregnancy_lactation"": ""Use only when clinically justified and reviewed with the treating clinician."", ""population"": ""Adults and children when prescribed and clinically appropriate"", ""region"": ""Ethiopia: primary care, referral care, and local community settings"", ""safety_notes"": [""Complete the prescribed course unless instructed otherwise"", ""Urgent review is needed for shortness of breath, rash, fainting, confusion, or severe bleeding""], ""source_ref"": ""Ethiopian formulary references; WHO clinical guidance; national medication safety review"", ""evidence_level"": ""Local formulary reference""}"
medication,1.0.0,"Medication effects, interactions, monitoring, adherence, and referral safety.",antibiotics,Antibiotics,Common oral and injectable antibiotics used in Ethiopian primary and referral care.,Infection review|Prescription audit|Antimicrobial education,"{""name"": ""Amoxicillin 5 mg Capsule"", ""description"": ""Amoxicillin is used in Ethiopian clinical and community care settings for a clinician-directed indication. This reference supports safe prescribing, adherence review, and interaction checking."", ""drug_class"": ""Essential local formulary reference"", ""indications"": [""Clinician-directed treatment plan"", ""Routine medication review"", ""Safety screening""], ""common_side_effects"": [""Nausea"", ""Dizziness"", ""Mild abdominal discomfort""], ""serious_side_effects"": [""Severe allergic reaction"", ""Persistent vomiting"", ""Severe weakness"", ""Uncontrolled bleeding""], ""monitoring"": [""Dose and timing review"", ""Clinical symptom tracking"", ""Medication interaction screening""], ""contraindications"": [""Known severe allergy"", ""Severe hepatic or renal impairment without clinician review""], ""interactions"": [""Other medicines in the same treatment class"", ""Alcohol where relevant"", ""Traditional preparations without informed review""], ""pregnancy_lactation"": ""Use only when clinically justified and reviewed with the treating clinician."", ""population"": ""Adults and children when prescribed and clinically appropriate"", ""region"": ""Ethiopia: primary care, referral care, and local community settings"", ""safety_notes"": [""Complete the prescribed course unless instructed otherwise"", ""Urgent review is needed for shortness of breath, rash, fainting, confusion, or severe bleeding""], ""source_ref"": ""Ethiopian formulary references; WHO clinical guidance; national medication safety review"", ""evidence_level"": ""Local formulary reference""}"
medication,1.0.0,"Medication effects, interactions, monitoring, adherence, and referral safety.",antibiotics,Antibiotics,Common oral and injectable antibiotics used in Ethiopian primary and referral care.,Infection review|Prescription audit|Antimicrobial education,"{""name"": ""Amoxicillin 5 mg Syrup"", ""description"": ""Amoxicillin is used in Ethiopian clinical and community care settings for a clinician-directed indication. This reference supports safe prescribing, adherence review, and interaction checking."", ""drug_class"": ""Essential local formulary reference"", ""indications"": [""Clinician-directed treatment plan"", ""Routine medication review"", ""Safety screening""], ""common_side_effects"": [""Nausea"", ""Dizziness"", ""Mild abdominal discomfort""], ""serious_side_effects"": [""Severe allergic reaction"", ""Persistent vomiting"", ""Severe weakness"", ""Uncontrolled bleeding""], ""monitoring"": [""Dose and timing review"", ""Clinical symptom tracking"", ""Medication interaction screening""], ""contraindications"": [""Known severe allergy"", ""Severe hepatic or renal impairment without clinician review""], ""interactions"": [""Other medicines in the same treatment class"", ""Alcohol where relevant"", ""Traditional preparations without informed review""], ""pregnancy_lactation"": ""Use only when clinically justified and reviewed with the treating clinician."", ""population"": ""Adults and children when prescribed and clinically appropriate"", ""region"": ""Ethiopia: primary care, referral care, and local community settings"", ""safety_notes"": [""Complete the prescribed course unless instructed otherwise"", ""Urgent review is needed for shortness of breath, rash, fainting, confusion, or severe bleeding""], ""source_ref"": ""Ethiopian formulary references; WHO clinical guidance; national medication safety review"", ""evidence_level"": ""Local formulary reference""}"
medication,1.0.0,"Medication effects, interactions, monitoring, adherence, and referral safety.",antibiotics,Antibiotics,Common oral and injectable antibiotics used in Ethiopian primary and referral care.,Infection review|Prescription audit|Antimicrobial education,"{""name"": ""Amoxicillin 5 mg Injectable"", ""description"": ""Amoxicillin is used in Ethiopian clinical and community care settings for a clinician-directed indication. This reference supports safe prescribing, adherence review, and interaction checking."", ""drug_class"": ""Essential local formulary reference"", ""indications"": [""Clinician-directed treatment plan"", ""Routine medication review"", ""Safety screening""], ""common_side_effects"": [""Nausea"", ""Dizziness"", ""Mild abdominal discomfort""], ""serious_side_effects"": [""Severe allergic reaction"", ""Persistent vomiting"", ""Severe weakness"", ""Uncontrolled bleeding""], ""monitoring"": [""Dose and timing review"", ""Clinical symptom tracking"", ""Medication interaction screening""], ""contraindications"": [""Known severe allergy"", ""Severe hepatic or renal impairment without clinician review""], ""interactions"": [""Other medicines in the same treatment class"", ""Alcohol where relevant"", ""Traditional preparations without informed review""], ""pregnancy_lactation"": ""Use only when clinically justified and reviewed with the treating clinician."", ""population"": ""Adults and children when prescribed and clinically appropriate"", ""region"": ""Ethiopia: primary care, referral care, and local community settings"", ""safety_notes"": [""Complete the prescribed course unless instructed otherwise"", ""Urgent review is needed for shortness of breath, rash, fainting, confusion, or severe bleeding""], ""source_ref"": ""Ethiopian formulary references; WHO clinical guidance; national medication safety review"", ""evidence_level"": ""Local formulary reference""}"
medication,1.0.0,"Medication effects, interactions, monitoring, adherence, and referral safety.",antibiotics,Antibiotics,Common oral and injectable antibiotics used in Ethiopian primary and referral care.,Infection review|Prescription audit|Antimicrobial education,"{""name"": ""Amoxicillin 5 mg Oral suspension"", ""description"": ""Amoxicillin is used in Ethiopian clinical and community care settings for a clinician-directed indication. This reference supports safe prescribing, adherence review, and interaction checking."", ""drug_class"": ""Essential local formulary reference"", ""indications"": [""Clinician-directed treatment plan"", ""Routine medication review"", ""Safety screening""], ""common_side_effects"": [""Nausea"", ""Dizziness"", ""Mild abdominal discomfort""], ""serious_side_effects"": [""Severe allergic reaction"", ""Persistent vomiting"", ""Severe weakness"", ""Uncontrolled bleeding""], ""monitoring"": [""Dose and timing review"", ""Clinical symptom tracking"", ""Medication interaction screening""], ""contraindications"": [""Known severe allergy"", ""Severe hepatic or renal impairment without clinician review""], ""interactions"": [""Other medicines in the same treatment class"", ""Alcohol where relevant"", ""Traditional preparations without informed review""], ""pregnancy_lactation"": ""Use only when clinically justified and reviewed with the treating clinician."", ""population"": ""Adults and children when prescribed and clinically appropriate"", ""region"": ""Ethiopia: primary care, referral care, and local community settings"", ""safety_notes"": [""Complete the prescribed course unless instructed otherwise"", ""Urgent review is needed for shortness of breath, rash, fainting, confusion, or severe bleeding""], ""source_ref"": ""Ethiopian formulary references; WHO clinical guidance; national medication safety review"", ""evidence_level"": ""Local formulary reference""}"
medication,1.0.0,"Medication effects, interactions, monitoring, adherence, and referral safety.",antibiotics,Antibiotics,Common oral and injectable antibiotics used in Ethiopian primary and referral care.,Infection review|Prescription audit|Antimicrobial education,"{""name"": ""Amoxicillin 5 mg Inhaler"", ""description"": ""Amoxicillin is used in Ethiopian clinical and community care settings for a clinician-directed indication. This reference supports safe prescribing, adherence review, and interaction checking."", ""drug_class"": ""Essential local formulary reference"", ""indications"": [""Clinician-directed treatment plan"", ""Routine medication review"", ""Safety screening""], ""common_side_effects"": [""Nausea"", ""Dizziness"", ""Mild abdominal discomfort""], ""serious_side_effects"": [""Severe allergic reaction"", ""Persistent vomiting"", ""Severe weakness"", ""Uncontrolled bleeding""], ""monitoring"": [""Dose and timing review"", ""Clinical symptom tracking"", ""Medication interaction screening""], ""contraindications"": [""Known severe allergy"", ""Severe hepatic or renal impairment without clinician review""], ""interactions"": [""Other medicines in the same treatment class"", ""Alcohol where relevant"", ""Traditional preparations without informed review""], ""pregnancy_lactation"": ""Use only when clinically justified and reviewed with the treating clinician."", ""population"": ""Adults and children when prescribed and clinically appropriate"", ""region"": ""Ethiopia: primary care, referral care, and local community settings"", ""safety_notes"": [""Complete the prescribed course unless instructed otherwise"", ""Urgent review is needed for shortness of breath, rash, fainting, confusion, or severe bleeding""], ""source_ref"": ""Ethiopian formulary references; WHO clinical guidance; national medication safety review"", ""evidence_level"": ""Local formulary reference""}"
medication,1.0.0,"Medication effects, interactions, monitoring, adherence, and referral safety.",antibiotics,Antibiotics,Common oral and injectable antibiotics used in Ethiopian primary and referral care.,Infection review|Prescription audit|Antimicrobial education,"{""name"": ""Amoxicillin 10 mg Tablet"", ""description"": ""Amoxicillin is used in Ethiopian clinical and community care settings for a clinician-directed indication. This reference supports safe prescribing, adherence review, and interaction checking."", ""drug_class"": ""Essential local formulary reference"", ""indications"": [""Clinician-directed treatment plan"", ""Routine medication review"", ""Safety screening""], ""common_side_effects"": [""Nausea"", ""Dizziness"", ""Mild abdominal discomfort""], ""serious_side_effects"": [""Severe allergic reaction"", ""Persistent vomiting"", ""Severe weakness"", ""Uncontrolled bleeding""], ""monitoring"": [""Dose and timing review"", ""Clinical symptom tracking"", ""Medication interaction screening""], ""contraindications"": [""Known severe allergy"", ""Severe hepatic or renal impairment without clinician review""], ""interactions"": [""Other medicines in the same treatment class"", ""Alcohol where relevant"", ""Traditional preparations without informed review""], ""pregnancy_lactation"": ""Use only when clinically justified and reviewed with the treating clinician."", ""population"": ""Adults and children when prescribed and clinically appropriate"", ""region"": ""Ethiopia: primary care, referral care, and local community settings"", ""safety_notes"": [""Complete the prescribed course unless instructed otherwise"", ""Urgent review is needed for shortness of breath, rash, fainting, confusion, or severe bleeding""], ""source_ref"": ""Ethiopian formulary references; WHO clinical guidance; national medication safety review"", ""evidence_level"": ""Local formulary reference""}"
medication,1.0.0,"Medication effects, interactions, monitoring, adherence, and referral safety.",antibiotics,Antibiotics,Common oral and injectable antibiotics used in Ethiopian primary and referral care.,Infection review|Prescription audit|Antimicrobial education,"{""name"": ""Amoxicillin 10 mg Capsule"", ""description"": ""Amoxicillin is used in Ethiopian clinical and community care settings for a clinician-directed indication. This reference supports safe prescribing, adherence review, and interaction checking."", ""drug_class"": ""Essential local formulary reference"", ""indications"": [""Clinician-directed treatment plan"", ""Routine medication review"", ""Safety screening""], ""common_side_effects"": [""Nausea"", ""Dizziness"", ""Mild abdominal discomfort""], ""serious_side_effects"": [""Severe allergic reaction"", ""Persistent vomiting"", ""Severe weakness"", ""Uncontrolled bleeding""], ""monitoring"": [""Dose and timing review"", ""Clinical symptom tracking"", ""Medication interaction screening""], ""contraindications"": [""Known severe allergy"", ""Severe hepatic or renal impairment without clinician review""], ""interactions"": [""Other medicines in the same treatment class"", ""Alcohol where relevant"", ""Traditional preparations without informed review""], ""pregnancy_lactation"": ""Use only when clinically justified and reviewed with the treating clinician."", ""population"": ""Adults and children when prescribed and clinically appropriate"", ""region"": ""Ethiopia: primary care, referral care, and local community settings"", ""safety_notes"": [""Complete the prescribed course unless instructed otherwise"", ""Urgent review is needed for shortness of breath, rash, fainting, confusion, or severe bleeding""], ""source_ref"": ""Ethiopian formulary references; WHO clinical guidance; national medication safety review"", ""evidence_level"": ""Local formulary reference""}"
medication,1.0.0,"Medication effects, interactions, monitoring, adherence, and referral safety.",antibiotics,Antibiotics,Common oral and injectable antibiotics used in Ethiopian primary and referral care.,Infection review|Prescription audit|Antimicrobial education,"{""name"": ""Amoxicillin 10 mg Syrup"", ""description"": ""Amoxicillin is used in Ethiopian clinical and community care settings for a clinician-directed indication. This reference supports safe prescribing, adherence review, and interaction checking."", ""drug_class"": ""Essential local formulary reference"", ""indications"": [""Clinician-directed treatment plan"", ""Routine medication review"", ""Safety screening""], ""common_side_effects"": [""Nausea"", ""Dizziness"", ""Mild abdominal discomfort""], ""serious_side_effects"": [""Severe allergic reaction"", ""Persistent vomiting"", ""Severe weakness"", ""Uncontrolled bleeding""], ""monitoring"": [""Dose and timing review"", ""Clinical symptom tracking"", ""Medication interaction screening""], ""contraindications"": [""Known severe allergy"", ""Severe hepatic or renal impairment without clinician review""], ""interactions"": [""Other medicines in the same treatment class"", ""Alcohol where relevant"", ""Traditional preparations without informed review""], ""pregnancy_lactation"": ""Use only when clinically justified and reviewed with the treating clinician."", ""population"": ""Adults and children when prescribed and clinically appropriate"", ""region"": ""Ethiopia: primary care, referral care, and local community settings"", ""safety_notes"": [""Complete the prescribed course unless instructed otherwise"", ""Urgent review is needed for shortness of breath, rash, fainting, confusion, or severe bleeding""], ""source_ref"": ""Ethiopian formulary references; WHO clinical guidance; national medication safety review"", ""evidence_level"": ""Local formulary reference""}"
medication,1.0.0,"Medication effects, interactions, monitoring, adherence, and referral safety.",antibiotics,Antibiotics,Common oral and injectable antibiotics used in Ethiopian primary and referral care.,Infection review|Prescription audit|Antimicrobial education,"{""name"": ""Amoxicillin 10 mg Injectable"", ""description"": ""Amoxicillin is used in Ethiopian clinical and community care settings for a clinician-directed indication. This reference supports safe prescribing, adherence review, and interaction checking."", ""drug_class"": ""Essential local formulary reference"", ""indications"": [""Clinician-directed treatment plan"", ""Routine medication review"", ""Safety screening""], ""common_side_effects"": [""Nausea"", ""Dizziness"", ""Mild abdominal discomfort""], ""serious_side_effects"": [""Severe allergic reaction"", ""Persistent vomiting"", ""Severe weakness"", ""Uncontrolled bleeding""], ""monitoring"": [""Dose and timing review"", ""Clinical symptom tracking"", ""Medication interaction screening""], ""contraindications"": [""Known severe allergy"", ""Severe hepatic or renal impairment without clinician review""], ""interactions"": [""Other medicines in the same treatment class"", ""Alcohol where relevant"", ""Traditional preparations without informed review""], ""pregnancy_lactation"": ""Use only when clinically justified and reviewed with the treating clinician."", ""population"": ""Adults and children when prescribed and clinically appropriate"", ""region"": ""Ethiopia: primary care, referral care, and local community settings"", ""safety_notes"": [""Complete the prescribed course unless instructed otherwise"", ""Urgent review is needed for shortness of breath, rash, fainting, confusion, or severe bleeding""], ""source_ref"": ""Ethiopian formulary references; WHO clinical guidance; national medication safety review"", ""evidence_level"": ""Local formulary reference""}"
medication,1.0.0,"Medication effects, interactions, monitoring, adherence, and referral safety.",antibiotics,Antibiotics,Common oral and injectable antibiotics used in Ethiopian primary and referral care.,Infection review|Prescription audit|Antimicrobial education,"{""name"": ""Amoxicillin 10 mg Oral suspension"", ""description"": ""Amoxicillin is used in Ethiopian clinical and community care settings for a clinician-directed indication. This reference supports safe prescribing, adherence review, and interaction checking."", ""drug_class"": ""Essential local formulary reference"", ""indications"": [""Clinician-directed treatment plan"", ""Routine medication review"", ""Safety screening""], ""common_side_effects"": [""Nausea"", ""Dizziness"", ""Mild abdominal discomfort""], ""serious_side_effects"": [""Severe allergic reaction"", ""Persistent vomiting"", ""Severe weakness"", ""Uncontrolled bleeding""], ""monitoring"": [""Dose and timing review"", ""Clinical symptom tracking"", ""Medication interaction screening""], ""contraindications"": [""Known severe allergy"", ""Severe hepatic or renal impairment without clinician review""], ""interactions"": [""Other medicines in the same treatment class"", ""Alcohol where relevant"", ""Traditional preparations without informed review""], ""pregnancy_lactation"": ""Use only when clinically justified and reviewed with the treating clinician."", ""population"": ""Adults and children when prescribed and clinically appropriate"", ""region"": ""Ethiopia: primary care, referral care, and local community settings"", ""safety_notes"": [""Complete the prescribed course unless instructed otherwise"", ""Urgent review is needed for shortness of breath, rash, fainting, confusion, or severe bleeding""], ""source_ref"": ""Ethiopian formulary references; WHO clinical guidance; national medication safety review"", ""evidence_level"": ""Local formulary reference""}"
medication,1.0.0,"Medication effects, interactions, monitoring, adherence, and referral safety.",antibiotics,Antibiotics,Common oral and injectable antibiotics used in Ethiopian primary and referral care.,Infection review|Prescription audit|Antimicrobial education,"{""name"": ""Amoxicillin 10 mg Inhaler"", ""description"": ""Amoxicillin is used in Ethiopian clinical and community care settings for a clinician-directed indication. This reference supports safe prescribing, adherence review, and interaction checking."", ""drug_class"": ""Essential local formulary reference"", ""indications"": [""Clinician-directed treatment plan"", ""Routine medication review"", ""Safety screening""], ""common_side_effects"": [""Nausea"", ""Dizziness"", ""Mild abdominal discomfort""], ""serious_side_effects"": [""Severe allergic reaction"", ""Persistent vomiting"", ""Severe weakness"", ""Uncontrolled bleeding""], ""monitoring"": [""Dose and timing review"", ""Clinical symptom tracking"", ""Medication interaction screening""], ""contraindications"": [""Known severe allergy"", ""Severe hepatic or renal impairment without clinician review""], ""interactions"": [""Other medicines in the same treatment class"", ""Alcohol where relevant"", ""Traditional preparations without informed review""], ""pregnancy_lactation"": ""Use only when clinically justified and reviewed with the treating clinician."", ""population"": ""Adults and children when prescribed and clinically appropriate"", ""region"": ""Ethiopia: primary care, referral care, and local community settings"", ""safety_notes"": [""Complete the prescribed course unless instructed otherwise"", ""Urgent review is needed for shortness of breath, rash, fainting, confusion, or severe bleeding""], ""source_ref"": ""Ethiopian formulary references; WHO clinical guidance; national medication safety review"", ""evidence_level"": ""Local formulary reference""}"
medication,1.0.0,"Medication effects, interactions, monitoring, adherence, and referral safety.",antibiotics,Antibiotics,Common oral and injectable antibiotics used in Ethiopian primary and referral care.,Infection review|Prescription audit|Antimicrobial education,"{""name"": ""Amoxicillin 25 mg Tablet"", ""description"": ""Amoxicillin is used in Ethiopian clinical and community care settings for a clinician-directed indication. This reference supports safe prescribing, adherence review, and interaction checking."", ""drug_class"": ""Essential local formulary reference"", ""indications"": [""Clinician-directed treatment plan"", ""Routine medication review"", ""Safety screening""], ""common_side_effects"": [""Nausea"", ""Dizziness"", ""Mild abdominal discomfort""], ""serious_side_effects"": [""Severe allergic reaction"", ""Persistent vomiting"", ""Severe weakness"", ""Uncontrolled bleeding""], ""monitoring"": [""Dose and timing review"", ""Clinical symptom tracking"", ""Medication interaction screening""], ""contraindications"": [""Known severe allergy"", ""Severe hepatic or renal impairment without clinician review""], ""interactions"": [""Other medicines in the same treatment class"", ""Alcohol where relevant"", ""Traditional preparations without informed review""], ""pregnancy_lactation"": ""Use only when clinically justified and reviewed with the treating clinician."", ""population"": ""Adults and children when prescribed and clinically appropriate"", ""region"": ""Ethiopia: primary care, referral care, and local community settings"", ""safety_notes"": [""Complete the prescribed course unless instructed otherwise"", ""Urgent review is needed for shortness of breath, rash, fainting, confusion, or severe bleeding""], ""source_ref"": ""Ethiopian formulary references; WHO clinical guidance; national medication safety review"", ""evidence_level"": ""Local formulary reference""}"
medication,1.0.0,"Medication effects, interactions, monitoring, adherence, and referral safety.",antibiotics,Antibiotics,Common oral and injectable antibiotics used in Ethiopian primary and referral care.,Infection review|Prescription audit|Antimicrobial education,"{""name"": ""Amoxicillin 25 mg Capsule"", ""description"": ""Amoxicillin is used in Ethiopian clinical and community care settings for a clinician-directed indication. This reference supports safe prescribing, adherence review, and interaction checking."", ""drug_class"": ""Essential local formulary reference"", ""indications"": [""Clinician-directed treatment plan"", ""Routine medication review"", ""Safety screening""], ""common_side_effects"": [""Nausea"", ""Dizziness"", ""Mild abdominal discomfort""], ""serious_side_effects"": [""Severe allergic reaction"", ""Persistent vomiting"", ""Severe weakness"", ""Uncontrolled bleeding""], ""monitoring"": [""Dose and timing review"", ""Clinical symptom tracking"", ""Medication interaction screening""], ""contraindications"": [""Known severe allergy"", ""Severe hepatic or renal impairment without clinician review""], ""interactions"": [""Other medicines in the same treatment class"", ""Alcohol where relevant"", ""Traditional preparations without informed review""], ""pregnancy_lactation"": ""Use only when clinically justified and reviewed with the treating clinician."", ""population"": ""Adults and children when prescribed and clinically appropriate"", ""region"": ""Ethiopia: primary care, referral care, and local community settings"", ""safety_notes"": [""Complete the prescribed course unless instructed otherwise"", ""Urgent review is needed for shortness of breath, rash, fainting, confusion, or severe bleeding""], ""source_ref"": ""Ethiopian formulary references; WHO clinical guidance; national medication safety review"", ""evidence_level"": ""Local formulary reference""}"
medication,1.0.0,"Medication effects, interactions, monitoring, adherence, and referral safety.",antibiotics,Antibiotics,Common oral and injectable antibiotics used in Ethiopian primary and referral care.,Infection review|Prescription audit|Antimicrobial education,"{""name"": ""Amoxicillin 25 mg Syrup"", ""description"": ""Amoxicillin is used in Ethiopian clinical and community care settings for a clinician-directed indication. This reference supports safe prescribing, adherence review, and interaction checking."", ""drug_class"": ""Essential local formulary reference"", ""indications"": [""Clinician-directed treatment plan"", ""Routine medication review"", ""Safety screening""], ""common_side_effects"": [""Nausea"", ""Dizziness"", ""Mild abdominal discomfort""], ""serious_side_effects"": [""Severe allergic reaction"", ""Persistent vomiting"", ""Severe weakness"", ""Uncontrolled bleeding""], ""monitoring"": [""Dose and timing review"", ""Clinical symptom tracking"", ""Medication interaction screening""], ""contraindications"": [""Known severe allergy"", ""Severe hepatic or renal impairment without clinician review""], ""interactions"": [""Other medicines in the same treatment class"", ""Alcohol where relevant"", ""Traditional preparations without informed review""], ""pregnancy_lactation"": ""Use only when clinically justified and reviewed with the treating clinician."", ""population"": ""Adults and children when prescribed and clinically appropriate"", ""region"": ""Ethiopia: primary care, referral care, and local community settings"", ""safety_notes"": [""Complete the prescribed course unless instructed otherwise"", ""Urgent review is needed for shortness of breath, rash, fainting, confusion, or severe bleeding""], ""source_ref"": ""Ethiopian formulary references; WHO clinical guidance; national medication safety review"", ""evidence_level"": ""Local formulary reference""}"
medication,1.0.0,"Medication effects, interactions, monitoring, adherence, and referral safety.",antibiotics,Antibiotics,Common oral and injectable antibiotics used in Ethiopian primary and referral care.,Infection review|Prescription audit|Antimicrobial education,"{""name"": ""Amoxicillin 25 mg Injectable"", ""description"": ""Amoxicillin is used in Ethiopian clinical and community care settings for a clinician-directed indication. This reference supports safe prescribing, adherence review, and interaction checking."", ""drug_class"": ""Essential local formulary reference"", ""indications"": [""Clinician-directed treatment plan"", ""Routine medication review"", ""Safety screening""], ""common_side_effects"": [""Nausea"", ""Dizziness"", ""Mild abdominal discomfort""], ""serious_side_effects"": [""Severe allergic reaction"", ""Persistent vomiting"", ""Severe weakness"", ""Uncontrolled bleeding""], ""monitoring"": [""Dose and timing review"", ""Clinical symptom tracking"", ""Medication interaction screening""], ""contraindications"": [""Known severe allergy"", ""Severe hepatic or renal impairment without clinician review""], ""interactions"": [""Other medicines in the same treatment class"", ""Alcohol where relevant"", ""Traditional preparations without informed review""], ""pregnancy_lactation"": ""Use only when clinically justified and reviewed with the treating clinician."", ""population"": ""Adults and children when prescribed and clinically appropriate"", ""region"": ""Ethiopia: primary care, referral care, and local community settings"", ""safety_notes"": [""Complete the prescribed course unless instructed otherwise"", ""Urgent review is needed for shortness of breath, rash, fainting, confusion, or severe bleeding""], ""source_ref"": ""Ethiopian formulary references; WHO clinical guidance; national medication safety review"", ""evidence_level"": ""Local formulary reference""}"
medication,1.0.0,"Medication effects, interactions, monitoring, adherence, and referral safety.",antibiotics,Antibiotics,Common oral and injectable antibiotics used in Ethiopian primary and referral care.,Infection review|Prescription audit|Antimicrobial education,"{""name"": ""Amoxicillin 25 mg Oral suspension"", ""description"": ""Amoxicillin is used in Ethiopian clinical and community care settings for a clinician-directed indication. This reference supports safe prescribing, adherence review, and interaction checking."", ""drug_class"": ""Essential local formulary reference"", ""indications"": [""Clinician-directed treatment plan"", ""Routine medication review"", ""Safety screening""], ""common_side_effects"": [""Nausea"", ""Dizziness"", ""Mild abdominal discomfort""], ""serious_side_effects"": [""Severe allergic reaction"", ""Persistent vomiting"", ""Severe weakness"", ""Uncontrolled bleeding""], ""monitoring"": [""Dose and timing review"", ""Clinical symptom tracking"", ""Medication interaction screening""], ""contraindications"": [""Known severe allergy"", ""Severe hepatic or renal impairment without clinician review""], ""interactions"": [""Other medicines in the same treatment class"", ""Alcohol where relevant"", ""Traditional preparations without informed review""], ""pregnancy_lactation"": ""Use only when clinically justified and reviewed with the treating clinician."", ""population"": ""Adults and children when prescribed and clinically appropriate"", ""region"": ""Ethiopia: primary care, referral care, and local community settings"", ""safety_notes"": [""Complete the prescribed course unless instructed otherwise"", ""Urgent review is needed for shortness of breath, rash, fainting, confusion, or severe bleeding""], ""source_ref"": ""Ethiopian formulary references; WHO clinical guidance; national medication safety review"", ""evidence_level"": ""Local formulary reference""}"
medication,1.0.0,"Medication effects, interactions, monitoring, adherence, and referral safety.",antibiotics,Antibiotics,Common oral and injectable antibiotics used in Ethiopian primary and referral care.,Infection review|Prescription audit|Antimicrobial education,"{""name"": ""Amoxicillin 25 mg Inhaler"", ""description"": ""Amoxicillin is used in Ethiopian clinical and community care settings for a clinician-directed indication. This reference supports safe prescribing, adherence review, and interaction checking."", ""drug_class"": ""Essential local formulary reference"", ""indications"": [""Clinician-directed treatment plan"", ""Routine medication review"", ""Safety screening""], ""common_side_effects"": [""Nausea"", ""Dizziness"", ""Mild abdominal discomfort""], ""serious_side_effects"": [""Severe allergic reaction"", ""Persistent vomiting"", ""Severe weakness"", ""Uncontrolled bleeding""], ""monitoring"": [""Dose and timing review"", ""Clinical symptom tracking"", ""Medication interaction screening""], ""contraindications"": [""Known severe allergy"", ""Severe hepatic or renal impairment without clinician review""], ""interactions"": [""Other medicines in the same treatment class"", ""Alcohol where relevant"", ""Traditional preparations without informed review""], ""pregnancy_lactation"": ""Use only when clinically justified and reviewed with the treating clinician."", ""population"": ""Adults and children when prescribed and clinically appropriate"", ""region"": ""Ethiopia: primary care, referral care, and local community settings"", ""safety_notes"": [""Complete the prescribed course unless instructed otherwise"", ""Urgent review is needed for shortness of breath, rash, fainting, confusion, or severe bleeding""], ""source_ref"": ""Ethiopian formulary references; WHO clinical guidance; national medication safety review"", ""evidence_level"": ""Local formulary reference""}"
medication,1.0.0,"Medication effects, interactions, monitoring, adherence, and referral safety.",antibiotics,Antibiotics,Common oral and injectable antibiotics used in Ethiopian primary and referral care.,Infection review|Prescription audit|Antimicrobial education,"{""name"": ""Amoxicillin 50 mg Tablet"", ""description"": ""Amoxicillin is used in Ethiopian clinical and community care settings for a clinician-directed indication. This reference supports safe prescribing, adherence review, and interaction checking."", ""drug_class"": ""Essential local formulary reference"", ""indications"": [""Clinician-directed treatment plan"", ""Routine medication review"", ""Safety screening""], ""common_side_effects"": [""Nausea"", ""Dizziness"", ""Mild abdominal discomfort""], ""serious_side_effects"": [""Severe allergic reaction"", ""Persistent vomiting"", ""Severe weakness"", ""Uncontrolled bleeding""], ""monitoring"": [""Dose and timing review"", ""Clinical symptom tracking"", ""Medication interaction screening""], ""contraindications"": [""Known severe allergy"", ""Severe hepatic or renal impairment without clinician review""], ""interactions"": [""Other medicines in the same treatment class"", ""Alcohol where relevant"", ""Traditional preparations without informed review""], ""pregnancy_lactation"": ""Use only when clinically justified and reviewed with the treating clinician."", ""population"": ""Adults and children when prescribed and clinically appropriate"", ""region"": ""Ethiopia: primary care, referral care, and local community settings"", ""safety_notes"": [""Complete the prescribed course unless instructed otherwise"", ""Urgent review is needed for shortness of breath, rash, fainting, confusion, or severe bleeding""], ""source_ref"": ""Ethiopian formulary references; WHO clinical guidance; national medication safety review"", ""evidence_level"": ""Local formulary reference""}"
medication,1.0.0,"Medication effects, interactions, monitoring, adherence, and referral safety.",antibiotics,Antibiotics,Common oral and injectable antibiotics used in Ethiopian primary and referral care.,Infection review|Prescription audit|Antimicrobial education,"{""name"": ""Amoxicillin 50 mg Capsule"", ""description"": ""Amoxicillin is used in Ethiopian clinical and community care settings for a clinician-directed indication. This reference supports safe prescribing, adherence review, and interaction checking."", ""drug_class"": ""Essential local formulary reference"", ""indications"": [""Clinician-directed treatment plan"", ""Routine medication review"", ""Safety screening""], ""common_side_effects"": [""Nausea"", ""Dizziness"", ""Mild abdominal discomfort""], ""serious_side_effects"": [""Severe allergic reaction"", ""Persistent vomiting"", ""Severe weakness"", ""Uncontrolled bleeding""], ""monitoring"": [""Dose and timing review"", ""Clinical symptom tracking"", ""Medication interaction screening""], ""contraindications"": [""Known severe allergy"", ""Severe hepatic or renal impairment without clinician review""], ""interactions"": [""Other medicines in the same treatment class"", ""Alcohol where relevant"", ""Traditional preparations without informed review""], ""pregnancy_lactation"": ""Use only when clinically justified and reviewed with the treating clinician."", ""population"": ""Adults and children when prescribed and clinically appropriate"", ""region"": ""Ethiopia: primary care, referral care, and local community settings"", ""safety_notes"": [""Complete the prescribed course unless instructed otherwise"", ""Urgent review is needed for shortness of breath, rash, fainting, confusion, or severe bleeding""], ""source_ref"": ""Ethiopian formulary references; WHO clinical guidance; national medication safety review"", ""evidence_level"": ""Local formulary reference""}"
medication,1.0.0,"Medication effects, interactions, monitoring, adherence, and referral safety.",antibiotics,Antibiotics,Common oral and injectable antibiotics used in Ethiopian primary and referral care.,Infection review|Prescription audit|Antimicrobial education,"{""name"": ""Amoxicillin 50 mg Syrup"", ""description"": ""Amoxicillin is used in Ethiopian clinical and community care settings for a clinician-directed indication. This reference supports safe prescribing, adherence review, and interaction checking."", ""drug_class"": ""Essential local formulary reference"", ""indications"": [""Clinician-directed treatment plan"", ""Routine medication review"", ""Safety screening""], ""common_side_effects"": [""Nausea"", ""Dizziness"", ""Mild abdominal discomfort""], ""serious_side_effects"": [""Severe allergic reaction"", ""Persistent vomiting"", ""Severe weakness"", ""Uncontrolled bleeding""], ""monitoring"": [""Dose and timing review"", ""Clinical symptom tracking"", ""Medication interaction screening""], ""contraindications"": [""Known severe allergy"", ""Severe hepatic or renal impairment without clinician review""], ""interactions"": [""Other medicines in the same treatment class"", ""Alcohol where relevant"", ""Traditional preparations without informed review""], ""pregnancy_lactation"": ""Use only when clinically justified and reviewed with the treating clinician."", ""population"": ""Adults and children when prescribed and clinically appropriate"", ""region"": ""Ethiopia: primary care, referral care, and local community settings"", ""safety_notes"": [""Complete the prescribed course unless instructed otherwise"", ""Urgent review is needed for shortness of breath, rash, fainting, confusion, or severe bleeding""], ""source_ref"": ""Ethiopian formulary references; WHO clinical guidance; national medication safety review"", ""evidence_level"": ""Local formulary reference""}"
medication,1.0.0,"Medication effects, interactions, monitoring, adherence, and referral safety.",antibiotics,Antibiotics,Common oral and injectable antibiotics used in Ethiopian primary and referral care.,Infection review|Prescription audit|Antimicrobial education,"{""name"": ""Amoxicillin 50 mg Injectable"", ""description"": ""Amoxicillin is used in Ethiopian clinical and community care settings for a clinician-directed indication. This reference supports safe prescribing, adherence review, and interaction checking."", ""drug_class"": ""Essential local formulary reference"", ""indications"": [""Clinician-directed treatment plan"", ""Routine medication review"", ""Safety screening""], ""common_side_effects"": [""Nausea"", ""Dizziness"", ""Mild abdominal discomfort""], ""serious_side_effects"": [""Severe allergic reaction"", ""Persistent vomiting"", ""Severe weakness"", ""Uncontrolled bleeding""], ""monitoring"": [""Dose and timing review"", ""Clinical symptom tracking"", ""Medication interaction screening""], ""contraindications"": [""Known severe allergy"", ""Severe hepatic or renal impairment without clinician review""], ""interactions"": [""Other medicines in the same treatment class"", ""Alcohol where relevant"", ""Traditional preparations without informed review""], ""pregnancy_lactation"": ""Use only when clinically justified and reviewed with the treating clinician."", ""population"": ""Adults and children when prescribed and clinically appropriate"", ""region"": ""Ethiopia: primary care, referral care, and local community settings"", ""safety_notes"": [""Complete the prescribed course unless instructed otherwise"", ""Urgent review is needed for shortness of breath, rash, fainting, confusion, or severe bleeding""], ""source_ref"": ""Ethiopian formulary references; WHO clinical guidance; national medication safety review"", ""evidence_level"": ""Local formulary reference""}"
medication,1.0.0,"Medication effects, interactions, monitoring, adherence, and referral safety.",antibiotics,Antibiotics,Common oral and injectable antibiotics used in Ethiopian primary and referral care.,Infection review|Prescription audit|Antimicrobial education,"{""name"": ""Amoxicillin 50 mg Oral suspension"", ""description"": ""Amoxicillin is used in Ethiopian clinical and community care settings for a clinician-directed indication. This reference supports safe prescribing, adherence review, and interaction checking."", ""drug_class"": ""Essential local formulary reference"", ""indications"": [""Clinician-directed treatment plan"", ""Routine medication review"", ""Safety screening""], ""common_side_effects"": [""Nausea"", ""Dizziness"", ""Mild abdominal discomfort""], ""serious_side_effects"": [""Severe allergic reaction"", ""Persistent vomiting"", ""Severe weakness"", ""Uncontrolled bleeding""], ""monitoring"": [""Dose and timing review"", ""Clinical symptom tracking"", ""Medication interaction screening""], ""contraindications"": [""Known severe allergy"", ""Severe hepatic or renal impairment without clinician review""], ""interactions"": [""Other medicines in the same treatment class"", ""Alcohol where relevant"", ""Traditional preparations without informed review""], ""pregnancy_lactation"": ""Use only when clinically justified and reviewed with the treating clinician."", ""population"": ""Adults and children when prescribed and clinically appropriate"", ""region"": ""Ethiopia: primary care, referral care, and local community settings"", ""safety_notes"": [""Complete the prescribed course unless instructed otherwise"", ""Urgent review is needed for shortness of breath, rash, fainting, confusion, or severe bleeding""], ""source_ref"": ""Ethiopian formulary references; WHO clinical guidance; national medication safety review"", ""evidence_level"": ""Local formulary reference""}"
medication,1.0.0,"Medication effects, interactions, monitoring, adherence, and referral safety.",antibiotics,Antibiotics,Common oral and injectable antibiotics used in Ethiopian primary and referral care.,Infection review|Prescription audit|Antimicrobial education,"{""name"": ""Amoxicillin 50 mg Inhaler"", ""description"": ""Amoxicillin is used in Ethiopian clinical and community care settings for a clinician-directed indication. This reference supports safe prescribing, adherence review, and interaction checking."", ""drug_class"": ""Essential local formulary reference"", ""indications"": [""Clinician-directed treatment plan"", ""Routine medication review"", ""Safety screening""], ""common_side_effects"": [""Nausea"", ""Dizziness"", ""Mild abdominal discomfort""], ""serious_side_effects"": [""Severe allergic reaction"", ""Persistent vomiting"", ""Severe weakness"", ""Uncontrolled bleeding""], ""monitoring"": [""Dose and timing review"", ""Clinical symptom tracking"", ""Medication interaction screening""], ""contraindications"": [""Known severe allergy"", ""Severe hepatic or renal impairment without clinician review""], ""interactions"": [""Other medicines in the same treatment class"", ""Alcohol where relevant"", ""Traditional preparations without informed review""], ""pregnancy_lactation"": ""Use only when clinically justified and reviewed with the treating clinician."", ""population"": ""Adults and children when prescribed and clinically appropriate"", ""region"": ""Ethiopia: primary care, referral care, and local community settings"", ""safety_notes"": [""Complete the prescribed course unless instructed otherwise"", ""Urgent review is needed for shortness of breath, rash, fainting, confusion, or severe bleeding""], ""source_ref"": ""Ethiopian formulary references; WHO clinical guidance; national medication safety review"", ""evidence_level"": ""Local formulary reference""}"
medication,1.0.0,"Medication effects, interactions, monitoring, adherence, and referral safety.",antibiotics,Antibiotics,Common oral and injectable antibiotics used in Ethiopian primary and referral care.,Infection review|Prescription audit|Antimicrobial education,"{""name"": ""Amoxicillin 100 mg Tablet"", ""description"": ""Amoxicillin is used in Ethiopian clinical and community care settings for a clinician-directed indication. This reference supports safe prescribing, adherence review, and interaction checking."", ""drug_class"": ""Essential local formulary reference"", ""indications"": [""Clinician-directed treatment plan"", ""Routine medication review"", ""Safety screening""], ""common_side_effects"": [""Nausea"", ""Dizziness"", ""Mild abdominal discomfort""], ""serious_side_effects"": [""Severe allergic reaction"", ""Persistent vomiting"", ""Severe weakness"", ""Uncontrolled bleeding""], ""monitoring"": [""Dose and timing review"", ""Clinical symptom tracking"", ""Medication interaction screening""], ""contraindications"": [""Known severe allergy"", ""Severe hepatic or renal impairment without clinician review""], ""interactions"": [""Other medicines in the same treatment class"", ""Alcohol where relevant"", ""Traditional preparations without informed review""], ""pregnancy_lactation"": ""Use only when clinically justified and reviewed with the treating clinician."", ""population"": ""Adults and children when prescribed and clinically appropriate"", ""region"": ""Ethiopia: primary care, referral care, and local community settings"", ""safety_notes"": [""Complete the prescribed course unless instructed otherwise"", ""Urgent review is needed for shortness of breath, rash, fainting, confusion, or severe bleeding""], ""source_ref"": ""Ethiopian formulary references; WHO clinical guidance; national medication safety review"", ""evidence_level"": ""Local formulary reference""}"
medication,1.0.0,"Medication effects, interactions, monitoring, adherence, and referral safety.",antibiotics,Antibiotics,Common oral and injectable antibiotics used in Ethiopian primary and referral care.,Infection review|Prescription audit|Antimicrobial education,"{""name"": ""Amoxicillin 100 mg Capsule"", ""description"": ""Amoxicillin is used in Ethiopian clinical and community care settings for a clinician-directed indication. This reference supports safe prescribing, adherence review, and interaction checking."", ""drug_class"": ""Essential local formulary reference"", ""indications"": [""Clinician-directed treatment plan"", ""Routine medication review"", ""Safety screening""], ""common_side_effects"": [""Nausea"", ""Dizziness"", ""Mild abdominal discomfort""], ""serious_side_effects"": [""Severe allergic reaction"", ""Persistent vomiting"", ""Severe weakness"", ""Uncontrolled bleeding""], ""monitoring"": [""Dose and timing review"", ""Clinical symptom tracking"", ""Medication interaction screening""], ""contraindications"": [""Known severe allergy"", ""Severe hepatic or renal impairment without clinician review""], ""interactions"": [""Other medicines in the same treatment class"", ""Alcohol where relevant"", ""Traditional preparations without informed review""], ""pregnancy_lactation"": ""Use only when clinically justified and reviewed with the treating clinician."", ""population"": ""Adults and children when prescribed and clinically appropriate"", ""region"": ""Ethiopia: primary care, referral care, and local community settings"", ""safety_notes"": [""Complete the prescribed course unless instructed otherwise"", ""Urgent review is needed for shortness of breath, rash, fainting, confusion, or severe bleeding""], ""source_ref"": ""Ethiopian formulary references; WHO clinical guidance; national medication safety review"", ""evidence_level"": ""Local formulary reference""}"
medication,1.0.0,"Medication effects, interactions, monitoring, adherence, and referral safety.",antibiotics,Antibiotics,Common oral and injectable antibiotics used in Ethiopian primary and referral care.,Infection review|Prescription audit|Antimicrobial education,"{""name"": ""Amoxicillin 100 mg Syrup"", ""description"": ""Amoxicillin is used in Ethiopian clinical and community care settings for a clinician-directed indication. This reference supports safe prescribing, adherence review, and interaction checking."", ""drug_class"": ""Essential local formulary reference"", ""indications"": [""Clinician-directed treatment plan"", ""Routine medication review"", ""Safety screening""], ""common_side_effects"": [""Nausea"", ""Dizziness"", ""Mild abdominal discomfort""], ""serious_side_effects"": [""Severe allergic reaction"", ""Persistent vomiting"", ""Severe weakness"", ""Uncontrolled bleeding""], ""monitoring"": [""Dose and timing review"", ""Clinical symptom tracking"", ""Medication interaction screening""], ""contraindications"": [""Known severe allergy"", ""Severe hepatic or renal impairment without clinician review""], ""interactions"": [""Other medicines in the same treatment class"", ""Alcohol where relevant"", ""Traditional preparations without informed review""], ""pregnancy_lactation"": ""Use only when clinically justified and reviewed with the treating clinician."", ""population"": ""Adults and children when prescribed and clinically appropriate"", ""region"": ""Ethiopia: primary care, referral care, and local community settings"", ""safety_notes"": [""Complete the prescribed course unless instructed otherwise"", ""Urgent review is needed for shortness of breath, rash, fainting, confusion, or severe bleeding""], ""source_ref"": ""Ethiopian formulary references; WHO clinical guidance; national medication safety review"", ""evidence_level"": ""Local formulary reference""}"
medication,1.0.0,"Medication effects, interactions, monitoring, adherence, and referral safety.",antibiotics,Antibiotics,Common oral and injectable antibiotics used in Ethiopian primary and referral care.,Infection review|Prescription audit|Antimicrobial education,"{""name"": ""Amoxicillin 100 mg Injectable"", ""description"": ""Amoxicillin is used in Ethiopian clinical and community care settings for a clinician-directed indication. This reference supports safe prescribing, adherence review, and interaction checking."", ""drug_class"": ""Essential local formulary reference"", ""indications"": [""Clinician-directed treatment plan"", ""Routine medication review"", ""Safety screening""], ""common_side_effects"": [""Nausea"", ""Dizziness"", ""Mild abdominal discomfort""], ""serious_side_effects"": [""Severe allergic reaction"", ""Persistent vomiting"", ""Severe weakness"", ""Uncontrolled bleeding""], ""monitoring"": [""Dose and timing review"", ""Clinical symptom tracking"", ""Medication interaction screening""], ""contraindications"": [""Known severe allergy"", ""Severe hepatic or renal impairment without clinician review""], ""interactions"": [""Other medicines in the same treatment class"", ""Alcohol where relevant"", ""Traditional preparations without informed review""], ""pregnancy_lactation"": ""Use only when clinically justified and reviewed with the treating clinician."", ""population"": ""Adults and children when prescribed and clinically appropriate"", ""region"": ""Ethiopia: primary care, referral care, and local community settings"", ""safety_notes"": [""Complete the prescribed course unless instructed otherwise"", ""Urgent review is needed for shortness of breath, rash, fainting, confusion, or severe bleeding""], ""source_ref"": ""Ethiopian formulary references; WHO clinical guidance; national medication safety review"", ""evidence_level"": ""Local formulary reference""}"
medication,1.0.0,"Medication effects, interactions, monitoring, adherence, and referral safety.",antibiotics,Antibiotics,Common oral and injectable antibiotics used in Ethiopian primary and referral care.,Infection review|Prescription audit|Antimicrobial education,"{""name"": ""Amoxicillin 100 mg Oral suspension"", ""description"": ""Amoxicillin is used in Ethiopian clinical and community care settings for a clinician-directed indication. This reference supports safe prescribing, adherence review, and interaction checking."", ""drug_class"": ""Essential local formulary reference"", ""indications"": [""Clinician-directed treatment plan"", ""Routine medication review"", ""Safety screening""], ""common_side_effects"": [""Nausea"", ""Dizziness"", ""Mild abdominal discomfort""], ""serious_side_effects"": [""Severe allergic reaction"", ""Persistent vomiting"", ""Severe weakness"", ""Uncontrolled bleeding""], ""monitoring"": [""Dose and timing review"", ""Clinical symptom tracking"", ""Medication interaction screening""], ""contraindications"": [""Known severe allergy"", ""Severe hepatic or renal impairment without clinician review""], ""interactions"": [""Other medicines in the same treatment class"", ""Alcohol where relevant"", ""Traditional preparations without informed review""], ""pregnancy_lactation"": ""Use only when clinically justified and reviewed with the treating clinician."", ""population"": ""Adults and children when prescribed and clinically appropriate"", ""region"": ""Ethiopia: primary care, referral care, and local community settings"", ""safety_notes"": [""Complete the prescribed course unless instructed otherwise"", ""Urgent review is needed for shortness of breath, rash, fainting, confusion, or severe bleeding""], ""source_ref"": ""Ethiopian formulary references; WHO clinical guidance; national medication safety review"", ""evidence_level"": ""Local formulary reference""}"
medication,1.0.0,"Medication effects, interactions, monitoring, adherence, and referral safety.",antibiotics,Antibiotics,Common oral and injectable antibiotics used in Ethiopian primary and referral care.,Infection review|Prescription audit|Antimicrobial education,"{""name"": ""Amoxicillin 100 mg Inhaler"", ""description"": ""Amoxicillin is used in Ethiopian clinical and community care settings for a clinician-directed indication. This reference supports safe prescribing, adherence review, and interaction checking."", ""drug_class"": ""Essential local formulary reference"", ""indications"": [""Clinician-directed treatment plan"", ""Routine medication review"", ""Safety screening""], ""common_side_effects"": [""Nausea"", ""Dizziness"", ""Mild abdominal discomfort""], ""serious_side_effects"": [""Severe allergic reaction"", ""Persistent vomiting"", ""Severe weakness"", ""Uncontrolled bleeding""], ""monitoring"": [""Dose and timing review"", ""Clinical symptom tracking"", ""Medication interaction screening""], ""contraindications"": [""Known severe allergy"", ""Severe hepatic or renal impairment without clinician review""], ""interactions"": [""Other medicines in the same treatment class"", ""Alcohol where relevant"", ""Traditional preparations without informed review""], ""pregnancy_lactation"": ""Use only when clinically justified and reviewed with the treating clinician."", ""population"": ""Adults and children when prescribed and clinically appropriate"", ""region"": ""Ethiopia: primary care, referral care, and local community settings"", ""safety_notes"": [""Complete the prescribed course unless instructed otherwise"", ""Urgent review is needed for shortness of breath, rash, fainting, confusion, or severe bleeding""], ""source_ref"": ""Ethiopian formulary references; WHO clinical guidance; national medication safety review"", ""evidence_level"": ""Local formulary reference""}"
medication,1.0.0,"Medication effects, interactions, monitoring, adherence, and referral safety.",antibiotics,Antibiotics,Common oral and injectable antibiotics used in Ethiopian primary and referral care.,Infection review|Prescription audit|Antimicrobial education,"{""name"": ""Amoxicillin 250 mg Tablet"", ""description"": ""Amoxicillin is used in Ethiopian clinical and community care settings for a clinician-directed indication. This reference supports safe prescribing, adherence review, and interaction checking."", ""drug_class"": ""Essential local formulary reference"", ""indications"": [""Clinician-directed treatment plan"", ""Routine medication review"", ""Safety screening""], ""common_side_effects"": [""Nausea"", ""Dizziness"", ""Mild abdominal discomfort""], ""serious_side_effects"": [""Severe allergic reaction"", ""Persistent vomiting"", ""Severe weakness"", ""Uncontrolled bleeding""], ""monitoring"": [""Dose and timing review"", ""Clinical symptom tracking"", ""Medication interaction screening""], ""contraindications"": [""Known severe allergy"", ""Severe hepatic or renal impairment without clinician review""], ""interactions"": [""Other medicines in the same treatment class"", ""Alcohol where relevant"", ""Traditional preparations without informed review""], ""pregnancy_lactation"": ""Use only when clinically justified and reviewed with the treating clinician."", ""population"": ""Adults and children when prescribed and clinically appropriate"", ""region"": ""Ethiopia: primary care, referral care, and local community settings"", ""safety_notes"": [""Complete the prescribed course unless instructed otherwise"", ""Urgent review is needed for shortness of breath, rash, fainting, confusion, or severe bleeding""], ""source_ref"": ""Ethiopian formulary references; WHO clinical guidance; national medication safety review"", ""evidence_level"": ""Local formulary reference""}"
medication,1.0.0,"Medication effects, interactions, monitoring, adherence, and referral safety.",antibiotics,Antibiotics,Common oral and injectable antibiotics used in Ethiopian primary and referral care.,Infection review|Prescription audit|Antimicrobial education,"{""name"": ""Amoxicillin 250 mg Capsule"", ""description"": ""Amoxicillin is used in Ethiopian clinical and community care settings for a clinician-directed indication. This reference supports safe prescribing, adherence review, and interaction checking."", ""drug_class"": ""Essential local formulary reference"", ""indications"": [""Clinician-directed treatment plan"", ""Routine medication review"", ""Safety screening""], ""common_side_effects"": [""Nausea"", ""Dizziness"", ""Mild abdominal discomfort""], ""serious_side_effects"": [""Severe allergic reaction"", ""Persistent vomiting"", ""Severe weakness"", ""Uncontrolled bleeding""], ""monitoring"": [""Dose and timing review"", ""Clinical symptom tracking"", ""Medication interaction screening""], ""contraindications"": [""Known severe allergy"", ""Severe hepatic or renal impairment without clinician review""], ""interactions"": [""Other medicines in the same treatment class"", ""Alcohol where relevant"", ""Traditional preparations without informed review""], ""pregnancy_lactation"": ""Use only when clinically justified and reviewed with the treating clinician."", ""population"": ""Adults and children when prescribed and clinically appropriate"", ""region"": ""Ethiopia: primary care, referral care, and local community settings"", ""safety_notes"": [""Complete the prescribed course unless instructed otherwise"", ""Urgent review is needed for shortness of breath, rash, fainting, confusion, or severe bleeding""], ""source_ref"": ""Ethiopian formulary references; WHO clinical guidance; national medication safety review"", ""evidence_level"": ""Local formulary reference""}"
medication,1.0.0,"Medication effects, interactions, monitoring, adherence, and referral safety.",antibiotics,Antibiotics,Common oral and injectable antibiotics used in Ethiopian primary and referral care.,Infection review|Prescription audit|Antimicrobial education,"{""name"": ""Amoxicillin 250 mg Syrup"", ""description"": ""Amoxicillin is used in Ethiopian clinical and community care settings for a clinician-directed indication. This reference supports safe prescribing, adherence review, and interaction checking."", ""drug_class"": ""Essential local formulary reference"", ""indications"": [""Clinician-directed treatment plan"", ""Routine medication review"", ""Safety screening""], ""common_side_effects"": [""Nausea"", ""Dizziness"", ""Mild abdominal discomfort""], ""serious_side_effects"": [""Severe allergic reaction"", ""Persistent vomiting"", ""Severe weakness"", ""Uncontrolled bleeding""], ""monitoring"": [""Dose and timing review"", ""Clinical symptom tracking"", ""Medication interaction screening""], ""contraindications"": [""Known severe allergy"", ""Severe hepatic or renal impairment without clinician review""], ""interactions"": [""Other medicines in the same treatment class"", ""Alcohol where relevant"", ""Traditional preparations without informed review""], ""pregnancy_lactation"": ""Use only when clinically justified and reviewed with the treating clinician."", ""population"": ""Adults and children when prescribed and clinically appropriate"", ""region"": ""Ethiopia: primary care, referral care, and local community settings"", ""safety_notes"": [""Complete the prescribed course unless instructed otherwise"", ""Urgent review is needed for shortness of breath, rash, fainting, confusion, or severe bleeding""], ""source_ref"": ""Ethiopian formulary references; WHO clinical guidance; national medication safety review"", ""evidence_level"": ""Local formulary reference""}"
medication,1.0.0,"Medication effects, interactions, monitoring, adherence, and referral safety.",antibiotics,Antibiotics,Common oral and injectable antibiotics used in Ethiopian primary and referral care.,Infection review|Prescription audit|Antimicrobial education,"{""name"": ""Amoxicillin 250 mg Injectable"", ""description"": ""Amoxicillin is used in Ethiopian clinical and community care settings for a clinician-directed indication. This reference supports safe prescribing, adherence review, and interaction checking."", ""drug_class"": ""Essential local formulary reference"", ""indications"": [""Clinician-directed treatment plan"", ""Routine medication review"", ""Safety screening""], ""common_side_effects"": [""Nausea"", ""Dizziness"", ""Mild abdominal discomfort""], ""serious_side_effects"": [""Severe allergic reaction"", ""Persistent vomiting"", ""Severe weakness"", ""Uncontrolled bleeding""], ""monitoring"": [""Dose and timing review"", ""Clinical symptom tracking"", ""Medication interaction screening""], ""contraindications"": [""Known severe allergy"", ""Severe hepatic or renal impairment without clinician review""], ""interactions"": [""Other medicines in the same treatment class"", ""Alcohol where relevant"", ""Traditional preparations without informed review""], ""pregnancy_lactation"": ""Use only when clinically justified and reviewed with the treating clinician."", ""population"": ""Adults and children when prescribed and clinically appropriate"", ""region"": ""Ethiopia: primary care, referral care, and local community settings"", ""safety_notes"": [""Complete the prescribed course unless instructed otherwise"", ""Urgent review is needed for shortness of breath, rash, fainting, confusion, or severe bleeding""], ""source_ref"": ""Ethiopian formulary references; WHO clinical guidance; national medication safety review"", ""evidence_level"": ""Local formulary reference""}"
medication,1.0.0,"Medication effects, interactions, monitoring, adherence, and referral safety.",antibiotics,Antibiotics,Common oral and injectable antibiotics used in Ethiopian primary and referral care.,Infection review|Prescription audit|Antimicrobial education,"{""name"": ""Amoxicillin 250 mg Oral suspension"", ""description"": ""Amoxicillin is used in Ethiopian clinical and community care settings for a clinician-directed indication. This reference supports safe prescribing, adherence review, and interaction checking."", ""drug_class"": ""Essential local formulary reference"", ""indications"": [""Clinician-directed treatment plan"", ""Routine medication review"", ""Safety screening""], ""common_side_effects"": [""Nausea"", ""Dizziness"", ""Mild abdominal discomfort""], ""serious_side_effects"": [""Severe allergic reaction"", ""Persistent vomiting"", ""Severe weakness"", ""Uncontrolled bleeding""], ""monitoring"": [""Dose and timing review"", ""Clinical symptom tracking"", ""Medication interaction screening""], ""contraindications"": [""Known severe allergy"", ""Severe hepatic or renal impairment without clinician review""], ""interactions"": [""Other medicines in the same treatment class"", ""Alcohol where relevant"", ""Traditional preparations without informed review""], ""pregnancy_lactation"": ""Use only when clinically justified and reviewed with the treating clinician."", ""population"": ""Adults and children when prescribed and clinically appropriate"", ""region"": ""Ethiopia: primary care, referral care, and local community settings"", ""safety_notes"": [""Complete the prescribed course unless instructed otherwise"", ""Urgent review is needed for shortness of breath, rash, fainting, confusion, or severe bleeding""], ""source_ref"": ""Ethiopian formulary references; WHO clinical guidance; national medication safety review"", ""evidence_level"": ""Local formulary reference""}"
medication,1.0.0,"Medication effects, interactions, monitoring, adherence, and referral safety.",antibiotics,Antibiotics,Common oral and injectable antibiotics used in Ethiopian primary and referral care.,Infection review|Prescription audit|Antimicrobial education,"{""name"": ""Amoxicillin 250 mg Inhaler"", ""description"": ""Amoxicillin is used in Ethiopian clinical and community care settings for a clinician-directed indication. This reference supports safe prescribing, adherence review, and interaction checking."", ""drug_class"": ""Essential local formulary reference"", ""indications"": [""Clinician-directed treatment plan"", ""Routine medication review"", ""Safety screening""], ""common_side_effects"": [""Nausea"", ""Dizziness"", ""Mild abdominal discomfort""], ""serious_side_effects"": [""Severe allergic reaction"", ""Persistent vomiting"", ""Severe weakness"", ""Uncontrolled bleeding""], ""monitoring"": [""Dose and timing review"", ""Clinical symptom tracking"", ""Medication interaction screening""], ""contraindications"": [""Known severe allergy"", ""Severe hepatic or renal impairment without clinician review""], ""interactions"": [""Other medicines in the same treatment class"", ""Alcohol where relevant"", ""Traditional preparations without informed review""], ""pregnancy_lactation"": ""Use only when clinically justified and reviewed with the treating clinician."", ""population"": ""Adults and children when prescribed and clinically appropriate"", ""region"": ""Ethiopia: primary care, referral care, and local community settings"", ""safety_notes"": [""Complete the prescribed course unless instructed otherwise"", ""Urgent review is needed for shortness of breath, rash, fainting, confusion, or severe bleeding""], ""source_ref"": ""Ethiopian formulary references; WHO clinical guidance; national medication safety review"", ""evidence_level"": ""Local formulary reference""}"
medication,1.0.0,"Medication effects, interactions, monitoring, adherence, and referral safety.",antibiotics,Antibiotics,Common oral and injectable antibiotics used in Ethiopian primary and referral care.,Infection review|Prescription audit|Antimicrobial education,"{""name"": ""Amoxicillin 500 mg Tablet"", ""description"": ""Amoxicillin is used in Ethiopian clinical and community care settings for a clinician-directed indication. This reference supports safe prescribing, adherence review, and interaction checking."", ""drug_class"": ""Essential local formulary reference"", ""indications"": [""Clinician-directed treatment plan"", ""Routine medication review"", ""Safety screening""], ""common_side_effects"": [""Nausea"", ""Dizziness"", ""Mild abdominal discomfort""], ""serious_side_effects"": [""Severe allergic reaction"", ""Persistent vomiting"", ""Severe weakness"", ""Uncontrolled bleeding""], ""monitoring"": [""Dose and timing review"", ""Clinical symptom tracking"", ""Medication interaction screening""], ""contraindications"": [""Known severe allergy"", ""Severe hepatic or renal impairment without clinician review""], ""interactions"": [""Other medicines in the same treatment class"", ""Alcohol where relevant"", ""Traditional preparations without informed review""], ""pregnancy_lactation"": ""Use only when clinically justified and reviewed with the treating clinician."", ""population"": ""Adults and children when prescribed and clinically appropriate"", ""region"": ""Ethiopia: primary care, referral care, and local community settings"", ""safety_notes"": [""Complete the prescribed course unless instructed otherwise"", ""Urgent review is needed for shortness of breath, rash, fainting, confusion, or severe bleeding""], ""source_ref"": ""Ethiopian formulary references; WHO clinical guidance; national medication safety review"", ""evidence_level"": ""Local formulary reference""}"
medication,1.0.0,"Medication effects, interactions, monitoring, adherence, and referral safety.",antibiotics,Antibiotics,Common oral and injectable antibiotics used in Ethiopian primary and referral care.,Infection review|Prescription audit|Antimicrobial education,"{""name"": ""Amoxicillin 500 mg Capsule"", ""description"": ""Amoxicillin is used in Ethiopian clinical and community care settings for a clinician-directed indication. This reference supports safe prescribing, adherence review, and interaction checking."", ""drug_class"": ""Essential local formulary reference"", ""indications"": [""Clinician-directed treatment plan"", ""Routine medication review"", ""Safety screening""], ""common_side_effects"": [""Nausea"", ""Dizziness"", ""Mild abdominal discomfort""], ""serious_side_effects"": [""Severe allergic reaction"", ""Persistent vomiting"", ""Severe weakness"", ""Uncontrolled bleeding""], ""monitoring"": [""Dose and timing review"", ""Clinical symptom tracking"", ""Medication interaction screening""], ""contraindications"": [""Known severe allergy"", ""Severe hepatic or renal impairment without clinician review""], ""interactions"": [""Other medicines in the same treatment class"", ""Alcohol where relevant"", ""Traditional preparations without informed review""], ""pregnancy_lactation"": ""Use only when clinically justified and reviewed with the treating clinician."", ""population"": ""Adults and children when prescribed and clinically appropriate"", ""region"": ""Ethiopia: primary care, referral care, and local community settings"", ""safety_notes"": [""Complete the prescribed course unless instructed otherwise"", ""Urgent review is needed for shortness of breath, rash, fainting, confusion, or severe bleeding""], ""source_ref"": ""Ethiopian formulary references; WHO clinical guidance; national medication safety review"", ""evidence_level"": ""Local formulary reference""}"
medication,1.0.0,"Medication effects, interactions, monitoring, adherence, and referral safety.",antibiotics,Antibiotics,Common oral and injectable antibiotics used in Ethiopian primary and referral care.,Infection review|Prescription audit|Antimicrobial education,"{""name"": ""Amoxicillin 500 mg Syrup"", ""description"": ""Amoxicillin is used in Ethiopian clinical and community care settings for a clinician-directed indication. This reference supports safe prescribing, adherence review, and interaction checking."", ""drug_class"": ""Essential local formulary reference"", ""indications"": [""Clinician-directed treatment plan"", ""Routine medication review"", ""Safety screening""], ""common_side_effects"": [""Nausea"", ""Dizziness"", ""Mild abdominal discomfort""], ""serious_side_effects"": [""Severe allergic reaction"", ""Persistent vomiting"", ""Severe weakness"", ""Uncontrolled bleeding""], ""monitoring"": [""Dose and timing review"", ""Clinical symptom tracking"", ""Medication interaction screening""], ""contraindications"": [""Known severe allergy"", ""Severe hepatic or renal impairment without clinician review""], ""interactions"": [""Other medicines in the same treatment class"", ""Alcohol where relevant"", ""Traditional preparations without informed review""], ""pregnancy_lactation"": ""Use only when clinically justified and reviewed with the treating clinician."", ""population"": ""Adults and children when prescribed and clinically appropriate"", ""region"": ""Ethiopia: primary care, referral care, and local community settings"", ""safety_notes"": [""Complete the prescribed course unless instructed otherwise"", ""Urgent review is needed for shortness of breath, rash, fainting, confusion, or severe bleeding""], ""source_ref"": ""Ethiopian formulary references; WHO clinical guidance; national medication safety review"", ""evidence_level"": ""Local formulary reference""}"
medication,1.0.0,"Medication effects, interactions, monitoring, adherence, and referral safety.",antibiotics,Antibiotics,Common oral and injectable antibiotics used in Ethiopian primary and referral care.,Infection review|Prescription audit|Antimicrobial education,"{""name"": ""Amoxicillin 500 mg Injectable"", ""description"": ""Amoxicillin is used in Ethiopian clinical and community care settings for a clinician-directed indication. This reference supports safe prescribing, adherence review, and interaction checking."", ""drug_class"": ""Essential local formulary reference"", ""indications"": [""Clinician-directed treatment plan"", ""Routine medication review"", ""Safety screening""], ""common_side_effects"": [""Nausea"", ""Dizziness"", ""Mild abdominal discomfort""], ""serious_side_effects"": [""Severe allergic reaction"", ""Persistent vomiting"", ""Severe weakness"", ""Uncontrolled bleeding""], ""monitoring"": [""Dose and timing review"", ""Clinical symptom tracking"", ""Medication interaction screening""], ""contraindications"": [""Known severe allergy"", ""Severe hepatic or renal impairment without clinician review""], ""interactions"": [""Other medicines in the same treatment class"", ""Alcohol where relevant"", ""Traditional preparations without informed review""], ""pregnancy_lactation"": ""Use only when clinically justified and reviewed with the treating clinician."", ""population"": ""Adults and children when prescribed and clinically appropriate"", ""region"": ""Ethiopia: primary care, referral care, and local community settings"", ""safety_notes"": [""Complete the prescribed course unless instructed otherwise"", ""Urgent review is needed for shortness of breath, rash, fainting, confusion, or severe bleeding""], ""source_ref"": ""Ethiopian formulary references; WHO clinical guidance; national medication safety review"", ""evidence_level"": ""Local formulary reference""}"
medication,1.0.0,"Medication effects, interactions, monitoring, adherence, and referral safety.",antibiotics,Antibiotics,Common oral and injectable antibiotics used in Ethiopian primary and referral care.,Infection review|Prescription audit|Antimicrobial education,"{""name"": ""Amoxicillin 500 mg Oral suspension"", ""description"": ""Amoxicillin is used in Ethiopian clinical and community care settings for a clinician-directed indication. This reference supports safe prescribing, adherence review, and interaction checking."", ""drug_class"": ""Essential local formulary reference"", ""indications"": [""Clinician-directed treatment plan"", ""Routine medication review"", ""Safety screening""], ""common_side_effects"": [""Nausea"", ""Dizziness"", ""Mild abdominal discomfort""], ""serious_side_effects"": [""Severe allergic reaction"", ""Persistent vomiting"", ""Severe weakness"", ""Uncontrolled bleeding""], ""monitoring"": [""Dose and timing review"", ""Clinical symptom tracking"", ""Medication interaction screening""], ""contraindications"": [""Known severe allergy"", ""Severe hepatic or renal impairment without clinician review""], ""interactions"": [""Other medicines in the same treatment class"", ""Alcohol where relevant"", ""Traditional preparations without informed review""], ""pregnancy_lactation"": ""Use only when clinically justified and reviewed with the treating clinician."", ""population"": ""Adults and children when prescribed and clinically appropriate"", ""region"": ""Ethiopia: primary care, referral care, and local community settings"", ""safety_notes"": [""Complete the prescribed course unless instructed otherwise"", ""Urgent review is needed for shortness of breath, rash, fainting, confusion, or severe bleeding""], ""source_ref"": ""Ethiopian formulary references; WHO clinical guidance; national medication safety review"", ""evidence_level"": ""Local formulary reference""}"
medication,1.0.0,"Medication effects, interactions, monitoring, adherence, and referral safety.",antibiotics,Antibiotics,Common oral and injectable antibiotics used in Ethiopian primary and referral care.,Infection review|Prescription audit|Antimicrobial education,"{""name"": ""Amoxicillin 500 mg Inhaler"", ""description"": ""Amoxicillin is used in Ethiopian clinical and community care settings for a clinician-directed indication. This reference supports safe prescribing, adherence review, and interaction checking."", ""drug_class"": ""Essential local formulary reference"", ""indications"": [""Clinician-directed treatment plan"", ""Routine medication review"", ""Safety screening""], ""common_side_effects"": [""Nausea"", ""Dizziness"", ""Mild abdominal discomfort""], ""serious_side_effects"": [""Severe allergic reaction"", ""Persistent vomiting"", ""Severe weakness"", ""Uncontrolled bleeding""], ""monitoring"": [""Dose and timing review"", ""Clinical symptom tracking"", ""Medication interaction screening""], ""contraindications"": [""Known severe allergy"", ""Severe hepatic or renal impairment without clinician review""], ""interactions"": [""Other medicines in the same treatment class"", ""Alcohol where relevant"", ""Traditional preparations without informed review""], ""pregnancy_lactation"": ""Use only when clinically justified and reviewed with the treating clinician."", ""population"": ""Adults and children when prescribed and clinically appropriate"", ""region"": ""Ethiopia: primary care, referral care, and local community settings"", ""safety_notes"": [""Complete the prescribed course unless instructed otherwise"", ""Urgent review is needed for shortness of breath, rash, fainting, confusion, or severe bleeding""], ""source_ref"": ""Ethiopian formulary references; WHO clinical guidance; national medication safety review"", ""evidence_level"": ""Local formulary reference""}"
medication,1.0.0,"Medication effects, interactions, monitoring, adherence, and referral safety.",antibiotics,Antibiotics,Common oral and injectable antibiotics used in Ethiopian primary and referral care.,Infection review|Prescription audit|Antimicrobial education,"{""name"": ""Amoxicillin 1 g Tablet"", ""description"": ""Amoxicillin is used in Ethiopian clinical and community care settings for a clinician-directed indication. This reference supports safe prescribing, adherence review, and interaction checking."", ""drug_class"": ""Essential local formulary reference"", ""indications"": [""Clinician-directed treatment plan"", ""Routine medication review"", ""Safety screening""], ""common_side_effects"": [""Nausea"", ""Dizziness"", ""Mild abdominal discomfort""], ""serious_side_effects"": [""Severe allergic reaction"", ""Persistent vomiting"", ""Severe weakness"", ""Uncontrolled bleeding""], ""monitoring"": [""Dose and timing review"", ""Clinical symptom tracking"", ""Medication interaction screening""], ""contraindications"": [""Known severe allergy"", ""Severe hepatic or renal impairment without clinician review""], ""interactions"": [""Other medicines in the same treatment class"", ""Alcohol where relevant"", ""Traditional preparations without informed review""], ""pregnancy_lactation"": ""Use only when clinically justified and reviewed with the treating clinician."", ""population"": ""Adults and children when prescribed and clinically appropriate"", ""region"": ""Ethiopia: primary care, referral care, and local community settings"", ""safety_notes"": [""Complete the prescribed course unless instructed otherwise"", ""Urgent review is needed for shortness of breath, rash, fainting, confusion, or severe bleeding""], ""source_ref"": ""Ethiopian formulary references; WHO clinical guidance; national medication safety review"", ""evidence_level"": ""Local formulary reference""}"
medication,1.0.0,"Medication effects, interactions, monitoring, adherence, and referral safety.",antibiotics,Antibiotics,Common oral and injectable antibiotics used in Ethiopian primary and referral care.,Infection review|Prescription audit|Antimicrobial education,"{""name"": ""Amoxicillin 1 g Capsule"", ""description"": ""Amoxicillin is used in Ethiopian clinical and community care settings for a clinician-directed indication. This reference supports safe prescribing, adherence review, and interaction checking."", ""drug_class"": ""Essential local formulary reference"", ""indications"": [""Clinician-directed treatment plan"", ""Routine medication review"", ""Safety screening""], ""common_side_effects"": [""Nausea"", ""Dizziness"", ""Mild abdominal discomfort""], ""serious_side_effects"": [""Severe allergic reaction"", ""Persistent vomiting"", ""Severe weakness"", ""Uncontrolled bleeding""], ""monitoring"": [""Dose and timing review"", ""Clinical symptom tracking"", ""Medication interaction screening""], ""contraindications"": [""Known severe allergy"", ""Severe hepatic or renal impairment without clinician review""], ""interactions"": [""Other medicines in the same treatment class"", ""Alcohol where relevant"", ""Traditional preparations without informed review""], ""pregnancy_lactation"": ""Use only when clinically justified and reviewed with the treating clinician."", ""population"": ""Adults and children when prescribed and clinically appropriate"", ""region"": ""Ethiopia: primary care, referral care, and local community settings"", ""safety_notes"": [""Complete the prescribed course unless instructed otherwise"", ""Urgent review is needed for shortness of breath, rash, fainting, confusion, or severe bleeding""], ""source_ref"": ""Ethiopian formulary references; WHO clinical guidance; national medication safety review"", ""evidence_level"": ""Local formulary reference""}"
medication,1.0.0,"Medication effects, interactions, monitoring, adherence, and referral safety.",antibiotics,Antibiotics,Common oral and injectable antibiotics used in Ethiopian primary and referral care.,Infection review|Prescription audit|Antimicrobial education,"{""name"": ""Amoxicillin 1 g Syrup"", ""description"": ""Amoxicillin is used in Ethiopian clinical and community care settings for a clinician-directed indication. This reference supports safe prescribing, adherence review, and interaction checking."", ""drug_class"": ""Essential local formulary reference"", ""indications"": [""Clinician-directed treatment plan"", ""Routine medication review"", ""Safety screening""], ""common_side_effects"": [""Nausea"", ""Dizziness"", ""Mild abdominal discomfort""], ""serious_side_effects"": [""Severe allergic reaction"", ""Persistent vomiting"", ""Severe weakness"", ""Uncontrolled bleeding""], ""monitoring"": [""Dose and timing review"", ""Clinical symptom tracking"", ""Medication interaction screening""], ""contraindications"": [""Known severe allergy"", ""Severe hepatic or renal impairment without clinician review""], ""interactions"": [""Other medicines in the same treatment class"", ""Alcohol where relevant"", ""Traditional preparations without informed review""], ""pregnancy_lactation"": ""Use only when clinically justified and reviewed with the treating clinician."", ""population"": ""Adults and children when prescribed and clinically appropriate"", ""region"": ""Ethiopia: primary care, referral care, and local community settings"", ""safety_notes"": [""Complete the prescribed course unless instructed otherwise"", ""Urgent review is needed for shortness of breath, rash, fainting, confusion, or severe bleeding""], ""source_ref"": ""Ethiopian formulary references; WHO clinical guidance; national medication safety review"", ""evidence_level"": ""Local formulary reference""}"
medication,1.0.0,"Medication effects, interactions, monitoring, adherence, and referral safety.",antibiotics,Antibiotics,Common oral and injectable antibiotics used in Ethiopian primary and referral care.,Infection review|Prescription audit|Antimicrobial education,"{""name"": ""Amoxicillin 1 g Injectable"", ""description"": ""Amoxicillin is used in Ethiopian clinical and community care settings for a clinician-directed indication. This reference supports safe prescribing, adherence review, and interaction checking."", ""drug_class"": ""Essential local formulary reference"", ""indications"": [""Clinician-directed treatment plan"", ""Routine medication review"", ""Safety screening""], ""common_side_effects"": [""Nausea"", ""Dizziness"", ""Mild abdominal discomfort""], ""serious_side_effects"": [""Severe allergic reaction"", ""Persistent vomiting"", ""Severe weakness"", ""Uncontrolled bleeding""], ""monitoring"": [""Dose and timing review"", ""Clinical symptom tracking"", ""Medication interaction screening""], ""contraindications"": [""Known severe allergy"", ""Severe hepatic or renal impairment without clinician review""], ""interactions"": [""Other medicines in the same treatment class"", ""Alcohol where relevant"", ""Traditional preparations without informed review""], ""pregnancy_lactation"": ""Use only when clinically justified and reviewed with the treating clinician."", ""population"": ""Adults and children when prescribed and clinically appropriate"", ""region"": ""Ethiopia: primary care, referral care, and local community settings"", ""safety_notes"": [""Complete the prescribed course unless instructed otherwise"", ""Urgent review is needed for shortness of breath, rash, fainting, confusion, or severe bleeding""], ""source_ref"": ""Ethiopian formulary references; WHO clinical guidance; national medication safety review"", ""evidence_level"": ""Local formulary reference""}"
medication,1.0.0,"Medication effects, interactions, monitoring, adherence, and referral safety.",antibiotics,Antibiotics,Common oral and injectable antibiotics used in Ethiopian primary and referral care.,Infection review|Prescription audit|Antimicrobial education,"{""name"": ""Amoxicillin 1 g Oral suspension"", ""description"": ""Amoxicillin is used in Ethiopian clinical and community care settings for a clinician-directed indication. This reference supports safe prescribing, adherence review, and interaction checking."", ""drug_class"": ""Essential local formulary reference"", ""indications"": [""Clinician-directed treatment plan"", ""Routine medication review"", ""Safety screening""], ""common_side_effects"": [""Nausea"", ""Dizziness"", ""Mild abdominal discomfort""], ""serious_side_effects"": [""Severe allergic reaction"", ""Persistent vomiting"", ""Severe weakness"", ""Uncontrolled bleeding""], ""monitoring"": [""Dose and timing review"", ""Clinical symptom tracking"", ""Medication interaction screening""], ""contraindications"": [""Known severe allergy"", ""Severe hepatic or renal impairment without clinician review""], ""interactions"": [""Other medicines in the same treatment class"", ""Alcohol where relevant"", ""Traditional preparations without informed review""], ""pregnancy_lactation"": ""Use only when clinically justified and reviewed with the treating clinician."", ""population"": ""Adults and children when prescribed and clinically appropriate"", ""region"": ""Ethiopia: primary care, referral care, and local community settings"", ""safety_notes"": [""Complete the prescribed course unless instructed otherwise"", ""Urgent review is needed for shortness of breath, rash, fainting, confusion, or severe bleeding""], ""source_ref"": ""Ethiopian formulary references; WHO clinical guidance; national medication safety review"", ""evidence_level"": ""Local formulary reference""}"
medication,1.0.0,"Medication effects, interactions, monitoring, adherence, and referral safety.",antibiotics,Antibiotics,Common oral and injectable antibiotics used in Ethiopian primary and referral care.,Infection review|Prescription audit|Antimicrobial education,"{""name"": ""Amoxicillin 1 g Inhaler"", ""description"": ""Amoxicillin is used in Ethiopian clinical and community care settings for a clinician-directed indication. This reference supports safe prescribing, adherence review, and interaction checking."", ""drug_class"": ""Essential local formulary reference"", ""indications"": [""Clinician-directed treatment plan"", ""Routine medication review"", ""Safety screening""], ""common_side_effects"": [""Nausea"", ""Dizziness"", ""Mild abdominal discomfort""], ""serious_side_effects"": [""Severe allergic reaction"", ""Persistent vomiting"", ""Severe weakness"", ""Uncontrolled bleeding""], ""monitoring"": [""Dose and timing review"", ""Clinical symptom tracking"", ""Medication interaction screening""], ""contraindications"": [""Known severe allergy"", ""Severe hepatic or renal impairment without clinician review""], ""interactions"": [""Other medicines in the same treatment class"", ""Alcohol where relevant"", ""Traditional preparations without informed review""], ""pregnancy_lactation"": ""Use only when clinically justified and reviewed with the treating clinician."", ""population"": ""Adults and children when prescribed and clinically appropriate"", ""region"": ""Ethiopia: primary care, referral care, and local community settings"", ""safety_notes"": [""Complete the prescribed course unless instructed otherwise"", ""Urgent review is needed for shortness of breath, rash, fainting, confusion, or severe bleeding""], ""source_ref"": ""Ethiopian formulary references; WHO clinical guidance; national medication safety review"", ""evidence_level"": ""Local formulary reference""}"
medication,1.0.0,"Medication effects, interactions, monitoring, adherence, and referral safety.",antibiotics,Antibiotics,Common oral and injectable antibiotics used in Ethiopian primary and referral care.,Infection review|Prescription audit|Antimicrobial education,"{""name"": ""Amoxicillin 2 g Tablet"", ""description"": ""Amoxicillin is used in Ethiopian clinical and community care settings for a clinician-directed indication. This reference supports safe prescribing, adherence review, and interaction checking."", ""drug_class"": ""Essential local formulary reference"", ""indications"": [""Clinician-directed treatment plan"", ""Routine medication review"", ""Safety screening""], ""common_side_effects"": [""Nausea"", ""Dizziness"", ""Mild abdominal discomfort""], ""serious_side_effects"": [""Severe allergic reaction"", ""Persistent vomiting"", ""Severe weakness"", ""Uncontrolled bleeding""], ""monitoring"": [""Dose and timing review"", ""Clinical symptom tracking"", ""Medication interaction screening""], ""contraindications"": [""Known severe allergy"", ""Severe hepatic or renal impairment without clinician review""], ""interactions"": [""Other medicines in the same treatment class"", ""Alcohol where relevant"", ""Traditional preparations without informed review""], ""pregnancy_lactation"": ""Use only when clinically justified and reviewed with the treating clinician."", ""population"": ""Adults and children when prescribed and clinically appropriate"", ""region"": ""Ethiopia: primary care, referral care, and local community settings"", ""safety_notes"": [""Complete the prescribed course unless instructed otherwise"", ""Urgent review is needed for shortness of breath, rash, fainting, confusion, or severe bleeding""], ""source_ref"": ""Ethiopian formulary references; WHO clinical guidance; national medication safety review"", ""evidence_level"": ""Local formulary reference""}"
medication,1.0.0,"Medication effects, interactions, monitoring, adherence, and referral safety.",antibiotics,Antibiotics,Common oral and injectable antibiotics used in Ethiopian primary and referral care.,Infection review|Prescription audit|Antimicrobial education,"{""name"": ""Amoxicillin 2 g Capsule"", ""description"": ""Amoxicillin is used in Ethiopian clinical and community care settings for a clinician-directed indication. This reference supports safe prescribing, adherence review, and interaction checking."", ""drug_class"": ""Essential local formulary reference"", ""indications"": [""Clinician-directed treatment plan"", ""Routine medication review"", ""Safety screening""], ""common_side_effects"": [""Nausea"", ""Dizziness"", ""Mild abdominal discomfort""], ""serious_side_effects"": [""Severe allergic reaction"", ""Persistent vomiting"", ""Severe weakness"", ""Uncontrolled bleeding""], ""monitoring"": [""Dose and timing review"", ""Clinical symptom tracking"", ""Medication interaction screening""], ""contraindications"": [""Known severe allergy"", ""Severe hepatic or renal impairment without clinician review""], ""interactions"": [""Other medicines in the same treatment class"", ""Alcohol where relevant"", ""Traditional preparations without informed review""], ""pregnancy_lactation"": ""Use only when clinically justified and reviewed with the treating clinician."", ""population"": ""Adults and children when prescribed and clinically appropriate"", ""region"": ""Ethiopia: primary care, referral care, and local community settings"", ""safety_notes"": [""Complete the prescribed course unless instructed otherwise"", ""Urgent review is needed for shortness of breath, rash, fainting, confusion, or severe bleeding""], ""source_ref"": ""Ethiopian formulary references; WHO clinical guidance; national medication safety review"", ""evidence_level"": ""Local formulary reference""}"
medication,1.0.0,"Medication effects, interactions, monitoring, adherence, and referral safety.",antibiotics,Antibiotics,Common oral and injectable antibiotics used in Ethiopian primary and referral care.,Infection review|Prescription audit|Antimicrobial education,"{""name"": ""Amoxicillin 2 g Syrup"", ""description"": ""Amoxicillin is used in Ethiopian clinical and community care settings for a clinician-directed indication. This reference supports safe prescribing, adherence review, and interaction checking."", ""drug_class"": ""Essential local formulary reference"", ""indications"": [""Clinician-directed treatment plan"", ""Routine medication review"", ""Safety screening""], ""common_side_effects"": [""Nausea"", ""Dizziness"", ""Mild abdominal discomfort""], ""serious_side_effects"": [""Severe allergic reaction"", ""Persistent vomiting"", ""Severe weakness"", ""Uncontrolled bleeding""], ""monitoring"": [""Dose and timing review"", ""Clinical symptom tracking"", ""Medication interaction screening""], ""contraindications"": [""Known severe allergy"", ""Severe hepatic or renal impairment without clinician review""], ""interactions"": [""Other medicines in the same treatment class"", ""Alcohol where relevant"", ""Traditional preparations without informed review""], ""pregnancy_lactation"": ""Use only when clinically justified and reviewed with the treating clinician."", ""population"": ""Adults and children when prescribed and clinically appropriate"", ""region"": ""Ethiopia: primary care, referral care, and local community settings"", ""safety_notes"": [""Complete the prescribed course unless instructed otherwise"", ""Urgent review is needed for shortness of breath, rash, fainting, confusion, or severe bleeding""], ""source_ref"": ""Ethiopian formulary references; WHO clinical guidance; national medication safety review"", ""evidence_level"": ""Local formulary reference""}"
medication,1.0.0,"Medication effects, interactions, monitoring, adherence, and referral safety.",antibiotics,Antibiotics,Common oral and injectable antibiotics used in Ethiopian primary and referral care.,Infection review|Prescription audit|Antimicrobial education,"{""name"": ""Amoxicillin 2 g Injectable"", ""description"": ""Amoxicillin is used in Ethiopian clinical and community care settings for a clinician-directed indication. This reference supports safe prescribing, adherence review, and interaction checking."", ""drug_class"": ""Essential local formulary reference"", ""indications"": [""Clinician-directed treatment plan"", ""Routine medication review"", ""Safety screening""], ""common_side_effects"": [""Nausea"", ""Dizziness"", ""Mild abdominal discomfort""], ""serious_side_effects"": [""Severe allergic reaction"", ""Persistent vomiting"", ""Severe weakness"", ""Uncontrolled bleeding""], ""monitoring"": [""Dose and timing review"", ""Clinical symptom tracking"", ""Medication interaction screening""], ""contraindications"": [""Known severe allergy"", ""Severe hepatic or renal impairment without clinician review""], ""interactions"": [""Other medicines in the same treatment class"", ""Alcohol where relevant"", ""Traditional preparations without informed review""], ""pregnancy_lactation"": ""Use only when clinically justified and reviewed with the treating clinician."", ""population"": ""Adults and children when prescribed and clinically appropriate"", ""region"": ""Ethiopia: primary care, referral care, and local community settings"", ""safety_notes"": [""Complete the prescribed course unless instructed otherwise"", ""Urgent review is needed for shortness of breath, rash, fainting, confusion, or severe bleeding""], ""source_ref"": ""Ethiopian formulary references; WHO clinical guidance; national medication safety review"", ""evidence_level"": ""Local formulary reference""}"
medication,1.0.0,"Medication effects, interactions, monitoring, adherence, and referral safety.",antibiotics,Antibiotics,Common oral and injectable antibiotics used in Ethiopian primary and referral care.,Infection review|Prescription audit|Antimicrobial education,"{""name"": ""Amoxicillin 2 g Oral suspension"", ""description"": ""Amoxicillin is used in Ethiopian clinical and community care settings for a clinician-directed indication. This reference supports safe prescribing, adherence review, and interaction checking."", ""drug_class"": ""Essential local formulary reference"", ""indications"": [""Clinician-directed treatment plan"", ""Routine medication review"", ""Safety screening""], ""common_side_effects"": [""Nausea"", ""Dizziness"", ""Mild abdominal discomfort""], ""serious_side_effects"": [""Severe allergic reaction"", ""Persistent vomiting"", ""Severe weakness"", ""Uncontrolled bleeding""], ""monitoring"": [""Dose and timing review"", ""Clinical symptom tracking"", ""Medication interaction screening""], ""contraindications"": [""Known severe allergy"", ""Severe hepatic or renal impairment without clinician review""], ""interactions"": [""Other medicines in the same treatment class"", ""Alcohol where relevant"", ""Traditional preparations without informed review""], ""pregnancy_lactation"": ""Use only when clinically justified and reviewed with the treating clinician."", ""population"": ""Adults and children when prescribed and clinically appropriate"", ""region"": ""Ethiopia: primary care, referral care, and local community settings"", ""safety_notes"": [""Complete the prescribed course unless instructed otherwise"", ""Urgent review is needed for shortness of breath, rash, fainting, confusion, or severe bleeding""], ""source_ref"": ""Ethiopian formulary references; WHO clinical guidance; national medication safety review"", ""evidence_level"": ""Local formulary reference""}"
medication,1.0.0,"Medication effects, interactions, monitoring, adherence, and referral safety.",antibiotics,Antibiotics,Common oral and injectable antibiotics used in Ethiopian primary and referral care.,Infection review|Prescription audit|Antimicrobial education,"{""name"": ""Amoxicillin 2 g Inhaler"", ""description"": ""Amoxicillin is used in Ethiopian clinical and community care settings for a clinician-directed indication. This reference supports safe prescribing, adherence review, and interaction checking."", ""drug_class"": ""Essential local formulary reference"", ""indications"": [""Clinician-directed treatment plan"", ""Routine medication review"", ""Safety screening""], ""common_side_effects"": [""Nausea"", ""Dizziness"", ""Mild abdominal discomfort""], ""serious_side_effects"": [""Severe allergic reaction"", ""Persistent vomiting"", ""Severe weakness"", ""Uncontrolled bleeding""], ""monitoring"": [""Dose and timing review"", ""Clinical symptom tracking"", ""Medication interaction screening""], ""contraindications"": [""Known severe allergy"", ""Severe hepatic or renal impairment without clinician review""], ""interactions"": [""Other medicines in the same treatment class"", ""Alcohol where relevant"", ""Traditional preparations without informed review""], ""pregnancy_lactation"": ""Use only when clinically justified and reviewed with the treating clinician."", ""population"": ""Adults and children when prescribed and clinically appropriate"", ""region"": ""Ethiopia: primary care, referral care, and local community settings"", ""safety_notes"": [""Complete the prescribed course unless instructed otherwise"", ""Urgent review is needed for shortness of breath, rash, fainting, confusion, or severe bleeding""], ""source_ref"": ""Ethiopian formulary references; WHO clinical guidance; national medication safety review"", ""evidence_level"": ""Local formulary reference""}"
medication,1.0.0,"Medication effects, interactions, monitoring, adherence, and referral safety.",antibiotics,Antibiotics,Common oral and injectable antibiotics used in Ethiopian primary and referral care.,Infection review|Prescription audit|Antimicrobial education,"{""name"": ""Amoxicillin-Clavulanate 5 mg Tablet"", ""description"": ""Amoxicillin-Clavulanate is used in Ethiopian clinical and community care settings for a clinician-directed indication. This reference supports safe prescribing, adherence review, and interaction checking."", ""drug_class"": ""Essential local formulary reference"", ""indications"": [""Clinician-directed treatment plan"", ""Routine medication review"", ""Safety screening""], ""common_side_effects"": [""Nausea"", ""Dizziness"", ""Mild abdominal discomfort""], ""serious_side_effects"": [""Severe allergic reaction"", ""Persistent vomiting"", ""Severe weakness"", ""Uncontrolled bleeding""], ""monitoring"": [""Dose and timing review"", ""Clinical symptom tracking"", ""Medication interaction screening""], ""contraindications"": [""Known severe allergy"", ""Severe hepatic or renal impairment without clinician review""], ""interactions"": [""Other medicines in the same treatment class"", ""Alcohol where relevant"", ""Traditional preparations without informed review""], ""pregnancy_lactation"": ""Use only when clinically justified and reviewed with the treating clinician."", ""population"": ""Adults and children when prescribed and clinically appropriate"", ""region"": ""Ethiopia: primary care, referral care, and local community settings"", ""safety_notes"": [""Complete the prescribed course unless instructed otherwise"", ""Urgent review is needed for shortness of breath, rash, fainting, confusion, or severe bleeding""], ""source_ref"": ""Ethiopian formulary references; WHO clinical guidance; national medication safety review"", ""evidence_level"": ""Local formulary reference""}"
medication,1.0.0,"Medication effects, interactions, monitoring, adherence, and referral safety.",antibiotics,Antibiotics,Common oral and injectable antibiotics used in Ethiopian primary and referral care.,Infection review|Prescription audit|Antimicrobial education,"{""name"": ""Amoxicillin-Clavulanate 5 mg Capsule"", ""description"": ""Amoxicillin-Clavulanate is used in Ethiopian clinical and community care settings for a clinician-directed indication. This reference supports safe prescribing, adherence review, and interaction checking."", ""drug_class"": ""Essential local formulary reference"", ""indications"": [""Clinician-directed treatment plan"", ""Routine medication review"", ""Safety screening""], ""common_side_effects"": [""Nausea"", ""Dizziness"", ""Mild abdominal discomfort""], ""serious_side_effects"": [""Severe allergic reaction"", ""Persistent vomiting"", ""Severe weakness"", ""Uncontrolled bleeding""], ""monitoring"": [""Dose and timing review"", ""Clinical symptom tracking"", ""Medication interaction screening""], ""contraindications"": [""Known severe allergy"", ""Severe hepatic or renal impairment without clinician review""], ""interactions"": [""Other medicines in the same treatment class"", ""Alcohol where relevant"", ""Traditional preparations without informed review""], ""pregnancy_lactation"": ""Use only when clinically justified and reviewed with the treating clinician."", ""population"": ""Adults and children when prescribed and clinically appropriate"", ""region"": ""Ethiopia: primary care, referral care, and local community settings"", ""safety_notes"": [""Complete the prescribed course unless instructed otherwise"", ""Urgent review is needed for shortness of breath, rash, fainting, confusion, or severe bleeding""], ""source_ref"": ""Ethiopian formulary references; WHO clinical guidance; national medication safety review"", ""evidence_level"": ""Local formulary reference""}"
medication,1.0.0,"Medication effects, interactions, monitoring, adherence, and referral safety.",antibiotics,Antibiotics,Common oral and injectable antibiotics used in Ethiopian primary and referral care.,Infection review|Prescription audit|Antimicrobial education,"{""name"": ""Amoxicillin-Clavulanate 5 mg Syrup"", ""description"": ""Amoxicillin-Clavulanate is used in Ethiopian clinical and community care settings for a clinician-directed indication. This reference supports safe prescribing, adherence review, and interaction checking."", ""drug_class"": ""Essential local formulary reference"", ""indications"": [""Clinician-directed treatment plan"", ""Routine medication review"", ""Safety screening""], ""common_side_effects"": [""Nausea"", ""Dizziness"", ""Mild abdominal discomfort""], ""serious_side_effects"": [""Severe allergic reaction"", ""Persistent vomiting"", ""Severe weakness"", ""Uncontrolled bleeding""], ""monitoring"": [""Dose and timing review"", ""Clinical symptom tracking"", ""Medication interaction screening""], ""contraindications"": [""Known severe allergy"", ""Severe hepatic or renal impairment without clinician review""], ""interactions"": [""Other medicines in the same treatment class"", ""Alcohol where relevant"", ""Traditional preparations without informed review""], ""pregnancy_lactation"": ""Use only when clinically justified and reviewed with the treating clinician."", ""population"": ""Adults and children when prescribed and clinically appropriate"", ""region"": ""Ethiopia: primary care, referral care, and local community settings"", ""safety_notes"": [""Complete the prescribed course unless instructed otherwise"", ""Urgent review is needed for shortness of breath, rash, fainting, confusion, or severe bleeding""], ""source_ref"": ""Ethiopian formulary references; WHO clinical guidance; national medication safety review"", ""evidence_level"": ""Local formulary reference""}"
medication,1.0.0,"Medication effects, interactions, monitoring, adherence, and referral safety.",antibiotics,Antibiotics,Common oral and injectable antibiotics used in Ethiopian primary and referral care.,Infection review|Prescription audit|Antimicrobial education,"{""name"": ""Amoxicillin-Clavulanate 5 mg Injectable"", ""description"": ""Amoxicillin-Clavulanate is used in Ethiopian clinical and community care settings for a clinician-directed indication. This reference supports safe prescribing, adherence review, and interaction checking."", ""drug_class"": ""Essential local formulary reference"", ""indications"": [""Clinician-directed treatment plan"", ""Routine medication review"", ""Safety screening""], ""common_side_effects"": [""Nausea"", ""Dizziness"", ""Mild abdominal discomfort""], ""serious_side_effects"": [""Severe allergic reaction"", ""Persistent vomiting"", ""Severe weakness"", ""Uncontrolled bleeding""], ""monitoring"": [""Dose and timing review"", ""Clinical symptom tracking"", ""Medication interaction screening""], ""contraindications"": [""Known severe allergy"", ""Severe hepatic or renal impairment without clinician review""], ""interactions"": [""Other medicines in the same treatment class"", ""Alcohol where relevant"", ""Traditional preparations without informed review""], ""pregnancy_lactation"": ""Use only when clinically justified and reviewed with the treating clinician."", ""population"": ""Adults and children when prescribed and clinically appropriate"", ""region"": ""Ethiopia: primary care, referral care, and local community settings"", ""safety_notes"": [""Complete the prescribed course unless instructed otherwise"", ""Urgent review is needed for shortness of breath, rash, fainting, confusion, or severe bleeding""], ""source_ref"": ""Ethiopian formulary references; WHO clinical guidance; national medication safety review"", ""evidence_level"": ""Local formulary reference""}"
medication,1.0.0,"Medication effects, interactions, monitoring, adherence, and referral safety.",antibiotics,Antibiotics,Common oral and injectable antibiotics used in Ethiopian primary and referral care.,Infection review|Prescription audit|Antimicrobial education,"{""name"": ""Amoxicillin-Clavulanate 5 mg Oral suspension"", ""description"": ""Amoxicillin-Clavulanate is used in Ethiopian clinical and community care settings for a clinician-directed indication. This reference supports safe prescribing, adherence review, and interaction checking."", ""drug_class"": ""Essential local formulary reference"", ""indications"": [""Clinician-directed treatment plan"", ""Routine medication review"", ""Safety screening""], ""common_side_effects"": [""Nausea"", ""Dizziness"", ""Mild abdominal discomfort""], ""serious_side_effects"": [""Severe allergic reaction"", ""Persistent vomiting"", ""Severe weakness"", ""Uncontrolled bleeding""], ""monitoring"": [""Dose and timing review"", ""Clinical symptom tracking"", ""Medication interaction screening""], ""contraindications"": [""Known severe allergy"", ""Severe hepatic or renal impairment without clinician review""], ""interactions"": [""Other medicines in the same treatment class"", ""Alcohol where relevant"", ""Traditional preparations without informed review""], ""pregnancy_lactation"": ""Use only when clinically justified and reviewed with the treating clinician."", ""population"": ""Adults and children when prescribed and clinically appropriate"", ""region"": ""Ethiopia: primary care, referral care, and local community settings"", ""safety_notes"": [""Complete the prescribed course unless instructed otherwise"", ""Urgent review is needed for shortness of breath, rash, fainting, confusion, or severe bleeding""], ""source_ref"": ""Ethiopian formulary references; WHO clinical guidance; national medication safety review"", ""evidence_level"": ""Local formulary reference""}"
medication,1.0.0,"Medication effects, interactions, monitoring, adherence, and referral safety.",antibiotics,Antibiotics,Common oral and injectable antibiotics used in Ethiopian primary and referral care.,Infection review|Prescription audit|Antimicrobial education,"{""name"": ""Amoxicillin-Clavulanate 5 mg Inhaler"", ""description"": ""Amoxicillin-Clavulanate is used in Ethiopian clinical and community care settings for a clinician-directed indication. This reference supports safe prescribing, adherence review, and interaction checking."", ""drug_class"": ""Essential local formulary reference"", ""indications"": [""Clinician-directed treatment plan"", ""Routine medication review"", ""Safety screening""], ""common_side_effects"": [""Nausea"", ""Dizziness"", ""Mild abdominal discomfort""], ""serious_side_effects"": [""Severe allergic reaction"", ""Persistent vomiting"", ""Severe weakness"", ""Uncontrolled bleeding""], ""monitoring"": [""Dose and timing review"", ""Clinical symptom tracking"", ""Medication interaction screening""], ""contraindications"": [""Known severe allergy"", ""Severe hepatic or renal impairment without clinician review""], ""interactions"": [""Other medicines in the same treatment class"", ""Alcohol where relevant"", ""Traditional preparations without informed review""], ""pregnancy_lactation"": ""Use only when clinically justified and reviewed with the treating clinician."", ""population"": ""Adults and children when prescribed and clinically appropriate"", ""region"": ""Ethiopia: primary care, referral care, and local community settings"", ""safety_notes"": [""Complete the prescribed course unless instructed otherwise"", ""Urgent review is needed for shortness of breath, rash, fainting, confusion, or severe bleeding""], ""source_ref"": ""Ethiopian formulary references; WHO clinical guidance; national medication safety review"", ""evidence_level"": ""Local formulary reference""}"
medication,1.0.0,"Medication effects, interactions, monitoring, adherence, and referral safety.",antibiotics,Antibiotics,Common oral and injectable antibiotics used in Ethiopian primary and referral care.,Infection review|Prescription audit|Antimicrobial education,"{""name"": ""Amoxicillin-Clavulanate 10 mg Tablet"", ""description"": ""Amoxicillin-Clavulanate is used in Ethiopian clinical and community care settings for a clinician-directed indication. This reference supports safe prescribing, adherence review, and interaction checking."", ""drug_class"": ""Essential local formulary reference"", ""indications"": [""Clinician-directed treatment plan"", ""Routine medication review"", ""Safety screening""], ""common_side_effects"": [""Nausea"", ""Dizziness"", ""Mild abdominal discomfort""], ""serious_side_effects"": [""Severe allergic reaction"", ""Persistent vomiting"", ""Severe weakness"", ""Uncontrolled bleeding""], ""monitoring"": [""Dose and timing review"", ""Clinical symptom tracking"", ""Medication interaction screening""], ""contraindications"": [""Known severe allergy"", ""Severe hepatic or renal impairment without clinician review""], ""interactions"": [""Other medicines in the same treatment class"", ""Alcohol where relevant"", ""Traditional preparations without informed review""], ""pregnancy_lactation"": ""Use only when clinically justified and reviewed with the treating clinician."", ""population"": ""Adults and children when prescribed and clinically appropriate"", ""region"": ""Ethiopia: primary care, referral care, and local community settings"", ""safety_notes"": [""Complete the prescribed course unless instructed otherwise"", ""Urgent review is needed for shortness of breath, rash, fainting, confusion, or severe bleeding""], ""source_ref"": ""Ethiopian formulary references; WHO clinical guidance; national medication safety review"", ""evidence_level"": ""Local formulary reference""}"
medication,1.0.0,"Medication effects, interactions, monitoring, adherence, and referral safety.",antibiotics,Antibiotics,Common oral and injectable antibiotics used in Ethiopian primary and referral care.,Infection review|Prescription audit|Antimicrobial education,"{""name"": ""Amoxicillin-Clavulanate 10 mg Capsule"", ""description"": ""Amoxicillin-Clavulanate is used in Ethiopian clinical and community care settings for a clinician-directed indication. This reference supports safe prescribing, adherence review, and interaction checking."", ""drug_class"": ""Essential local formulary reference"", ""indications"": [""Clinician-directed treatment plan"", ""Routine medication review"", ""Safety screening""], ""common_side_effects"": [""Nausea"", ""Dizziness"", ""Mild abdominal discomfort""], ""serious_side_effects"": [""Severe allergic reaction"", ""Persistent vomiting"", ""Severe weakness"", ""Uncontrolled bleeding""], ""monitoring"": [""Dose and timing review"", ""Clinical symptom tracking"", ""Medication interaction screening""], ""contraindications"": [""Known severe allergy"", ""Severe hepatic or renal impairment without clinician review""], ""interactions"": [""Other medicines in the same treatment class"", ""Alcohol where relevant"", ""Traditional preparations without informed review""], ""pregnancy_lactation"": ""Use only when clinically justified and reviewed with the treating clinician."", ""population"": ""Adults and children when prescribed and clinically appropriate"", ""region"": ""Ethiopia: primary care, referral care, and local community settings"", ""safety_notes"": [""Complete the prescribed course unless instructed otherwise"", ""Urgent review is needed for shortness of breath, rash, fainting, confusion, or severe bleeding""], ""source_ref"": ""Ethiopian formulary references; WHO clinical guidance; national medication safety review"", ""evidence_level"": ""Local formulary reference""}"
medication,1.0.0,"Medication effects, interactions, monitoring, adherence, and referral safety.",antibiotics,Antibiotics,Common oral and injectable antibiotics used in Ethiopian primary and referral care.,Infection review|Prescription audit|Antimicrobial education,"{""name"": ""Amoxicillin-Clavulanate 10 mg Syrup"", ""description"": ""Amoxicillin-Clavulanate is used in Ethiopian clinical and community care settings for a clinician-directed indication. This reference supports safe prescribing, adherence review, and interaction checking."", ""drug_class"": ""Essential local formulary reference"", ""indications"": [""Clinician-directed treatment plan"", ""Routine medication review"", ""Safety screening""], ""common_side_effects"": [""Nausea"", ""Dizziness"", ""Mild abdominal discomfort""], ""serious_side_effects"": [""Severe allergic reaction"", ""Persistent vomiting"", ""Severe weakness"", ""Uncontrolled bleeding""], ""monitoring"": [""Dose and timing review"", ""Clinical symptom tracking"", ""Medication interaction screening""], ""contraindications"": [""Known severe allergy"", ""Severe hepatic or renal impairment without clinician review""], ""interactions"": [""Other medicines in the same treatment class"", ""Alcohol where relevant"", ""Traditional preparations without informed review""], ""pregnancy_lactation"": ""Use only when clinically justified and reviewed with the treating clinician."", ""population"": ""Adults and children when prescribed and clinically appropriate"", ""region"": ""Ethiopia: primary care, referral care, and local community settings"", ""safety_notes"": [""Complete the prescribed course unless instructed otherwise"", ""Urgent review is needed for shortness of breath, rash, fainting, confusion, or severe bleeding""], ""source_ref"": ""Ethiopian formulary references; WHO clinical guidance; national medication safety review"", ""evidence_level"": ""Local formulary reference""}"
medication,1.0.0,"Medication effects, interactions, monitoring, adherence, and referral safety.",antibiotics,Antibiotics,Common oral and injectable antibiotics used in Ethiopian primary and referral care.,Infection review|Prescription audit|Antimicrobial education,"{""name"": ""Amoxicillin-Clavulanate 10 mg Injectable"", ""description"": ""Amoxicillin-Clavulanate is used in Ethiopian clinical and community care settings for a clinician-directed indication. This reference supports safe prescribing, adherence review, and interaction checking."", ""drug_class"": ""Essential local formulary reference"", ""indications"": [""Clinician-directed treatment plan"", ""Routine medication review"", ""Safety screening""], ""common_side_effects"": [""Nausea"", ""Dizziness"", ""Mild abdominal discomfort""], ""serious_side_effects"": [""Severe allergic reaction"", ""Persistent vomiting"", ""Severe weakness"", ""Uncontrolled bleeding""], ""monitoring"": [""Dose and timing review"", ""Clinical symptom tracking"", ""Medication interaction screening""], ""contraindications"": [""Known severe allergy"", ""Severe hepatic or renal impairment without clinician review""], ""interactions"": [""Other medicines in the same treatment class"", ""Alcohol where relevant"", ""Traditional preparations without informed review""], ""pregnancy_lactation"": ""Use only when clinically justified and reviewed with the treating clinician."", ""population"": ""Adults and children when prescribed and clinically appropriate"", ""region"": ""Ethiopia: primary care, referral care, and local community settings"", ""safety_notes"": [""Complete the prescribed course unless instructed otherwise"", ""Urgent review is needed for shortness of breath, rash, fainting, confusion, or severe bleeding""], ""source_ref"": ""Ethiopian formulary references; WHO clinical guidance; national medication safety review"", ""evidence_level"": ""Local formulary reference""}"
medication,1.0.0,"Medication effects, interactions, monitoring, adherence, and referral safety.",antibiotics,Antibiotics,Common oral and injectable antibiotics used in Ethiopian primary and referral care.,Infection review|Prescription audit|Antimicrobial education,"{""name"": ""Amoxicillin-Clavulanate 10 mg Oral suspension"", ""description"": ""Amoxicillin-Clavulanate is used in Ethiopian clinical and community care settings for a clinician-directed indication. This reference supports safe prescribing, adherence review, and interaction checking."", ""drug_class"": ""Essential local formulary reference"", ""indications"": [""Clinician-directed treatment plan"", ""Routine medication review"", ""Safety screening""], ""common_side_effects"": [""Nausea"", ""Dizziness"", ""Mild abdominal discomfort""], ""serious_side_effects"": [""Severe allergic reaction"", ""Persistent vomiting"", ""Severe weakness"", ""Uncontrolled bleeding""], ""monitoring"": [""Dose and timing review"", ""Clinical symptom tracking"", ""Medication interaction screening""], ""contraindications"": [""Known severe allergy"", ""Severe hepatic or renal impairment without clinician review""], ""interactions"": [""Other medicines in the same treatment class"", ""Alcohol where relevant"", ""Traditional preparations without informed review""], ""pregnancy_lactation"": ""Use only when clinically justified and reviewed with the treating clinician."", ""population"": ""Adults and children when prescribed and clinically appropriate"", ""region"": ""Ethiopia: primary care, referral care, and local community settings"", ""safety_notes"": [""Complete the prescribed course unless instructed otherwise"", ""Urgent review is needed for shortness of breath, rash, fainting, confusion, or severe bleeding""], ""source_ref"": ""Ethiopian formulary references; WHO clinical guidance; national medication safety review"", ""evidence_level"": ""Local formulary reference""}"
medication,1.0.0,"Medication effects, interactions, monitoring, adherence, and referral safety.",antibiotics,Antibiotics,Common oral and injectable antibiotics used in Ethiopian primary and referral care.,Infection review|Prescription audit|Antimicrobial education,"{""name"": ""Amoxicillin-Clavulanate 10 mg Inhaler"", ""description"": ""Amoxicillin-Clavulanate is used in Ethiopian clinical and community care settings for a clinician-directed indication. This reference supports safe prescribing, adherence review, and interaction checking."", ""drug_class"": ""Essential local formulary reference"", ""indications"": [""Clinician-directed treatment plan"", ""Routine medication review"", ""Safety screening""], ""common_side_effects"": [""Nausea"", ""Dizziness"", ""Mild abdominal discomfort""], ""serious_side_effects"": [""Severe allergic reaction"", ""Persistent vomiting"", ""Severe weakness"", ""Uncontrolled bleeding""], ""monitoring"": [""Dose and timing review"", ""Clinical symptom tracking"", ""Medication interaction screening""], ""contraindications"": [""Known severe allergy"", ""Severe hepatic or renal impairment without clinician review""], ""interactions"": [""Other medicines in the same treatment class"", ""Alcohol where relevant"", ""Traditional preparations without informed review""], ""pregnancy_lactation"": ""Use only when clinically justified and reviewed with the treating clinician."", ""population"": ""Adults and children when prescribed and clinically appropriate"", ""region"": ""Ethiopia: primary care, referral care, and local community settings"", ""safety_notes"": [""Complete the prescribed course unless instructed otherwise"", ""Urgent review is needed for shortness of breath, rash, fainting, confusion, or severe bleeding""], ""source_ref"": ""Ethiopian formulary references; WHO clinical guidance; national medication safety review"", ""evidence_level"": ""Local formulary reference""}"
medication,1.0.0,"Medication effects, interactions, monitoring, adherence, and referral safety.",antibiotics,Antibiotics,Common oral and injectable antibiotics used in Ethiopian primary and referral care.,Infection review|Prescription audit|Antimicrobial education,"{""name"": ""Amoxicillin-Clavulanate 25 mg Tablet"", ""description"": ""Amoxicillin-Clavulanate is used in Ethiopian clinical and community care settings for a clinician-directed indication. This reference supports safe prescribing, adherence review, and interaction checking."", ""drug_class"": ""Essential local formulary reference"", ""indications"": [""Clinician-directed treatment plan"", ""Routine medication review"", ""Safety screening""], ""common_side_effects"": [""Nausea"", ""Dizziness"", ""Mild abdominal discomfort""], ""serious_side_effects"": [""Severe allergic reaction"", ""Persistent vomiting"", ""Severe weakness"", ""Uncontrolled bleeding""], ""monitoring"": [""Dose and timing review"", ""Clinical symptom tracking"", ""Medication interaction screening""], ""contraindications"": [""Known severe allergy"", ""Severe hepatic or renal impairment without clinician review""], ""interactions"": [""Other medicines in the same treatment class"", ""Alcohol where relevant"", ""Traditional preparations without informed review""], ""pregnancy_lactation"": ""Use only when clinically justified and reviewed with the treating clinician."", ""population"": ""Adults and children when prescribed and clinically appropriate"", ""region"": ""Ethiopia: primary care, referral care, and local community settings"", ""safety_notes"": [""Complete the prescribed course unless instructed otherwise"", ""Urgent review is needed for shortness of breath, rash, fainting, confusion, or severe bleeding""], ""source_ref"": ""Ethiopian formulary references; WHO clinical guidance; national medication safety review"", ""evidence_level"": ""Local formulary reference""}"
medication,1.0.0,"Medication effects, interactions, monitoring, adherence, and referral safety.",antibiotics,Antibiotics,Common oral and injectable antibiotics used in Ethiopian primary and referral care.,Infection review|Prescription audit|Antimicrobial education,"{""name"": ""Amoxicillin-Clavulanate 25 mg Capsule"", ""description"": ""Amoxicillin-Clavulanate is used in Ethiopian clinical and community care settings for a clinician-directed indication. This reference supports safe prescribing, adherence review, and interaction checking."", ""drug_class"": ""Essential local formulary reference"", ""indications"": [""Clinician-directed treatment plan"", ""Routine medication review"", ""Safety screening""], ""common_side_effects"": [""Nausea"", ""Dizziness"", ""Mild abdominal discomfort""], ""serious_side_effects"": [""Severe allergic reaction"", ""Persistent vomiting"", ""Severe weakness"", ""Uncontrolled bleeding""], ""monitoring"": [""Dose and timing review"", ""Clinical symptom tracking"", ""Medication interaction screening""], ""contraindications"": [""Known severe allergy"", ""Severe hepatic or renal impairment without clinician review""], ""interactions"": [""Other medicines in the same treatment class"", ""Alcohol where relevant"", ""Traditional preparations without informed review""], ""pregnancy_lactation"": ""Use only when clinically justified and reviewed with the treating clinician."", ""population"": ""Adults and children when prescribed and clinically appropriate"", ""region"": ""Ethiopia: primary care, referral care, and local community settings"", ""safety_notes"": [""Complete the prescribed course unless instructed otherwise"", ""Urgent review is needed for shortness of breath, rash, fainting, confusion, or severe bleeding""], ""source_ref"": ""Ethiopian formulary references; WHO clinical guidance; national medication safety review"", ""evidence_level"": ""Local formulary reference""}"
medication,1.0.0,"Medication effects, interactions, monitoring, adherence, and referral safety.",antibiotics,Antibiotics,Common oral and injectable antibiotics used in Ethiopian primary and referral care.,Infection review|Prescription audit|Antimicrobial education,"{""name"": ""Amoxicillin-Clavulanate 25 mg Syrup"", ""description"": ""Amoxicillin-Clavulanate is used in Ethiopian clinical and community care settings for a clinician-directed indication. This reference supports safe prescribing, adherence review, and interaction checking."", ""drug_class"": ""Essential local formulary reference"", ""indications"": [""Clinician-directed treatment plan"", ""Routine medication review"", ""Safety screening""], ""common_side_effects"": [""Nausea"", ""Dizziness"", ""Mild abdominal discomfort""], ""serious_side_effects"": [""Severe allergic reaction"", ""Persistent vomiting"", ""Severe weakness"", ""Uncontrolled bleeding""], ""monitoring"": [""Dose and timing review"", ""Clinical symptom tracking"", ""Medication interaction screening""], ""contraindications"": [""Known severe allergy"", ""Severe hepatic or renal impairment without clinician review""], ""interactions"": [""Other medicines in the same treatment class"", ""Alcohol where relevant"", ""Traditional preparations without informed review""], ""pregnancy_lactation"": ""Use only when clinically justified and reviewed with the treating clinician."", ""population"": ""Adults and children when prescribed and clinically appropriate"", ""region"": ""Ethiopia: primary care, referral care, and local community settings"", ""safety_notes"": [""Complete the prescribed course unless instructed otherwise"", ""Urgent review is needed for shortness of breath, rash, fainting, confusion, or severe bleeding""], ""source_ref"": ""Ethiopian formulary references; WHO clinical guidance; national medication safety review"", ""evidence_level"": ""Local formulary reference""}"
medication,1.0.0,"Medication effects, interactions, monitoring, adherence, and referral safety.",antibiotics,Antibiotics,Common oral and injectable antibiotics used in Ethiopian primary and referral care.,Infection review|Prescription audit|Antimicrobial education,"{""name"": ""Amoxicillin-Clavulanate 25 mg Injectable"", ""description"": ""Amoxicillin-Clavulanate is used in Ethiopian clinical and community care settings for a clinician-directed indication. This reference supports safe prescribing, adherence review, and interaction checking."", ""drug_class"": ""Essential local formulary reference"", ""indications"": [""Clinician-directed treatment plan"", ""Routine medication review"", ""Safety screening""], ""common_side_effects"": [""Nausea"", ""Dizziness"", ""Mild abdominal discomfort""], ""serious_side_effects"": [""Severe allergic reaction"", ""Persistent vomiting"", ""Severe weakness"", ""Uncontrolled bleeding""], ""monitoring"": [""Dose and timing review"", ""Clinical symptom tracking"", ""Medication interaction screening""], ""contraindications"": [""Known severe allergy"", ""Severe hepatic or renal impairment without clinician review""], ""interactions"": [""Other medicines in the same treatment class"", ""Alcohol where relevant"", ""Traditional preparations without informed review""], ""pregnancy_lactation"": ""Use only when clinically justified and reviewed with the treating clinician."", ""population"": ""Adults and children when prescribed and clinically appropriate"", ""region"": ""Ethiopia: primary care, referral care, and local community settings"", ""safety_notes"": [""Complete the prescribed course unless instructed otherwise"", ""Urgent review is needed for shortness of breath, rash, fainting, confusion, or severe bleeding""], ""source_ref"": ""Ethiopian formulary references; WHO clinical guidance; national medication safety review"", ""evidence_level"": ""Local formulary reference""}"
medication,1.0.0,"Medication effects, interactions, monitoring, adherence, and referral safety.",antibiotics,Antibiotics,Common oral and injectable antibiotics used in Ethiopian primary and referral care.,Infection review|Prescription audit|Antimicrobial education,"{""name"": ""Amoxicillin-Clavulanate 25 mg Oral suspension"", ""description"": ""Amoxicillin-Clavulanate is used in Ethiopian clinical and community care settings for a clinician-directed indication. This reference supports safe prescribing, adherence review, and interaction checking."", ""drug_class"": ""Essential local formulary reference"", ""indications"": [""Clinician-directed treatment plan"", ""Routine medication review"", ""Safety screening""], ""common_side_effects"": [""Nausea"", ""Dizziness"", ""Mild abdominal discomfort""], ""serious_side_effects"": [""Severe allergic reaction"", ""Persistent vomiting"", ""Severe weakness"", ""Uncontrolled bleeding""], ""monitoring"": [""Dose and timing review"", ""Clinical symptom tracking"", ""Medication interaction screening""], ""contraindications"": [""Known severe allergy"", ""Severe hepatic or renal impairment without clinician review""], ""interactions"": [""Other medicines in the same treatment class"", ""Alcohol where relevant"", ""Traditional preparations without informed review""], ""pregnancy_lactation"": ""Use only when clinically justified and reviewed with the treating clinician."", ""population"": ""Adults and children when prescribed and clinically appropriate"", ""region"": ""Ethiopia: primary care, referral care, and local community settings"", ""safety_notes"": [""Complete the prescribed course unless instructed otherwise"", ""Urgent review is needed for shortness of breath, rash, fainting, confusion, or severe bleeding""], ""source_ref"": ""Ethiopian formulary references; WHO clinical guidance; national medication safety review"", ""evidence_level"": ""Local formulary reference""}"
medication,1.0.0,"Medication effects, interactions, monitoring, adherence, and referral safety.",antibiotics,Antibiotics,Common oral and injectable antibiotics used in Ethiopian primary and referral care.,Infection review|Prescription audit|Antimicrobial education,"{""name"": ""Amoxicillin-Clavulanate 25 mg Inhaler"", ""description"": ""Amoxicillin-Clavulanate is used in Ethiopian clinical and community care settings for a clinician-directed indication. This reference supports safe prescribing, adherence review, and interaction checking."", ""drug_class"": ""Essential local formulary reference"", ""indications"": [""Clinician-directed treatment plan"", ""Routine medication review"", ""Safety screening""], ""common_side_effects"": [""Nausea"", ""Dizziness"", ""Mild abdominal discomfort""], ""serious_side_effects"": [""Severe allergic reaction"", ""Persistent vomiting"", ""Severe weakness"", ""Uncontrolled bleeding""], ""monitoring"": [""Dose and timing review"", ""Clinical symptom tracking"", ""Medication interaction screening""], ""contraindications"": [""Known severe allergy"", ""Severe hepatic or renal impairment without clinician review""], ""interactions"": [""Other medicines in the same treatment class"", ""Alcohol where relevant"", ""Traditional preparations without informed review""], ""pregnancy_lactation"": ""Use only when clinically justified and reviewed with the treating clinician."", ""population"": ""Adults and children when prescribed and clinically appropriate"", ""region"": ""Ethiopia: primary care, referral care, and local community settings"", ""safety_notes"": [""Complete the prescribed course unless instructed otherwise"", ""Urgent review is needed for shortness of breath, rash, fainting, confusion, or severe bleeding""], ""source_ref"": ""Ethiopian formulary references; WHO clinical guidance; national medication safety review"", ""evidence_level"": ""Local formulary reference""}"
medication,1.0.0,"Medication effects, interactions, monitoring, adherence, and referral safety.",antibiotics,Antibiotics,Common oral and injectable antibiotics used in Ethiopian primary and referral care.,Infection review|Prescription audit|Antimicrobial education,"{""name"": ""Amoxicillin-Clavulanate 50 mg Tablet"", ""description"": ""Amoxicillin-Clavulanate is used in Ethiopian clinical and community care settings for a clinician-directed indication. This reference supports safe prescribing, adherence review, and interaction checking."", ""drug_class"": ""Essential local formulary reference"", ""indications"": [""Clinician-directed treatment plan"", ""Routine medication review"", ""Safety screening""], ""common_side_effects"": [""Nausea"", ""Dizziness"", ""Mild abdominal discomfort""], ""serious_side_effects"": [""Severe allergic reaction"", ""Persistent vomiting"", ""Severe weakness"", ""Uncontrolled bleeding""], ""monitoring"": [""Dose and timing review"", ""Clinical symptom tracking"", ""Medication interaction screening""], ""contraindications"": [""Known severe allergy"", ""Severe hepatic or renal impairment without clinician review""], ""interactions"": [""Other medicines in the same treatment class"", ""Alcohol where relevant"", ""Traditional preparations without informed review""], ""pregnancy_lactation"": ""Use only when clinically justified and reviewed with the treating clinician."", ""population"": ""Adults and children when prescribed and clinically appropriate"", ""region"": ""Ethiopia: primary care, referral care, and local community settings"", ""safety_notes"": [""Complete the prescribed course unless instructed otherwise"", ""Urgent review is needed for shortness of breath, rash, fainting, confusion, or severe bleeding""], ""source_ref"": ""Ethiopian formulary references; WHO clinical guidance; national medication safety review"", ""evidence_level"": ""Local formulary reference""}"
medication,1.0.0,"Medication effects, interactions, monitoring, adherence, and referral safety.",antibiotics,Antibiotics,Common oral and injectable antibiotics used in Ethiopian primary and referral care.,Infection review|Prescription audit|Antimicrobial education,"{""name"": ""Amoxicillin-Clavulanate 50 mg Capsule"", ""description"": ""Amoxicillin-Clavulanate is used in Ethiopian clinical and community care settings for a clinician-directed indication. This reference supports safe prescribing, adherence review, and interaction checking."", ""drug_class"": ""Essential local formulary reference"", ""indications"": [""Clinician-directed treatment plan"", ""Routine medication review"", ""Safety screening""], ""common_side_effects"": [""Nausea"", ""Dizziness"", ""Mild abdominal discomfort""], ""serious_side_effects"": [""Severe allergic reaction"", ""Persistent vomiting"", ""Severe weakness"", ""Uncontrolled bleeding""], ""monitoring"": [""Dose and timing review"", ""Clinical symptom tracking"", ""Medication interaction screening""], ""contraindications"": [""Known severe allergy"", ""Severe hepatic or renal impairment without clinician review""], ""interactions"": [""Other medicines in the same treatment class"", ""Alcohol where relevant"", ""Traditional preparations without informed review""], ""pregnancy_lactation"": ""Use only when clinically justified and reviewed with the treating clinician."", ""population"": ""Adults and children when prescribed and clinically appropriate"", ""region"": ""Ethiopia: primary care, referral care, and local community settings"", ""safety_notes"": [""Complete the prescribed course unless instructed otherwise"", ""Urgent review is needed for shortness of breath, rash, fainting, confusion, or severe bleeding""], ""source_ref"": ""Ethiopian formulary references; WHO clinical guidance; national medication safety review"", ""evidence_level"": ""Local formulary reference""}"
medication,1.0.0,"Medication effects, interactions, monitoring, adherence, and referral safety.",antibiotics,Antibiotics,Common oral and injectable antibiotics used in Ethiopian primary and referral care.,Infection review|Prescription audit|Antimicrobial education,"{""name"": ""Amoxicillin-Clavulanate 50 mg Syrup"", ""description"": ""Amoxicillin-Clavulanate is used in Ethiopian clinical and community care settings for a clinician-directed indication. This reference supports safe prescribing, adherence review, and interaction checking."", ""drug_class"": ""Essential local formulary reference"", ""indications"": [""Clinician-directed treatment plan"", ""Routine medication review"", ""Safety screening""], ""common_side_effects"": [""Nausea"", ""Dizziness"", ""Mild abdominal discomfort""], ""serious_side_effects"": [""Severe allergic reaction"", ""Persistent vomiting"", ""Severe weakness"", ""Uncontrolled bleeding""], ""monitoring"": [""Dose and timing review"", ""Clinical symptom tracking"", ""Medication interaction screening""], ""contraindications"": [""Known severe allergy"", ""Severe hepatic or renal impairment without clinician review""], ""interactions"": [""Other medicines in the same treatment class"", ""Alcohol where relevant"", ""Traditional preparations without informed review""], ""pregnancy_lactation"": ""Use only when clinically justified and reviewed with the treating clinician."", ""population"": ""Adults and children when prescribed and clinically appropriate"", ""region"": ""Ethiopia: primary care, referral care, and local community settings"", ""safety_notes"": [""Complete the prescribed course unless instructed otherwise"", ""Urgent review is needed for shortness of breath, rash, fainting, confusion, or severe bleeding""], ""source_ref"": ""Ethiopian formulary references; WHO clinical guidance; national medication safety review"", ""evidence_level"": ""Local formulary reference""}"
medication,1.0.0,"Medication effects, interactions, monitoring, adherence, and referral safety.",antibiotics,Antibiotics,Common oral and injectable antibiotics used in Ethiopian primary and referral care.,Infection review|Prescription audit|Antimicrobial education,"{""name"": ""Amoxicillin-Clavulanate 50 mg Injectable"", ""description"": ""Amoxicillin-Clavulanate is used in Ethiopian clinical and community care settings for a clinician-directed indication. This reference supports safe prescribing, adherence review, and interaction checking."", ""drug_class"": ""Essential local formulary reference"", ""indications"": [""Clinician-directed treatment plan"", ""Routine medication review"", ""Safety screening""], ""common_side_effects"": [""Nausea"", ""Dizziness"", ""Mild abdominal discomfort""], ""serious_side_effects"": [""Severe allergic reaction"", ""Persistent vomiting"", ""Severe weakness"", ""Uncontrolled bleeding""], ""monitoring"": [""Dose and timing review"", ""Clinical symptom tracking"", ""Medication interaction screening""], ""contraindications"": [""Known severe allergy"", ""Severe hepatic or renal impairment without clinician review""], ""interactions"": [""Other medicines in the same treatment class"", ""Alcohol where relevant"", ""Traditional preparations without informed review""], ""pregnancy_lactation"": ""Use only when clinically justified and reviewed with the treating clinician."", ""population"": ""Adults and children when prescribed and clinically appropriate"", ""region"": ""Ethiopia: primary care, referral care, and local community settings"", ""safety_notes"": [""Complete the prescribed course unless instructed otherwise"", ""Urgent review is needed for shortness of breath, rash, fainting, confusion, or severe bleeding""], ""source_ref"": ""Ethiopian formulary references; WHO clinical guidance; national medication safety review"", ""evidence_level"": ""Local formulary reference""}"
medication,1.0.0,"Medication effects, interactions, monitoring, adherence, and referral safety.",antibiotics,Antibiotics,Common oral and injectable antibiotics used in Ethiopian primary and referral care.,Infection review|Prescription audit|Antimicrobial education,"{""name"": ""Amoxicillin-Clavulanate 50 mg Oral suspension"", ""description"": ""Amoxicillin-Clavulanate is used in Ethiopian clinical and community care settings for a clinician-directed indication. This reference supports safe prescribing, adherence review, and interaction checking."", ""drug_class"": ""Essential local formulary reference"", ""indications"": [""Clinician-directed treatment plan"", ""Routine medication review"", ""Safety screening""], ""common_side_effects"": [""Nausea"", ""Dizziness"", ""Mild abdominal discomfort""], ""serious_side_effects"": [""Severe allergic reaction"", ""Persistent vomiting"", ""Severe weakness"", ""Uncontrolled bleeding""], ""monitoring"": [""Dose and timing review"", ""Clinical symptom tracking"", ""Medication interaction screening""], ""contraindications"": [""Known severe allergy"", ""Severe hepatic or renal impairment without clinician review""], ""interactions"": [""Other medicines in the same treatment class"", ""Alcohol where relevant"", ""Traditional preparations without informed review""], ""pregnancy_lactation"": ""Use only when clinically justified and reviewed with the treating clinician."", ""population"": ""Adults and children when prescribed and clinically appropriate"", ""region"": ""Ethiopia: primary care, referral care, and local community settings"", ""safety_notes"": [""Complete the prescribed course unless instructed otherwise"", ""Urgent review is needed for shortness of breath, rash, fainting, confusion, or severe bleeding""], ""source_ref"": ""Ethiopian formulary references; WHO clinical guidance; national medication safety review"", ""evidence_level"": ""Local formulary reference""}"
medication,1.0.0,"Medication effects, interactions, monitoring, adherence, and referral safety.",antibiotics,Antibiotics,Common oral and injectable antibiotics used in Ethiopian primary and referral care.,Infection review|Prescription audit|Antimicrobial education,"{""name"": ""Amoxicillin-Clavulanate 50 mg Inhaler"", ""description"": ""Amoxicillin-Clavulanate is used in Ethiopian clinical and community care settings for a clinician-directed indication. This reference supports safe prescribing, adherence review, and interaction checking."", ""drug_class"": ""Essential local formulary reference"", ""indications"": [""Clinician-directed treatment plan"", ""Routine medication review"", ""Safety screening""], ""common_side_effects"": [""Nausea"", ""Dizziness"", ""Mild abdominal discomfort""], ""serious_side_effects"": [""Severe allergic reaction"", ""Persistent vomiting"", ""Severe weakness"", ""Uncontrolled bleeding""], ""monitoring"": [""Dose and timing review"", ""Clinical symptom tracking"", ""Medication interaction screening""], ""contraindications"": [""Known severe allergy"", ""Severe hepatic or renal impairment without clinician review""], ""interactions"": [""Other medicines in the same treatment class"", ""Alcohol where relevant"", ""Traditional preparations without informed review""], ""pregnancy_lactation"": ""Use only when clinically justified and reviewed with the treating clinician."", ""population"": ""Adults and children when prescribed and clinically appropriate"", ""region"": ""Ethiopia: primary care, referral care, and local community settings"", ""safety_notes"": [""Complete the prescribed course unless instructed otherwise"", ""Urgent review is needed for shortness of breath, rash, fainting, confusion, or severe bleeding""], ""source_ref"": ""Ethiopian formulary references; WHO clinical guidance; national medication safety review"", ""evidence_level"": ""Local formulary reference""}"
medication,1.0.0,"Medication effects, interactions, monitoring, adherence, and referral safety.",antibiotics,Antibiotics,Common oral and injectable antibiotics used in Ethiopian primary and referral care.,Infection review|Prescription audit|Antimicrobial education,"{""name"": ""Amoxicillin-Clavulanate 100 mg Tablet"", ""description"": ""Amoxicillin-Clavulanate is used in Ethiopian clinical and community care settings for a clinician-directed indication. This reference supports safe prescribing, adherence review, and interaction checking."", ""drug_class"": ""Essential local formulary reference"", ""indications"": [""Clinician-directed treatment plan"", ""Routine medication review"", ""Safety screening""], ""common_side_effects"": [""Nausea"", ""Dizziness"", ""Mild abdominal discomfort""], ""serious_side_effects"": [""Severe allergic reaction"", ""Persistent vomiting"", ""Severe weakness"", ""Uncontrolled bleeding""], ""monitoring"": [""Dose and timing review"", ""Clinical symptom tracking"", ""Medication interaction screening""], ""contraindications"": [""Known severe allergy"", ""Severe hepatic or renal impairment without clinician review""], ""interactions"": [""Other medicines in the same treatment class"", ""Alcohol where relevant"", ""Traditional preparations without informed review""], ""pregnancy_lactation"": ""Use only when clinically justified and reviewed with the treating clinician."", ""population"": ""Adults and children when prescribed and clinically appropriate"", ""region"": ""Ethiopia: primary care, referral care, and local community settings"", ""safety_notes"": [""Complete the prescribed course unless instructed otherwise"", ""Urgent review is needed for shortness of breath, rash, fainting, confusion, or severe bleeding""], ""source_ref"": ""Ethiopian formulary references; WHO clinical guidance; national medication safety review"", ""evidence_level"": ""Local formulary reference""}"
medication,1.0.0,"Medication effects, interactions, monitoring, adherence, and referral safety.",antibiotics,Antibiotics,Common oral and injectable antibiotics used in Ethiopian primary and referral care.,Infection review|Prescription audit|Antimicrobial education,"{""name"": ""Amoxicillin-Clavulanate 100 mg Capsule"", ""description"": ""Amoxicillin-Clavulanate is used in Ethiopian clinical and community care settings for a clinician-directed indication. This reference supports safe prescribing, adherence review, and interaction checking."", ""drug_class"": ""Essential local formulary reference"", ""indications"": [""Clinician-directed treatment plan"", ""Routine medication review"", ""Safety screening""], ""common_side_effects"": [""Nausea"", ""Dizziness"", ""Mild abdominal discomfort""], ""serious_side_effects"": [""Severe allergic reaction"", ""Persistent vomiting"", ""Severe weakness"", ""Uncontrolled bleeding""], ""monitoring"": [""Dose and timing review"", ""Clinical symptom tracking"", ""Medication interaction screening""], ""contraindications"": [""Known severe allergy"", ""Severe hepatic or renal impairment without clinician review""], ""interactions"": [""Other medicines in the same treatment class"", ""Alcohol where relevant"", ""Traditional preparations without informed review""], ""pregnancy_lactation"": ""Use only when clinically justified and reviewed with the treating clinician."", ""population"": ""Adults and children when prescribed and clinically appropriate"", ""region"": ""Ethiopia: primary care, referral care, and local community settings"", ""safety_notes"": [""Complete the prescribed course unless instructed otherwise"", ""Urgent review is needed for shortness of breath, rash, fainting, confusion, or severe bleeding""], ""source_ref"": ""Ethiopian formulary references; WHO clinical guidance; national medication safety review"", ""evidence_level"": ""Local formulary reference""}"
medication,1.0.0,"Medication effects, interactions, monitoring, adherence, and referral safety.",antibiotics,Antibiotics,Common oral and injectable antibiotics used in Ethiopian primary and referral care.,Infection review|Prescription audit|Antimicrobial education,"{""name"": ""Amoxicillin-Clavulanate 100 mg Syrup"", ""description"": ""Amoxicillin-Clavulanate is used in Ethiopian clinical and community care settings for a clinician-directed indication. This reference supports safe prescribing, adherence review, and interaction checking."", ""drug_class"": ""Essential local formulary reference"", ""indications"": [""Clinician-directed treatment plan"", ""Routine medication review"", ""Safety screening""], ""common_side_effects"": [""Nausea"", ""Dizziness"", ""Mild abdominal discomfort""], ""serious_side_effects"": [""Severe allergic reaction"", ""Persistent vomiting"", ""Severe weakness"", ""Uncontrolled bleeding""], ""monitoring"": [""Dose and timing review"", ""Clinical symptom tracking"", ""Medication interaction screening""], ""contraindications"": [""Known severe allergy"", ""Severe hepatic or renal impairment without clinician review""], ""interactions"": [""Other medicines in the same treatment class"", ""Alcohol where relevant"", ""Traditional preparations without informed review""], ""pregnancy_lactation"": ""Use only when clinically justified and reviewed with the treating clinician."", ""population"": ""Adults and children when prescribed and clinically appropriate"", ""region"": ""Ethiopia: primary care, referral care, and local community settings"", ""safety_notes"": [""Complete the prescribed course unless instructed otherwise"", ""Urgent review is needed for shortness of breath, rash, fainting, confusion, or severe bleeding""], ""source_ref"": ""Ethiopian formulary references; WHO clinical guidance; national medication safety review"", ""evidence_level"": ""Local formulary reference""}"
medication,1.0.0,"Medication effects, interactions, monitoring, adherence, and referral safety.",antibiotics,Antibiotics,Common oral and injectable antibiotics used in Ethiopian primary and referral care.,Infection review|Prescription audit|Antimicrobial education,"{""name"": ""Amoxicillin-Clavulanate 100 mg Injectable"", ""description"": ""Amoxicillin-Clavulanate is used in Ethiopian clinical and community care settings for a clinician-directed indication. This reference supports safe prescribing, adherence review, and interaction checking."", ""drug_class"": ""Essential local formulary reference"", ""indications"": [""Clinician-directed treatment plan"", ""Routine medication review"", ""Safety screening""], ""common_side_effects"": [""Nausea"", ""Dizziness"", ""Mild abdominal discomfort""], ""serious_side_effects"": [""Severe allergic reaction"", ""Persistent vomiting"", ""Severe weakness"", ""Uncontrolled bleeding""], ""monitoring"": [""Dose and timing review"", ""Clinical symptom tracking"", ""Medication interaction screening""], ""contraindications"": [""Known severe allergy"", ""Severe hepatic or renal impairment without clinician review""], ""interactions"": [""Other medicines in the same treatment class"", ""Alcohol where relevant"", ""Traditional preparations without informed review""], ""pregnancy_lactation"": ""Use only when clinically justified and reviewed with the treating clinician."", ""population"": ""Adults and children when prescribed and clinically appropriate"", ""region"": ""Ethiopia: primary care, referral care, and local community settings"", ""safety_notes"": [""Complete the prescribed course unless instructed otherwise"", ""Urgent review is needed for shortness of breath, rash, fainting, confusion, or severe bleeding""], ""source_ref"": ""Ethiopian formulary references; WHO clinical guidance; national medication safety review"", ""evidence_level"": ""Local formulary reference""}"
medication,1.0.0,"Medication effects, interactions, monitoring, adherence, and referral safety.",antibiotics,Antibiotics,Common oral and injectable antibiotics used in Ethiopian primary and referral care.,Infection review|Prescription audit|Antimicrobial education,"{""name"": ""Amoxicillin-Clavulanate 100 mg Oral suspension"", ""description"": ""Amoxicillin-Clavulanate is used in Ethiopian clinical and community care settings for a clinician-directed indication. This reference supports safe prescribing, adherence review, and interaction checking."", ""drug_class"": ""Essential local formulary reference"", ""indications"": [""Clinician-directed treatment plan"", ""Routine medication review"", ""Safety screening""], ""common_side_effects"": [""Nausea"", ""Dizziness"", ""Mild abdominal discomfort""], ""serious_side_effects"": [""Severe allergic reaction"", ""Persistent vomiting"", ""Severe weakness"", ""Uncontrolled bleeding""], ""monitoring"": [""Dose and timing review"", ""Clinical symptom tracking"", ""Medication interaction screening""], ""contraindications"": [""Known severe allergy"", ""Severe hepatic or renal impairment without clinician review""], ""interactions"": [""Other medicines in the same treatment class"", ""Alcohol where relevant"", ""Traditional preparations without informed review""], ""pregnancy_lactation"": ""Use only when clinically justified and reviewed with the treating clinician."", ""population"": ""Adults and children when prescribed and clinically appropriate"", ""region"": ""Ethiopia: primary care, referral care, and local community settings"", ""safety_notes"": [""Complete the prescribed course unless instructed otherwise"", ""Urgent review is needed for shortness of breath, rash, fainting, confusion, or severe bleeding""], ""source_ref"": ""Ethiopian formulary references; WHO clinical guidance; national medication safety review"", ""evidence_level"": ""Local formulary reference""}"
medication,1.0.0,"Medication effects, interactions, monitoring, adherence, and referral safety.",antibiotics,Antibiotics,Common oral and injectable antibiotics used in Ethiopian primary and referral care.,Infection review|Prescription audit|Antimicrobial education,"{""name"": ""Amoxicillin-Clavulanate 100 mg Inhaler"", ""description"": ""Amoxicillin-Clavulanate is used in Ethiopian clinical and community care settings for a clinician-directed indication. This reference supports safe prescribing, adherence review, and interaction checking."", ""drug_class"": ""Essential local formulary reference"", ""indications"": [""Clinician-directed treatment plan"", ""Routine medication review"", ""Safety screening""], ""common_side_effects"": [""Nausea"", ""Dizziness"", ""Mild abdominal discomfort""], ""serious_side_effects"": [""Severe allergic reaction"", ""Persistent vomiting"", ""Severe weakness"", ""Uncontrolled bleeding""], ""monitoring"": [""Dose and timing review"", ""Clinical symptom tracking"", ""Medication interaction screening""], ""contraindications"": [""Known severe allergy"", ""Severe hepatic or renal impairment without clinician review""], ""interactions"": [""Other medicines in the same treatment class"", ""Alcohol where relevant"", ""Traditional preparations without informed review""], ""pregnancy_lactation"": ""Use only when clinically justified and reviewed with the treating clinician."", ""population"": ""Adults and children when prescribed and clinically appropriate"", ""region"": ""Ethiopia: primary care, referral care, and local community settings"", ""safety_notes"": [""Complete the prescribed course unless instructed otherwise"", ""Urgent review is needed for shortness of breath, rash, fainting, confusion, or severe bleeding""], ""source_ref"": ""Ethiopian formulary references; WHO clinical guidance; national medication safety review"", ""evidence_level"": ""Local formulary reference""}"
medication,1.0.0,"Medication effects, interactions, monitoring, adherence, and referral safety.",antibiotics,Antibiotics,Common oral and injectable antibiotics used in Ethiopian primary and referral care.,Infection review|Prescription audit|Antimicrobial education,"{""name"": ""Amoxicillin-Clavulanate 250 mg Tablet"", ""description"": ""Amoxicillin-Clavulanate is used in Ethiopian clinical and community care settings for a clinician-directed indication. This reference supports safe prescribing, adherence review, and interaction checking."", ""drug_class"": ""Essential local formulary reference"", ""indications"": [""Clinician-directed treatment plan"", ""Routine medication review"", ""Safety screening""], ""common_side_effects"": [""Nausea"", ""Dizziness"", ""Mild abdominal discomfort""], ""serious_side_effects"": [""Severe allergic reaction"", ""Persistent vomiting"", ""Severe weakness"", ""Uncontrolled bleeding""], ""monitoring"": [""Dose and timing review"", ""Clinical symptom tracking"", ""Medication interaction screening""], ""contraindications"": [""Known severe allergy"", ""Severe hepatic or renal impairment without clinician review""], ""interactions"": [""Other medicines in the same treatment class"", ""Alcohol where relevant"", ""Traditional preparations without informed review""], ""pregnancy_lactation"": ""Use only when clinically justified and reviewed with the treating clinician."", ""population"": ""Adults and children when prescribed and clinically appropriate"", ""region"": ""Ethiopia: primary care, referral care, and local community settings"", ""safety_notes"": [""Complete the prescribed course unless instructed otherwise"", ""Urgent review is needed for shortness of breath, rash, fainting, confusion, or severe bleeding""], ""source_ref"": ""Ethiopian formulary references; WHO clinical guidance; national medication safety review"", ""evidence_level"": ""Local formulary reference""}"
medication,1.0.0,"Medication effects, interactions, monitoring, adherence, and referral safety.",antibiotics,Antibiotics,Common oral and injectable antibiotics used in Ethiopian primary and referral care.,Infection review|Prescription audit|Antimicrobial education,"{""name"": ""Amoxicillin-Clavulanate 250 mg Capsule"", ""description"": ""Amoxicillin-Clavulanate is used in Ethiopian clinical and community care settings for a clinician-directed indication. This reference supports safe prescribing, adherence review, and interaction checking."", ""drug_class"": ""Essential local formulary reference"", ""indications"": [""Clinician-directed treatment plan"", ""Routine medication review"", ""Safety screening""], ""common_side_effects"": [""Nausea"", ""Dizziness"", ""Mild abdominal discomfort""], ""serious_side_effects"": [""Severe allergic reaction"", ""Persistent vomiting"", ""Severe weakness"", ""Uncontrolled bleeding""], ""monitoring"": [""Dose and timing review"", ""Clinical symptom tracking"", ""Medication interaction screening""], ""contraindications"": [""Known severe allergy"", ""Severe hepatic or renal impairment without clinician review""], ""interactions"": [""Other medicines in the same treatment class"", ""Alcohol where relevant"", ""Traditional preparations without informed review""], ""pregnancy_lactation"": ""Use only when clinically justified and reviewed with the treating clinician."", ""population"": ""Adults and children when prescribed and clinically appropriate"", ""region"": ""Ethiopia: primary care, referral care, and local community settings"", ""safety_notes"": [""Complete the prescribed course unless instructed otherwise"", ""Urgent review is needed for shortness of breath, rash, fainting, confusion, or severe bleeding""], ""source_ref"": ""Ethiopian formulary references; WHO clinical guidance; national medication safety review"", ""evidence_level"": ""Local formulary reference""}"
medication,1.0.0,"Medication effects, interactions, monitoring, adherence, and referral safety.",antibiotics,Antibiotics,Common oral and injectable antibiotics used in Ethiopian primary and referral care.,Infection review|Prescription audit|Antimicrobial education,"{""name"": ""Amoxicillin-Clavulanate 250 mg Syrup"", ""description"": ""Amoxicillin-Clavulanate is used in Ethiopian clinical and community care settings for a clinician-directed indication. This reference supports safe prescribing, adherence review, and interaction checking."", ""drug_class"": ""Essential local formulary reference"", ""indications"": [""Clinician-directed treatment plan"", ""Routine medication review"", ""Safety screening""], ""common_side_effects"": [""Nausea"", ""Dizziness"", ""Mild abdominal discomfort""], ""serious_side_effects"": [""Severe allergic reaction"", ""Persistent vomiting"", ""Severe weakness"", ""Uncontrolled bleeding""], ""monitoring"": [""Dose and timing review"", ""Clinical symptom tracking"", ""Medication interaction screening""], ""contraindications"": [""Known severe allergy"", ""Severe hepatic or renal impairment without clinician review""], ""interactions"": [""Other medicines in the same treatment class"", ""Alcohol where relevant"", ""Traditional preparations without informed review""], ""pregnancy_lactation"": ""Use only when clinically justified and reviewed with the treating clinician."", ""population"": ""Adults and children when prescribed and clinically appropriate"", ""region"": ""Ethiopia: primary care, referral care, and local community settings"", ""safety_notes"": [""Complete the prescribed course unless instructed otherwise"", ""Urgent review is needed for shortness of breath, rash, fainting, confusion, or severe bleeding""], ""source_ref"": ""Ethiopian formulary references; WHO clinical guidance; national medication safety review"", ""evidence_level"": ""Local formulary reference""}"
medication,1.0.0,"Medication effects, interactions, monitoring, adherence, and referral safety.",antibiotics,Antibiotics,Common oral and injectable antibiotics used in Ethiopian primary and referral care.,Infection review|Prescription audit|Antimicrobial education,"{""name"": ""Amoxicillin-Clavulanate 250 mg Injectable"", ""description"": ""Amoxicillin-Clavulanate is used in Ethiopian clinical and community care settings for a clinician-directed indication. This reference supports safe prescribing, adherence review, and interaction checking."", ""drug_class"": ""Essential local formulary reference"", ""indications"": [""Clinician-directed treatment plan"", ""Routine medication review"", ""Safety screening""], ""common_side_effects"": [""Nausea"", ""Dizziness"", ""Mild abdominal discomfort""], ""serious_side_effects"": [""Severe allergic reaction"", ""Persistent vomiting"", ""Severe weakness"", ""Uncontrolled bleeding""], ""monitoring"": [""Dose and timing review"", ""Clinical symptom tracking"", ""Medication interaction screening""], ""contraindications"": [""Known severe allergy"", ""Severe hepatic or renal impairment without clinician review""], ""interactions"": [""Other medicines in the same treatment class"", ""Alcohol where relevant"", ""Traditional preparations without informed review""], ""pregnancy_lactation"": ""Use only when clinically justified and reviewed with the treating clinician."", ""population"": ""Adults and children when prescribed and clinically appropriate"", ""region"": ""Ethiopia: primary care, referral care, and local community settings"", ""safety_notes"": [""Complete the prescribed course unless instructed otherwise"", ""Urgent review is needed for shortness of breath, rash, fainting, confusion, or severe bleeding""], ""source_ref"": ""Ethiopian formulary references; WHO clinical guidance; national medication safety review"", ""evidence_level"": ""Local formulary reference""}"
medication,1.0.0,"Medication effects, interactions, monitoring, adherence, and referral safety.",antibiotics,Antibiotics,Common oral and injectable antibiotics used in Ethiopian primary and referral care.,Infection review|Prescription audit|Antimicrobial education,"{""name"": ""Amoxicillin-Clavulanate 250 mg Oral suspension"", ""description"": ""Amoxicillin-Clavulanate is used in Ethiopian clinical and community care settings for a clinician-directed indication. This reference supports safe prescribing, adherence review, and interaction checking."", ""drug_class"": ""Essential local formulary reference"", ""indications"": [""Clinician-directed treatment plan"", ""Routine medication review"", ""Safety screening""], ""common_side_effects"": [""Nausea"", ""Dizziness"", ""Mild abdominal discomfort""], ""serious_side_effects"": [""Severe allergic reaction"", ""Persistent vomiting"", ""Severe weakness"", ""Uncontrolled bleeding""], ""monitoring"": [""Dose and timing review"", ""Clinical symptom tracking"", ""Medication interaction screening""], ""contraindications"": [""Known severe allergy"", ""Severe hepatic or renal impairment without clinician review""], ""interactions"": [""Other medicines in the same treatment class"", ""Alcohol where relevant"", ""Traditional preparations without informed review""], ""pregnancy_lactation"": ""Use only when clinically justified and reviewed with the treating clinician."", ""population"": ""Adults and children when prescribed and clinically appropriate"", ""region"": ""Ethiopia: primary care, referral care, and local community settings"", ""safety_notes"": [""Complete the prescribed course unless instructed otherwise"", ""Urgent review is needed for shortness of breath, rash, fainting, confusion, or severe bleeding""], ""source_ref"": ""Ethiopian formulary references; WHO clinical guidance; national medication safety review"", ""evidence_level"": ""Local formulary reference""}"
medication,1.0.0,"Medication effects, interactions, monitoring, adherence, and referral safety.",antibiotics,Antibiotics,Common oral and injectable antibiotics used in Ethiopian primary and referral care.,Infection review|Prescription audit|Antimicrobial education,"{""name"": ""Amoxicillin-Clavulanate 250 mg Inhaler"", ""description"": ""Amoxicillin-Clavulanate is used in Ethiopian clinical and community care settings for a clinician-directed indication. This reference supports safe prescribing, adherence review, and interaction checking."", ""drug_class"": ""Essential local formulary reference"", ""indications"": [""Clinician-directed treatment plan"", ""Routine medication review"", ""Safety screening""], ""common_side_effects"": [""Nausea"", ""Dizziness"", ""Mild abdominal discomfort""], ""serious_side_effects"": [""Severe allergic reaction"", ""Persistent vomiting"", ""Severe weakness"", ""Uncontrolled bleeding""], ""monitoring"": [""Dose and timing review"", ""Clinical symptom tracking"", ""Medication interaction screening""], ""contraindications"": [""Known severe allergy"", ""Severe hepatic or renal impairment without clinician review""], ""interactions"": [""Other medicines in the same treatment class"", ""Alcohol where relevant"", ""Traditional preparations without informed review""], ""pregnancy_lactation"": ""Use only when clinically justified and reviewed with the treating clinician."", ""population"": ""Adults and children when prescribed and clinically appropriate"", ""region"": ""Ethiopia: primary care, referral care, and local community settings"", ""safety_notes"": [""Complete the prescribed course unless instructed otherwise"", ""Urgent review is needed for shortness of breath, rash, fainting, confusion, or severe bleeding""], ""source_ref"": ""Ethiopian formulary references; WHO clinical guidance; national medication safety review"", ""evidence_level"": ""Local formulary reference""}"
medication,1.0.0,"Medication effects, interactions, monitoring, adherence, and referral safety.",antibiotics,Antibiotics,Common oral and injectable antibiotics used in Ethiopian primary and referral care.,Infection review|Prescription audit|Antimicrobial education,"{""name"": ""Amoxicillin-Clavulanate 500 mg Tablet"", ""description"": ""Amoxicillin-Clavulanate is used in Ethiopian clinical and community care settings for a clinician-directed indication. This reference supports safe prescribing, adherence review, and interaction checking."", ""drug_class"": ""Essential local formulary reference"", ""indications"": [""Clinician-directed treatment plan"", ""Routine medication review"", ""Safety screening""], ""common_side_effects"": [""Nausea"", ""Dizziness"", ""Mild abdominal discomfort""], ""serious_side_effects"": [""Severe allergic reaction"", ""Persistent vomiting"", ""Severe weakness"", ""Uncontrolled bleeding""], ""monitoring"": [""Dose and timing review"", ""Clinical symptom tracking"", ""Medication interaction screening""], ""contraindications"": [""Known severe allergy"", ""Severe hepatic or renal impairment without clinician review""], ""interactions"": [""Other medicines in the same treatment class"", ""Alcohol where relevant"", ""Traditional preparations without informed review""], ""pregnancy_lactation"": ""Use only when clinically justified and reviewed with the treating clinician."", ""population"": ""Adults and children when prescribed and clinically appropriate"", ""region"": ""Ethiopia: primary care, referral care, and local community settings"", ""safety_notes"": [""Complete the prescribed course unless instructed otherwise"", ""Urgent review is needed for shortness of breath, rash, fainting, confusion, or severe bleeding""], ""source_ref"": ""Ethiopian formulary references; WHO clinical guidance; national medication safety review"", ""evidence_level"": ""Local formulary reference""}"
medication,1.0.0,"Medication effects, interactions, monitoring, adherence, and referral safety.",antibiotics,Antibiotics,Common oral and injectable antibiotics used in Ethiopian primary and referral care.,Infection review|Prescription audit|Antimicrobial education,"{""name"": ""Amoxicillin-Clavulanate 500 mg Capsule"", ""description"": ""Amoxicillin-Clavulanate is used in Ethiopian clinical and community care settings for a clinician-directed indication. This reference supports safe prescribing, adherence review, and interaction checking."", ""drug_class"": ""Essential local formulary reference"", ""indications"": [""Clinician-directed treatment plan"", ""Routine medication review"", ""Safety screening""], ""common_side_effects"": [""Nausea"", ""Dizziness"", ""Mild abdominal discomfort""], ""serious_side_effects"": [""Severe allergic reaction"", ""Persistent vomiting"", ""Severe weakness"", ""Uncontrolled bleeding""], ""monitoring"": [""Dose and timing review"", ""Clinical symptom tracking"", ""Medication interaction screening""], ""contraindications"": [""Known severe allergy"", ""Severe hepatic or renal impairment without clinician review""], ""interactions"": [""Other medicines in the same treatment class"", ""Alcohol where relevant"", ""Traditional preparations without informed review""], ""pregnancy_lactation"": ""Use only when clinically justified and reviewed with the treating clinician."", ""population"": ""Adults and children when prescribed and clinically appropriate"", ""region"": ""Ethiopia: primary care, referral care, and local community settings"", ""safety_notes"": [""Complete the prescribed course unless instructed otherwise"", ""Urgent review is needed for shortness of breath, rash, fainting, confusion, or severe bleeding""], ""source_ref"": ""Ethiopian formulary references; WHO clinical guidance; national medication safety review"", ""evidence_level"": ""Local formulary reference""}"
medication,1.0.0,"Medication effects, interactions, monitoring, adherence, and referral safety.",antibiotics,Antibiotics,Common oral and injectable antibiotics used in Ethiopian primary and referral care.,Infection review|Prescription audit|Antimicrobial education,"{""name"": ""Amoxicillin-Clavulanate 500 mg Syrup"", ""description"": ""Amoxicillin-Clavulanate is used in Ethiopian clinical and community care settings for a clinician-directed indication. This reference supports safe prescribing, adherence review, and interaction checking."", ""drug_class"": ""Essential local formulary reference"", ""indications"": [""Clinician-directed treatment plan"", ""Routine medication review"", ""Safety screening""], ""common_side_effects"": [""Nausea"", ""Dizziness"", ""Mild abdominal discomfort""], ""serious_side_effects"": [""Severe allergic reaction"", ""Persistent vomiting"", ""Severe weakness"", ""Uncontrolled bleeding""], ""monitoring"": [""Dose and timing review"", ""Clinical symptom tracking"", ""Medication interaction screening""], ""contraindications"": [""Known severe allergy"", ""Severe hepatic or renal impairment without clinician review""], ""interactions"": [""Other medicines in the same treatment class"", ""Alcohol where relevant"", ""Traditional preparations without informed review""], ""pregnancy_lactation"": ""Use only when clinically justified and reviewed with the treating clinician."", ""population"": ""Adults and children when prescribed and clinically appropriate"", ""region"": ""Ethiopia: primary care, referral care, and local community settings"", ""safety_notes"": [""Complete the prescribed course unless instructed otherwise"", ""Urgent review is needed for shortness of breath, rash, fainting, confusion, or severe bleeding""], ""source_ref"": ""Ethiopian formulary references; WHO clinical guidance; national medication safety review"", ""evidence_level"": ""Local formulary reference""}"
medication,1.0.0,"Medication effects, interactions, monitoring, adherence, and referral safety.",antibiotics,Antibiotics,Common oral and injectable antibiotics used in Ethiopian primary and referral care.,Infection review|Prescription audit|Antimicrobial education,"{""name"": ""Amoxicillin-Clavulanate 500 mg Injectable"", ""description"": ""Amoxicillin-Clavulanate is used in Ethiopian clinical and community care settings for a clinician-directed indication. This reference supports safe prescribing, adherence review, and interaction checking."", ""drug_class"": ""Essential local formulary reference"", ""indications"": [""Clinician-directed treatment plan"", ""Routine medication review"", ""Safety screening""], ""common_side_effects"": [""Nausea"", ""Dizziness"", ""Mild abdominal discomfort""], ""serious_side_effects"": [""Severe allergic reaction"", ""Persistent vomiting"", ""Severe weakness"", ""Uncontrolled bleeding""], ""monitoring"": [""Dose and timing review"", ""Clinical symptom tracking"", ""Medication interaction screening""], ""contraindications"": [""Known severe allergy"", ""Severe hepatic or renal impairment without clinician review""], ""interactions"": [""Other medicines in the same treatment class"", ""Alcohol where relevant"", ""Traditional preparations without informed review""], ""pregnancy_lactation"": ""Use only when clinically justified and reviewed with the treating clinician."", ""population"": ""Adults and children when prescribed and clinically appropriate"", ""region"": ""Ethiopia: primary care, referral care, and local community settings"", ""safety_notes"": [""Complete the prescribed course unless instructed otherwise"", ""Urgent review is needed for shortness of breath, rash, fainting, confusion, or severe bleeding""], ""source_ref"": ""Ethiopian formulary references; WHO clinical guidance; national medication safety review"", ""evidence_level"": ""Local formulary reference""}"
medication,1.0.0,"Medication effects, interactions, monitoring, adherence, and referral safety.",antibiotics,Antibiotics,Common oral and injectable antibiotics used in Ethiopian primary and referral care.,Infection review|Prescription audit|Antimicrobial education,"{""name"": ""Amoxicillin-Clavulanate 500 mg Oral suspension"", ""description"": ""Amoxicillin-Clavulanate is used in Ethiopian clinical and community care settings for a clinician-directed indication. This reference supports safe prescribing, adherence review, and interaction checking."", ""drug_class"": ""Essential local formulary reference"", ""indications"": [""Clinician-directed treatment plan"", ""Routine medication review"", ""Safety screening""], ""common_side_effects"": [""Nausea"", ""Dizziness"", ""Mild abdominal discomfort""], ""serious_side_effects"": [""Severe allergic reaction"", ""Persistent vomiting"", ""Severe weakness"", ""Uncontrolled bleeding""], ""monitoring"": [""Dose and timing review"", ""Clinical symptom tracking"", ""Medication interaction screening""], ""contraindications"": [""Known severe allergy"", ""Severe hepatic or renal impairment without clinician review""], ""interactions"": [""Other medicines in the same treatment class"", ""Alcohol where relevant"", ""Traditional preparations without informed review""], ""pregnancy_lactation"": ""Use only when clinically justified and reviewed with the treating clinician."", ""population"": ""Adults and children when prescribed and clinically appropriate"", ""region"": ""Ethiopia: primary care, referral care, and local community settings"", ""safety_notes"": [""Complete the prescribed course unless instructed otherwise"", ""Urgent review is needed for shortness of breath, rash, fainting, confusion, or severe bleeding""], ""source_ref"": ""Ethiopian formulary references; WHO clinical guidance; national medication safety review"", ""evidence_level"": ""Local formulary reference""}"
medication,1.0.0,"Medication effects, interactions, monitoring, adherence, and referral safety.",antibiotics,Antibiotics,Common oral and injectable antibiotics used in Ethiopian primary and referral care.,Infection review|Prescription audit|Antimicrobial education,"{""name"": ""Amoxicillin-Clavulanate 500 mg Inhaler"", ""description"": ""Amoxicillin-Clavulanate is used in Ethiopian clinical and community care settings for a clinician-directed indication. This reference supports safe prescribing, adherence review, and interaction checking."", ""drug_class"": ""Essential local formulary reference"", ""indications"": [""Clinician-directed treatment plan"", ""Routine medication review"", ""Safety screening""], ""common_side_effects"": [""Nausea"", ""Dizziness"", ""Mild abdominal discomfort""], ""serious_side_effects"": [""Severe allergic reaction"", ""Persistent vomiting"", ""Severe weakness"", ""Uncontrolled bleeding""], ""monitoring"": [""Dose and timing review"", ""Clinical symptom tracking"", ""Medication interaction screening""], ""contraindications"": [""Known severe allergy"", ""Severe hepatic or renal impairment without clinician review""], ""interactions"": [""Other medicines in the same treatment class"", ""Alcohol where relevant"", ""Traditional preparations without informed review""], ""pregnancy_lactation"": ""Use only when clinically justified and reviewed with the treating clinician."", ""population"": ""Adults and children when prescribed and clinically appropriate"", ""region"": ""Ethiopia: primary care, referral care, and local community settings"", ""safety_notes"": [""Complete the prescribed course unless instructed otherwise"", ""Urgent review is needed for shortness of breath, rash, fainting, confusion, or severe bleeding""], ""source_ref"": ""Ethiopian formulary references; WHO clinical guidance; national medication safety review"", ""evidence_level"": ""Local formulary reference""}"
medication,1.0.0,"Medication effects, interactions, monitoring, adherence, and referral safety.",antibiotics,Antibiotics,Common oral and injectable antibiotics used in Ethiopian primary and referral care.,Infection review|Prescription audit|Antimicrobial education,"{""name"": ""Amoxicillin-Clavulanate 1 g Tablet"", ""description"": ""Amoxicillin-Clavulanate is used in Ethiopian clinical and community care settings for a clinician-directed indication. This reference supports safe prescribing, adherence review, and interaction checking."", ""drug_class"": ""Essential local formulary reference"", ""indications"": [""Clinician-directed treatment plan"", ""Routine medication review"", ""Safety screening""], ""common_side_effects"": [""Nausea"", ""Dizziness"", ""Mild abdominal discomfort""], ""serious_side_effects"": [""Severe allergic reaction"", ""Persistent vomiting"", ""Severe weakness"", ""Uncontrolled bleeding""], ""monitoring"": [""Dose and timing review"", ""Clinical symptom tracking"", ""Medication interaction screening""], ""contraindications"": [""Known severe allergy"", ""Severe hepatic or renal impairment without clinician review""], ""interactions"": [""Other medicines in the same treatment class"", ""Alcohol where relevant"", ""Traditional preparations without informed review""], ""pregnancy_lactation"": ""Use only when clinically justified and reviewed with the treating clinician."", ""population"": ""Adults and children when prescribed and clinically appropriate"", ""region"": ""Ethiopia: primary care, referral care, and local community settings"", ""safety_notes"": [""Complete the prescribed course unless instructed otherwise"", ""Urgent review is needed for shortness of breath, rash, fainting, confusion, or severe bleeding""], ""source_ref"": ""Ethiopian formulary references; WHO clinical guidance; national medication safety review"", ""evidence_level"": ""Local formulary reference""}"
medication,1.0.0,"Medication effects, interactions, monitoring, adherence, and referral safety.",antibiotics,Antibiotics,Common oral and injectable antibiotics used in Ethiopian primary and referral care.,Infection review|Prescription audit|Antimicrobial education,"{""name"": ""Amoxicillin-Clavulanate 1 g Capsule"", ""description"": ""Amoxicillin-Clavulanate is used in Ethiopian clinical and community care settings for a clinician-directed indication. This reference supports safe prescribing, adherence review, and interaction checking."", ""drug_class"": ""Essential local formulary reference"", ""indications"": [""Clinician-directed treatment plan"", ""Routine medication review"", ""Safety screening""], ""common_side_effects"": [""Nausea"", ""Dizziness"", ""Mild abdominal discomfort""], ""serious_side_effects"": [""Severe allergic reaction"", ""Persistent vomiting"", ""Severe weakness"", ""Uncontrolled bleeding""], ""monitoring"": [""Dose and timing review"", ""Clinical symptom tracking"", ""Medication interaction screening""], ""contraindications"": [""Known severe allergy"", ""Severe hepatic or renal impairment without clinician review""], ""interactions"": [""Other medicines in the same treatment class"", ""Alcohol where relevant"", ""Traditional preparations without informed review""], ""pregnancy_lactation"": ""Use only when clinically justified and reviewed with the treating clinician."", ""population"": ""Adults and children when prescribed and clinically appropriate"", ""region"": ""Ethiopia: primary care, referral care, and local community settings"", ""safety_notes"": [""Complete the prescribed course unless instructed otherwise"", ""Urgent review is needed for shortness of breath, rash, fainting, confusion, or severe bleeding""], ""source_ref"": ""Ethiopian formulary references; WHO clinical guidance; national medication safety review"", ""evidence_level"": ""Local formulary reference""}"
medication,1.0.0,"Medication effects, interactions, monitoring, adherence, and referral safety.",antibiotics,Antibiotics,Common oral and injectable antibiotics used in Ethiopian primary and referral care.,Infection review|Prescription audit|Antimicrobial education,"{""name"": ""Amoxicillin-Clavulanate 1 g Syrup"", ""description"": ""Amoxicillin-Clavulanate is used in Ethiopian clinical and community care settings for a clinician-directed indication. This reference supports safe prescribing, adherence review, and interaction checking."", ""drug_class"": ""Essential local formulary reference"", ""indications"": [""Clinician-directed treatment plan"", ""Routine medication review"", ""Safety screening""], ""common_side_effects"": [""Nausea"", ""Dizziness"", ""Mild abdominal discomfort""], ""serious_side_effects"": [""Severe allergic reaction"", ""Persistent vomiting"", ""Severe weakness"", ""Uncontrolled bleeding""], ""monitoring"": [""Dose and timing review"", ""Clinical symptom tracking"", ""Medication interaction screening""], ""contraindications"": [""Known severe allergy"", ""Severe hepatic or renal impairment without clinician review""], ""interactions"": [""Other medicines in the same treatment class"", ""Alcohol where relevant"", ""Traditional preparations without informed review""], ""pregnancy_lactation"": ""Use only when clinically justified and reviewed with the treating clinician."", ""population"": ""Adults and children when prescribed and clinically appropriate"", ""region"": ""Ethiopia: primary care, referral care, and local community settings"", ""safety_notes"": [""Complete the prescribed course unless instructed otherwise"", ""Urgent review is needed for shortness of breath, rash, fainting, confusion, or severe bleeding""], ""source_ref"": ""Ethiopian formulary references; WHO clinical guidance; national medication safety review"", ""evidence_level"": ""Local formulary reference""}"
medication,1.0.0,"Medication effects, interactions, monitoring, adherence, and referral safety.",antibiotics,Antibiotics,Common oral and injectable antibiotics used in Ethiopian primary and referral care.,Infection review|Prescription audit|Antimicrobial education,"{""name"": ""Amoxicillin-Clavulanate 1 g Injectable"", ""description"": ""Amoxicillin-Clavulanate is used in Ethiopian clinical and community care settings for a clinician-directed indication. This reference supports safe prescribing, adherence review, and interaction checking."", ""drug_class"": ""Essential local formulary reference"", ""indications"": [""Clinician-directed treatment plan"", ""Routine medication review"", ""Safety screening""], ""common_side_effects"": [""Nausea"", ""Dizziness"", ""Mild abdominal discomfort""], ""serious_side_effects"": [""Severe allergic reaction"", ""Persistent vomiting"", ""Severe weakness"", ""Uncontrolled bleeding""], ""monitoring"": [""Dose and timing review"", ""Clinical symptom tracking"", ""Medication interaction screening""], ""contraindications"": [""Known severe allergy"", ""Severe hepatic or renal impairment without clinician review""], ""interactions"": [""Other medicines in the same treatment class"", ""Alcohol where relevant"", ""Traditional preparations without informed review""], ""pregnancy_lactation"": ""Use only when clinically justified and reviewed with the treating clinician."", ""population"": ""Adults and children when prescribed and clinically appropriate"", ""region"": ""Ethiopia: primary care, referral care, and local community settings"", ""safety_notes"": [""Complete the prescribed course unless instructed otherwise"", ""Urgent review is needed for shortness of breath, rash, fainting, confusion, or severe bleeding""], ""source_ref"": ""Ethiopian formulary references; WHO clinical guidance; national medication safety review"", ""evidence_level"": ""Local formulary reference""}"
medication,1.0.0,"Medication effects, interactions, monitoring, adherence, and referral safety.",antibiotics,Antibiotics,Common oral and injectable antibiotics used in Ethiopian primary and referral care.,Infection review|Prescription audit|Antimicrobial education,"{""name"": ""Amoxicillin-Clavulanate 1 g Oral suspension"", ""description"": ""Amoxicillin-Clavulanate is used in Ethiopian clinical and community care settings for a clinician-directed indication. This reference supports safe prescribing, adherence review, and interaction checking."", ""drug_class"": ""Essential local formulary reference"", ""indications"": [""Clinician-directed treatment plan"", ""Routine medication review"", ""Safety screening""], ""common_side_effects"": [""Nausea"", ""Dizziness"", ""Mild abdominal discomfort""], ""serious_side_effects"": [""Severe allergic reaction"", ""Persistent vomiting"", ""Severe weakness"", ""Uncontrolled bleeding""], ""monitoring"": [""Dose and timing review"", ""Clinical symptom tracking"", ""Medication interaction screening""], ""contraindications"": [""Known severe allergy"", ""Severe hepatic or renal impairment without clinician review""], ""interactions"": [""Other medicines in the same treatment class"", ""Alcohol where relevant"", ""Traditional preparations without informed review""], ""pregnancy_lactation"": ""Use only when clinically justified and reviewed with the treating clinician."", ""population"": ""Adults and children when prescribed and clinically appropriate"", ""region"": ""Ethiopia: primary care, referral care, and local community settings"", ""safety_notes"": [""Complete the prescribed course unless instructed otherwise"", ""Urgent review is needed for shortness of breath, rash, fainting, confusion, or severe bleeding""], ""source_ref"": ""Ethiopian formulary references; WHO clinical guidance; national medication safety review"", ""evidence_level"": ""Local formulary reference""}"
medication,1.0.0,"Medication effects, interactions, monitoring, adherence, and referral safety.",antibiotics,Antibiotics,Common oral and injectable antibiotics used in Ethiopian primary and referral care.,Infection review|Prescription audit|Antimicrobial education,"{""name"": ""Amoxicillin-Clavulanate 1 g Inhaler"", ""description"": ""Amoxicillin-Clavulanate is used in Ethiopian clinical and community care settings for a clinician-directed indication. This reference supports safe prescribing, adherence review, and interaction checking."", ""drug_class"": ""Essential local formulary reference"", ""indications"": [""Clinician-directed treatment plan"", ""Routine medication review"", ""Safety screening""], ""common_side_effects"": [""Nausea"", ""Dizziness"", ""Mild abdominal discomfort""], ""serious_side_effects"": [""Severe allergic reaction"", ""Persistent vomiting"", ""Severe weakness"", ""Uncontrolled bleeding""], ""monitoring"": [""Dose and timing review"", ""Clinical symptom tracking"", ""Medication interaction screening""], ""contraindications"": [""Known severe allergy"", ""Severe hepatic or renal impairment without clinician review""], ""interactions"": [""Other medicines in the same treatment class"", ""Alcohol where relevant"", ""Traditional preparations without informed review""], ""pregnancy_lactation"": ""Use only when clinically justified and reviewed with the treating clinician."", ""population"": ""Adults and children when prescribed and clinically appropriate"", ""region"": ""Ethiopia: primary care, referral care, and local community settings"", ""safety_notes"": [""Complete the prescribed course unless instructed otherwise"", ""Urgent review is needed for shortness of breath, rash, fainting, confusion, or severe bleeding""], ""source_ref"": ""Ethiopian formulary references; WHO clinical guidance; national medication safety review"", ""evidence_level"": ""Local formulary reference""}"
medication,1.0.0,"Medication effects, interactions, monitoring, adherence, and referral safety.",antibiotics,Antibiotics,Common oral and injectable antibiotics used in Ethiopian primary and referral care.,Infection review|Prescription audit|Antimicrobial education,"{""name"": ""Amoxicillin-Clavulanate 2 g Tablet"", ""description"": ""Amoxicillin-Clavulanate is used in Ethiopian clinical and community care settings for a clinician-directed indication. This reference supports safe prescribing, adherence review, and interaction checking."", ""drug_class"": ""Essential local formulary reference"", ""indications"": [""Clinician-directed treatment plan"", ""Routine medication review"", ""Safety screening""], ""common_side_effects"": [""Nausea"", ""Dizziness"", ""Mild abdominal discomfort""], ""serious_side_effects"": [""Severe allergic reaction"", ""Persistent vomiting"", ""Severe weakness"", ""Uncontrolled bleeding""], ""monitoring"": [""Dose and timing review"", ""Clinical symptom tracking"", ""Medication interaction screening""], ""contraindications"": [""Known severe allergy"", ""Severe hepatic or renal impairment without clinician review""], ""interactions"": [""Other medicines in the same treatment class"", ""Alcohol where relevant"", ""Traditional preparations without informed review""], ""pregnancy_lactation"": ""Use only when clinically justified and reviewed with the treating clinician."", ""population"": ""Adults and children when prescribed and clinically appropriate"", ""region"": ""Ethiopia: primary care, referral care, and local community settings"", ""safety_notes"": [""Complete the prescribed course unless instructed otherwise"", ""Urgent review is needed for shortness of breath, rash, fainting, confusion, or severe bleeding""], ""source_ref"": ""Ethiopian formulary references; WHO clinical guidance; national medication safety review"", ""evidence_level"": ""Local formulary reference""}"
medication,1.0.0,"Medication effects, interactions, monitoring, adherence, and referral safety.",antibiotics,Antibiotics,Common oral and injectable antibiotics used in Ethiopian primary and referral care.,Infection review|Prescription audit|Antimicrobial education,"{""name"": ""Amoxicillin-Clavulanate 2 g Capsule"", ""description"": ""Amoxicillin-Clavulanate is used in Ethiopian clinical and community care settings for a clinician-directed indication. This reference supports safe prescribing, adherence review, and interaction checking."", ""drug_class"": ""Essential local formulary reference"", ""indications"": [""Clinician-directed treatment plan"", ""Routine medication review"", ""Safety screening""], ""common_side_effects"": [""Nausea"", ""Dizziness"", ""Mild abdominal discomfort""], ""serious_side_effects"": [""Severe allergic reaction"", ""Persistent vomiting"", ""Severe weakness"", ""Uncontrolled bleeding""], ""monitoring"": [""Dose and timing review"", ""Clinical symptom tracking"", ""Medication interaction screening""], ""contraindications"": [""Known severe allergy"", ""Severe hepatic or renal impairment without clinician review""], ""interactions"": [""Other medicines in the same treatment class"", ""Alcohol where relevant"", ""Traditional preparations without informed review""], ""pregnancy_lactation"": ""Use only when clinically justified and reviewed with the treating clinician."", ""population"": ""Adults and children when prescribed and clinically appropriate"", ""region"": ""Ethiopia: primary care, referral care, and local community settings"", ""safety_notes"": [""Complete the prescribed course unless instructed otherwise"", ""Urgent review is needed for shortness of breath, rash, fainting, confusion, or severe bleeding""], ""source_ref"": ""Ethiopian formulary references; WHO clinical guidance; national medication safety review"", ""evidence_level"": ""Local formulary reference""}"
medication,1.0.0,"Medication effects, interactions, monitoring, adherence, and referral safety.",antibiotics,Antibiotics,Common oral and injectable antibiotics used in Ethiopian primary and referral care.,Infection review|Prescription audit|Antimicrobial education,"{""name"": ""Amoxicillin-Clavulanate 2 g Syrup"", ""description"": ""Amoxicillin-Clavulanate is used in Ethiopian clinical and community care settings for a clinician-directed indication. This reference supports safe prescribing, adherence review, and interaction checking."", ""drug_class"": ""Essential local formulary reference"", ""indications"": [""Clinician-directed treatment plan"", ""Routine medication review"", ""Safety screening""], ""common_side_effects"": [""Nausea"", ""Dizziness"", ""Mild abdominal discomfort""], ""serious_side_effects"": [""Severe allergic reaction"", ""Persistent vomiting"", ""Severe weakness"", ""Uncontrolled bleeding""], ""monitoring"": [""Dose and timing review"", ""Clinical symptom tracking"", ""Medication interaction screening""], ""contraindications"": [""Known severe allergy"", ""Severe hepatic or renal impairment without clinician review""], ""interactions"": [""Other medicines in the same treatment class"", ""Alcohol where relevant"", ""Traditional preparations without informed review""], ""pregnancy_lactation"": ""Use only when clinically justified and reviewed with the treating clinician."", ""population"": ""Adults and children when prescribed and clinically appropriate"", ""region"": ""Ethiopia: primary care, referral care, and local community settings"", ""safety_notes"": [""Complete the prescribed course unless instructed otherwise"", ""Urgent review is needed for shortness of breath, rash, fainting, confusion, or severe bleeding""], ""source_ref"": ""Ethiopian formulary references; WHO clinical guidance; national medication safety review"", ""evidence_level"": ""Local formulary reference""}"
medication,1.0.0,"Medication effects, interactions, monitoring, adherence, and referral safety.",antibiotics,Antibiotics,Common oral and injectable antibiotics used in Ethiopian primary and referral care.,Infection review|Prescription audit|Antimicrobial education,"{""name"": ""Amoxicillin-Clavulanate 2 g Injectable"", ""description"": ""Amoxicillin-Clavulanate is used in Ethiopian clinical and community care settings for a clinician-directed indication. This reference supports safe prescribing, adherence review, and interaction checking."", ""drug_class"": ""Essential local formulary reference"", ""indications"": [""Clinician-directed treatment plan"", ""Routine medication review"", ""Safety screening""], ""common_side_effects"": [""Nausea"", ""Dizziness"", ""Mild abdominal discomfort""], ""serious_side_effects"": [""Severe allergic reaction"", ""Persistent vomiting"", ""Severe weakness"", ""Uncontrolled bleeding""], ""monitoring"": [""Dose and timing review"", ""Clinical symptom tracking"", ""Medication interaction screening""], ""contraindications"": [""Known severe allergy"", ""Severe hepatic or renal impairment without clinician review""], ""interactions"": [""Other medicines in the same treatment class"", ""Alcohol where relevant"", ""Traditional preparations without informed review""], ""pregnancy_lactation"": ""Use only when clinically justified and reviewed with the treating clinician."", ""population"": ""Adults and children when prescribed and clinically appropriate"", ""region"": ""Ethiopia: primary care, referral care, and local community settings"", ""safety_notes"": [""Complete the prescribed course unless instructed otherwise"", ""Urgent review is needed for shortness of breath, rash, fainting, confusion, or severe bleeding""], ""source_ref"": ""Ethiopian formulary references; WHO clinical guidance; national medication safety review"", ""evidence_level"": ""Local formulary reference""}"
medication,1.0.0,"Medication effects, interactions, monitoring, adherence, and referral safety.",antibiotics,Antibiotics,Common oral and injectable antibiotics used in Ethiopian primary and referral care.,Infection review|Prescription audit|Antimicrobial education,"{""name"": ""Amoxicillin-Clavulanate 2 g Oral suspension"", ""description"": ""Amoxicillin-Clavulanate is used in Ethiopian clinical and community care settings for a clinician-directed indication. This reference supports safe prescribing, adherence review, and interaction checking."", ""drug_class"": ""Essential local formulary reference"", ""indications"": [""Clinician-directed treatment plan"", ""Routine medication review"", ""Safety screening""], ""common_side_effects"": [""Nausea"", ""Dizziness"", ""Mild abdominal discomfort""], ""serious_side_effects"": [""Severe allergic reaction"", ""Persistent vomiting"", ""Severe weakness"", ""Uncontrolled bleeding""], ""monitoring"": [""Dose and timing review"", ""Clinical symptom tracking"", ""Medication interaction screening""], ""contraindications"": [""Known severe allergy"", ""Severe hepatic or renal impairment without clinician review""], ""interactions"": [""Other medicines in the same treatment class"", ""Alcohol where relevant"", ""Traditional preparations without informed review""], ""pregnancy_lactation"": ""Use only when clinically justified and reviewed with the treating clinician."", ""population"": ""Adults and children when prescribed and clinically appropriate"", ""region"": ""Ethiopia: primary care, referral care, and local community settings"", ""safety_notes"": [""Complete the prescribed course unless instructed otherwise"", ""Urgent review is needed for shortness of breath, rash, fainting, confusion, or severe bleeding""], ""source_ref"": ""Ethiopian formulary references; WHO clinical guidance; national medication safety review"", ""evidence_level"": ""Local formulary reference""}"
medication,1.0.0,"Medication effects, interactions, monitoring, adherence, and referral safety.",antibiotics,Antibiotics,Common oral and injectable antibiotics used in Ethiopian primary and referral care.,Infection review|Prescription audit|Antimicrobial education,"{""name"": ""Amoxicillin-Clavulanate 2 g Inhaler"", ""description"": ""Amoxicillin-Clavulanate is used in Ethiopian clinical and community care settings for a clinician-directed indication. This reference supports safe prescribing, adherence review, and interaction checking."", ""drug_class"": ""Essential local formulary reference"", ""indications"": [""Clinician-directed treatment plan"", ""Routine medication review"", ""Safety screening""], ""common_side_effects"": [""Nausea"", ""Dizziness"", ""Mild abdominal discomfort""], ""serious_side_effects"": [""Severe allergic reaction"", ""Persistent vomiting"", ""Severe weakness"", ""Uncontrolled bleeding""], ""monitoring"": [""Dose and timing review"", ""Clinical symptom tracking"", ""Medication interaction screening""], ""contraindications"": [""Known severe allergy"", ""Severe hepatic or renal impairment without clinician review""], ""interactions"": [""Other medicines in the same treatment class"", ""Alcohol where relevant"", ""Traditional preparations without informed review""], ""pregnancy_lactation"": ""Use only when clinically justified and reviewed with the treating clinician."", ""population"": ""Adults and children when prescribed and clinically appropriate"", ""region"": ""Ethiopia: primary care, referral care, and local community settings"", ""safety_notes"": [""Complete the prescribed course unless instructed otherwise"", ""Urgent review is needed for shortness of breath, rash, fainting, confusion, or severe bleeding""], ""source_ref"": ""Ethiopian formulary references; WHO clinical guidance; national medication safety review"", ""evidence_level"": ""Local formulary reference""}"
medication,1.0.0,"Medication effects, interactions, monitoring, adherence, and referral safety.",antibiotics,Antibiotics,Common oral and injectable antibiotics used in Ethiopian primary and referral care.,Infection review|Prescription audit|Antimicrobial education,"{""name"": ""Azithromycin 5 mg Tablet"", ""description"": ""Azithromycin is used in Ethiopian clinical and community care settings for a clinician-directed indication. This reference supports safe prescribing, adherence review, and interaction checking."", ""drug_class"": ""Essential local formulary reference"", ""indications"": [""Clinician-directed treatment plan"", ""Routine medication review"", ""Safety screening""], ""common_side_effects"": [""Nausea"", ""Dizziness"", ""Mild abdominal discomfort""], ""serious_side_effects"": [""Severe allergic reaction"", ""Persistent vomiting"", ""Severe weakness"", ""Uncontrolled bleeding""], ""monitoring"": [""Dose and timing review"", ""Clinical symptom tracking"", ""Medication interaction screening""], ""contraindications"": [""Known severe allergy"", ""Severe hepatic or renal impairment without clinician review""], ""interactions"": [""Other medicines in the same treatment class"", ""Alcohol where relevant"", ""Traditional preparations without informed review""], ""pregnancy_lactation"": ""Use only when clinically justified and reviewed with the treating clinician."", ""population"": ""Adults and children when prescribed and clinically appropriate"", ""region"": ""Ethiopia: primary care, referral care, and local community settings"", ""safety_notes"": [""Complete the prescribed course unless instructed otherwise"", ""Urgent review is needed for shortness of breath, rash, fainting, confusion, or severe bleeding""], ""source_ref"": ""Ethiopian formulary references; WHO clinical guidance; national medication safety review"", ""evidence_level"": ""Local formulary reference""}"
medication,1.0.0,"Medication effects, interactions, monitoring, adherence, and referral safety.",antibiotics,Antibiotics,Common oral and injectable antibiotics used in Ethiopian primary and referral care.,Infection review|Prescription audit|Antimicrobial education,"{""name"": ""Azithromycin 5 mg Capsule"", ""description"": ""Azithromycin is used in Ethiopian clinical and community care settings for a clinician-directed indication. This reference supports safe prescribing, adherence review, and interaction checking."", ""drug_class"": ""Essential local formulary reference"", ""indications"": [""Clinician-directed treatment plan"", ""Routine medication review"", ""Safety screening""], ""common_side_effects"": [""Nausea"", ""Dizziness"", ""Mild abdominal discomfort""], ""serious_side_effects"": [""Severe allergic reaction"", ""Persistent vomiting"", ""Severe weakness"", ""Uncontrolled bleeding""], ""monitoring"": [""Dose and timing review"", ""Clinical symptom tracking"", ""Medication interaction screening""], ""contraindications"": [""Known severe allergy"", ""Severe hepatic or renal impairment without clinician review""], ""interactions"": [""Other medicines in the same treatment class"", ""Alcohol where relevant"", ""Traditional preparations without informed review""], ""pregnancy_lactation"": ""Use only when clinically justified and reviewed with the treating clinician."", ""population"": ""Adults and children when prescribed and clinically appropriate"", ""region"": ""Ethiopia: primary care, referral care, and local community settings"", ""safety_notes"": [""Complete the prescribed course unless instructed otherwise"", ""Urgent review is needed for shortness of breath, rash, fainting, confusion, or severe bleeding""], ""source_ref"": ""Ethiopian formulary references; WHO clinical guidance; national medication safety review"", ""evidence_level"": ""Local formulary reference""}"
medication,1.0.0,"Medication effects, interactions, monitoring, adherence, and referral safety.",antibiotics,Antibiotics,Common oral and injectable antibiotics used in Ethiopian primary and referral care.,Infection review|Prescription audit|Antimicrobial education,"{""name"": ""Azithromycin 5 mg Syrup"", ""description"": ""Azithromycin is used in Ethiopian clinical and community care settings for a clinician-directed indication. This reference supports safe prescribing, adherence review, and interaction checking."", ""drug_class"": ""Essential local formulary reference"", ""indications"": [""Clinician-directed treatment plan"", ""Routine medication review"", ""Safety screening""], ""common_side_effects"": [""Nausea"", ""Dizziness"", ""Mild abdominal discomfort""], ""serious_side_effects"": [""Severe allergic reaction"", ""Persistent vomiting"", ""Severe weakness"", ""Uncontrolled bleeding""], ""monitoring"": [""Dose and timing review"", ""Clinical symptom tracking"", ""Medication interaction screening""], ""contraindications"": [""Known severe allergy"", ""Severe hepatic or renal impairment without clinician review""], ""interactions"": [""Other medicines in the same treatment class"", ""Alcohol where relevant"", ""Traditional preparations without informed review""], ""pregnancy_lactation"": ""Use only when clinically justified and reviewed with the treating clinician."", ""population"": ""Adults and children when prescribed and clinically appropriate"", ""region"": ""Ethiopia: primary care, referral care, and local community settings"", ""safety_notes"": [""Complete the prescribed course unless instructed otherwise"", ""Urgent review is needed for shortness of breath, rash, fainting, confusion, or severe bleeding""], ""source_ref"": ""Ethiopian formulary references; WHO clinical guidance; national medication safety review"", ""evidence_level"": ""Local formulary reference""}"
medication,1.0.0,"Medication effects, interactions, monitoring, adherence, and referral safety.",antibiotics,Antibiotics,Common oral and injectable antibiotics used in Ethiopian primary and referral care.,Infection review|Prescription audit|Antimicrobial education,"{""name"": ""Azithromycin 5 mg Injectable"", ""description"": ""Azithromycin is used in Ethiopian clinical and community care settings for a clinician-directed indication. This reference supports safe prescribing, adherence review, and interaction checking."", ""drug_class"": ""Essential local formulary reference"", ""indications"": [""Clinician-directed treatment plan"", ""Routine medication review"", ""Safety screening""], ""common_side_effects"": [""Nausea"", ""Dizziness"", ""Mild abdominal discomfort""], ""serious_side_effects"": [""Severe allergic reaction"", ""Persistent vomiting"", ""Severe weakness"", ""Uncontrolled bleeding""], ""monitoring"": [""Dose and timing review"", ""Clinical symptom tracking"", ""Medication interaction screening""], ""contraindications"": [""Known severe allergy"", ""Severe hepatic or renal impairment without clinician review""], ""interactions"": [""Other medicines in the same treatment class"", ""Alcohol where relevant"", ""Traditional preparations without informed review""], ""pregnancy_lactation"": ""Use only when clinically justified and reviewed with the treating clinician."", ""population"": ""Adults and children when prescribed and clinically appropriate"", ""region"": ""Ethiopia: primary care, referral care, and local community settings"", ""safety_notes"": [""Complete the prescribed course unless instructed otherwise"", ""Urgent review is needed for shortness of breath, rash, fainting, confusion, or severe bleeding""], ""source_ref"": ""Ethiopian formulary references; WHO clinical guidance; national medication safety review"", ""evidence_level"": ""Local formulary reference""}"
medication,1.0.0,"Medication effects, interactions, monitoring, adherence, and referral safety.",antibiotics,Antibiotics,Common oral and injectable antibiotics used in Ethiopian primary and referral care.,Infection review|Prescription audit|Antimicrobial education,"{""name"": ""Azithromycin 5 mg Oral suspension"", ""description"": ""Azithromycin is used in Ethiopian clinical and community care settings for a clinician-directed indication. This reference supports safe prescribing, adherence review, and interaction checking."", ""drug_class"": ""Essential local formulary reference"", ""indications"": [""Clinician-directed treatment plan"", ""Routine medication review"", ""Safety screening""], ""common_side_effects"": [""Nausea"", ""Dizziness"", ""Mild abdominal discomfort""], ""serious_side_effects"": [""Severe allergic reaction"", ""Persistent vomiting"", ""Severe weakness"", ""Uncontrolled bleeding""], ""monitoring"": [""Dose and timing review"", ""Clinical symptom tracking"", ""Medication interaction screening""], ""contraindications"": [""Known severe allergy"", ""Severe hepatic or renal impairment without clinician review""], ""interactions"": [""Other medicines in the same treatment class"", ""Alcohol where relevant"", ""Traditional preparations without informed review""], ""pregnancy_lactation"": ""Use only when clinically justified and reviewed with the treating clinician."", ""population"": ""Adults and children when prescribed and clinically appropriate"", ""region"": ""Ethiopia: primary care, referral care, and local community settings"", ""safety_notes"": [""Complete the prescribed course unless instructed otherwise"", ""Urgent review is needed for shortness of breath, rash, fainting, confusion, or severe bleeding""], ""source_ref"": ""Ethiopian formulary references; WHO clinical guidance; national medication safety review"", ""evidence_level"": ""Local formulary reference""}"
medication,1.0.0,"Medication effects, interactions, monitoring, adherence, and referral safety.",antibiotics,Antibiotics,Common oral and injectable antibiotics used in Ethiopian primary and referral care.,Infection review|Prescription audit|Antimicrobial education,"{""name"": ""Azithromycin 5 mg Inhaler"", ""description"": ""Azithromycin is used in Ethiopian clinical and community care settings for a clinician-directed indication. This reference supports safe prescribing, adherence review, and interaction checking."", ""drug_class"": ""Essential local formulary reference"", ""indications"": [""Clinician-directed treatment plan"", ""Routine medication review"", ""Safety screening""], ""common_side_effects"": [""Nausea"", ""Dizziness"", ""Mild abdominal discomfort""], ""serious_side_effects"": [""Severe allergic reaction"", ""Persistent vomiting"", ""Severe weakness"", ""Uncontrolled bleeding""], ""monitoring"": [""Dose and timing review"", ""Clinical symptom tracking"", ""Medication interaction screening""], ""contraindications"": [""Known severe allergy"", ""Severe hepatic or renal impairment without clinician review""], ""interactions"": [""Other medicines in the same treatment class"", ""Alcohol where relevant"", ""Traditional preparations without informed review""], ""pregnancy_lactation"": ""Use only when clinically justified and reviewed with the treating clinician."", ""population"": ""Adults and children when prescribed and clinically appropriate"", ""region"": ""Ethiopia: primary care, referral care, and local community settings"", ""safety_notes"": [""Complete the prescribed course unless instructed otherwise"", ""Urgent review is needed for shortness of breath, rash, fainting, confusion, or severe bleeding""], ""source_ref"": ""Ethiopian formulary references; WHO clinical guidance; national medication safety review"", ""evidence_level"": ""Local formulary reference""}"
medication,1.0.0,"Medication effects, interactions, monitoring, adherence, and referral safety.",antibiotics,Antibiotics,Common oral and injectable antibiotics used in Ethiopian primary and referral care.,Infection review|Prescription audit|Antimicrobial education,"{""name"": ""Azithromycin 10 mg Tablet"", ""description"": ""Azithromycin is used in Ethiopian clinical and community care settings for a clinician-directed indication. This reference supports safe prescribing, adherence review, and interaction checking."", ""drug_class"": ""Essential local formulary reference"", ""indications"": [""Clinician-directed treatment plan"", ""Routine medication review"", ""Safety screening""], ""common_side_effects"": [""Nausea"", ""Dizziness"", ""Mild abdominal discomfort""], ""serious_side_effects"": [""Severe allergic reaction"", ""Persistent vomiting"", ""Severe weakness"", ""Uncontrolled bleeding""], ""monitoring"": [""Dose and timing review"", ""Clinical symptom tracking"", ""Medication interaction screening""], ""contraindications"": [""Known severe allergy"", ""Severe hepatic or renal impairment without clinician review""], ""interactions"": [""Other medicines in the same treatment class"", ""Alcohol where relevant"", ""Traditional preparations without informed review""], ""pregnancy_lactation"": ""Use only when clinically justified and reviewed with the treating clinician."", ""population"": ""Adults and children when prescribed and clinically appropriate"", ""region"": ""Ethiopia: primary care, referral care, and local community settings"", ""safety_notes"": [""Complete the prescribed course unless instructed otherwise"", ""Urgent review is needed for shortness of breath, rash, fainting, confusion, or severe bleeding""], ""source_ref"": ""Ethiopian formulary references; WHO clinical guidance; national medication safety review"", ""evidence_level"": ""Local formulary reference""}"
medication,1.0.0,"Medication effects, interactions, monitoring, adherence, and referral safety.",antibiotics,Antibiotics,Common oral and injectable antibiotics used in Ethiopian primary and referral care.,Infection review|Prescription audit|Antimicrobial education,"{""name"": ""Azithromycin 10 mg Capsule"", ""description"": ""Azithromycin is used in Ethiopian clinical and community care settings for a clinician-directed indication. This reference supports safe prescribing, adherence review, and interaction checking."", ""drug_class"": ""Essential local formulary reference"", ""indications"": [""Clinician-directed treatment plan"", ""Routine medication review"", ""Safety screening""], ""common_side_effects"": [""Nausea"", ""Dizziness"", ""Mild abdominal discomfort""], ""serious_side_effects"": [""Severe allergic reaction"", ""Persistent vomiting"", ""Severe weakness"", ""Uncontrolled bleeding""], ""monitoring"": [""Dose and timing review"", ""Clinical symptom tracking"", ""Medication interaction screening""], ""contraindications"": [""Known severe allergy"", ""Severe hepatic or renal impairment without clinician review""], ""interactions"": [""Other medicines in the same treatment class"", ""Alcohol where relevant"", ""Traditional preparations without informed review""], ""pregnancy_lactation"": ""Use only when clinically justified and reviewed with the treating clinician."", ""population"": ""Adults and children when prescribed and clinically appropriate"", ""region"": ""Ethiopia: primary care, referral care, and local community settings"", ""safety_notes"": [""Complete the prescribed course unless instructed otherwise"", ""Urgent review is needed for shortness of breath, rash, fainting, confusion, or severe bleeding""], ""source_ref"": ""Ethiopian formulary references; WHO clinical guidance; national medication safety review"", ""evidence_level"": ""Local formulary reference""}"
medication,1.0.0,"Medication effects, interactions, monitoring, adherence, and referral safety.",antibiotics,Antibiotics,Common oral and injectable antibiotics used in Ethiopian primary and referral care.,Infection review|Prescription audit|Antimicrobial education,"{""name"": ""Azithromycin 10 mg Syrup"", ""description"": ""Azithromycin is used in Ethiopian clinical and community care settings for a clinician-directed indication. This reference supports safe prescribing, adherence review, and interaction checking."", ""drug_class"": ""Essential local formulary reference"", ""indications"": [""Clinician-directed treatment plan"", ""Routine medication review"", ""Safety screening""], ""common_side_effects"": [""Nausea"", ""Dizziness"", ""Mild abdominal discomfort""], ""serious_side_effects"": [""Severe allergic reaction"", ""Persistent vomiting"", ""Severe weakness"", ""Uncontrolled bleeding""], ""monitoring"": [""Dose and timing review"", ""Clinical symptom tracking"", ""Medication interaction screening""], ""contraindications"": [""Known severe allergy"", ""Severe hepatic or renal impairment without clinician review""], ""interactions"": [""Other medicines in the same treatment class"", ""Alcohol where relevant"", ""Traditional preparations without informed review""], ""pregnancy_lactation"": ""Use only when clinically justified and reviewed with the treating clinician."", ""population"": ""Adults and children when prescribed and clinically appropriate"", ""region"": ""Ethiopia: primary care, referral care, and local community settings"", ""safety_notes"": [""Complete the prescribed course unless instructed otherwise"", ""Urgent review is needed for shortness of breath, rash, fainting, confusion, or severe bleeding""], ""source_ref"": ""Ethiopian formulary references; WHO clinical guidance; national medication safety review"", ""evidence_level"": ""Local formulary reference""}"
medication,1.0.0,"Medication effects, interactions, monitoring, adherence, and referral safety.",antibiotics,Antibiotics,Common oral and injectable antibiotics used in Ethiopian primary and referral care.,Infection review|Prescription audit|Antimicrobial education,"{""name"": ""Azithromycin 10 mg Injectable"", ""description"": ""Azithromycin is used in Ethiopian clinical and community care settings for a clinician-directed indication. This reference supports safe prescribing, adherence review, and interaction checking."", ""drug_class"": ""Essential local formulary reference"", ""indications"": [""Clinician-directed treatment plan"", ""Routine medication review"", ""Safety screening""], ""common_side_effects"": [""Nausea"", ""Dizziness"", ""Mild abdominal discomfort""], ""serious_side_effects"": [""Severe allergic reaction"", ""Persistent vomiting"", ""Severe weakness"", ""Uncontrolled bleeding""], ""monitoring"": [""Dose and timing review"", ""Clinical symptom tracking"", ""Medication interaction screening""], ""contraindications"": [""Known severe allergy"", ""Severe hepatic or renal impairment without clinician review""], ""interactions"": [""Other medicines in the same treatment class"", ""Alcohol where relevant"", ""Traditional preparations without informed review""], ""pregnancy_lactation"": ""Use only when clinically justified and reviewed with the treating clinician."", ""population"": ""Adults and children when prescribed and clinically appropriate"", ""region"": ""Ethiopia: primary care, referral care, and local community settings"", ""safety_notes"": [""Complete the prescribed course unless instructed otherwise"", ""Urgent review is needed for shortness of breath, rash, fainting, confusion, or severe bleeding""], ""source_ref"": ""Ethiopian formulary references; WHO clinical guidance; national medication safety review"", ""evidence_level"": ""Local formulary reference""}"
medication,1.0.0,"Medication effects, interactions, monitoring, adherence, and referral safety.",antibiotics,Antibiotics,Common oral and injectable antibiotics used in Ethiopian primary and referral care.,Infection review|Prescription audit|Antimicrobial education,"{""name"": ""Azithromycin 10 mg Oral suspension"", ""description"": ""Azithromycin is used in Ethiopian clinical and community care settings for a clinician-directed indication. This reference supports safe prescribing, adherence review, and interaction checking."", ""drug_class"": ""Essential local formulary reference"", ""indications"": [""Clinician-directed treatment plan"", ""Routine medication review"", ""Safety screening""], ""common_side_effects"": [""Nausea"", ""Dizziness"", ""Mild abdominal discomfort""], ""serious_side_effects"": [""Severe allergic reaction"", ""Persistent vomiting"", ""Severe weakness"", ""Uncontrolled bleeding""], ""monitoring"": [""Dose and timing review"", ""Clinical symptom tracking"", ""Medication interaction screening""], ""contraindications"": [""Known severe allergy"", ""Severe hepatic or renal impairment without clinician review""], ""interactions"": [""Other medicines in the same treatment class"", ""Alcohol where relevant"", ""Traditional preparations without informed review""], ""pregnancy_lactation"": ""Use only when clinically justified and reviewed with the treating clinician."", ""population"": ""Adults and children when prescribed and clinically appropriate"", ""region"": ""Ethiopia: primary care, referral care, and local community settings"", ""safety_notes"": [""Complete the prescribed course unless instructed otherwise"", ""Urgent review is needed for shortness of breath, rash, fainting, confusion, or severe bleeding""], ""source_ref"": ""Ethiopian formulary references; WHO clinical guidance; national medication safety review"", ""evidence_level"": ""Local formulary reference""}"
medication,1.0.0,"Medication effects, interactions, monitoring, adherence, and referral safety.",antibiotics,Antibiotics,Common oral and injectable antibiotics used in Ethiopian primary and referral care.,Infection review|Prescription audit|Antimicrobial education,"{""name"": ""Azithromycin 10 mg Inhaler"", ""description"": ""Azithromycin is used in Ethiopian clinical and community care settings for a clinician-directed indication. This reference supports safe prescribing, adherence review, and interaction checking."", ""drug_class"": ""Essential local formulary reference"", ""indications"": [""Clinician-directed treatment plan"", ""Routine medication review"", ""Safety screening""], ""common_side_effects"": [""Nausea"", ""Dizziness"", ""Mild abdominal discomfort""], ""serious_side_effects"": [""Severe allergic reaction"", ""Persistent vomiting"", ""Severe weakness"", ""Uncontrolled bleeding""], ""monitoring"": [""Dose and timing review"", ""Clinical symptom tracking"", ""Medication interaction screening""], ""contraindications"": [""Known severe allergy"", ""Severe hepatic or renal impairment without clinician review""], ""interactions"": [""Other medicines in the same treatment class"", ""Alcohol where relevant"", ""Traditional preparations without informed review""], ""pregnancy_lactation"": ""Use only when clinically justified and reviewed with the treating clinician."", ""population"": ""Adults and children when prescribed and clinically appropriate"", ""region"": ""Ethiopia: primary care, referral care, and local community settings"", ""safety_notes"": [""Complete the prescribed course unless instructed otherwise"", ""Urgent review is needed for shortness of breath, rash, fainting, confusion, or severe bleeding""], ""source_ref"": ""Ethiopian formulary references; WHO clinical guidance; national medication safety review"", ""evidence_level"": ""Local formulary reference""}"
medication,1.0.0,"Medication effects, interactions, monitoring, adherence, and referral safety.",antibiotics,Antibiotics,Common oral and injectable antibiotics used in Ethiopian primary and referral care.,Infection review|Prescription audit|Antimicrobial education,"{""name"": ""Azithromycin 25 mg Tablet"", ""description"": ""Azithromycin is used in Ethiopian clinical and community care settings for a clinician-directed indication. This reference supports safe prescribing, adherence review, and interaction checking."", ""drug_class"": ""Essential local formulary reference"", ""indications"": [""Clinician-directed treatment plan"", ""Routine medication review"", ""Safety screening""], ""common_side_effects"": [""Nausea"", ""Dizziness"", ""Mild abdominal discomfort""], ""serious_side_effects"": [""Severe allergic reaction"", ""Persistent vomiting"", ""Severe weakness"", ""Uncontrolled bleeding""], ""monitoring"": [""Dose and timing review"", ""Clinical symptom tracking"", ""Medication interaction screening""], ""contraindications"": [""Known severe allergy"", ""Severe hepatic or renal impairment without clinician review""], ""interactions"": [""Other medicines in the same treatment class"", ""Alcohol where relevant"", ""Traditional preparations without informed review""], ""pregnancy_lactation"": ""Use only when clinically justified and reviewed with the treating clinician."", ""population"": ""Adults and children when prescribed and clinically appropriate"", ""region"": ""Ethiopia: primary care, referral care, and local community settings"", ""safety_notes"": [""Complete the prescribed course unless instructed otherwise"", ""Urgent review is needed for shortness of breath, rash, fainting, confusion, or severe bleeding""], ""source_ref"": ""Ethiopian formulary references; WHO clinical guidance; national medication safety review"", ""evidence_level"": ""Local formulary reference""}"
medication,1.0.0,"Medication effects, interactions, monitoring, adherence, and referral safety.",antibiotics,Antibiotics,Common oral and injectable antibiotics used in Ethiopian primary and referral care.,Infection review|Prescription audit|Antimicrobial education,"{""name"": ""Azithromycin 25 mg Capsule"", ""description"": ""Azithromycin is used in Ethiopian clinical and community care settings for a clinician-directed indication. This reference supports safe prescribing, adherence review, and interaction checking."", ""drug_class"": ""Essential local formulary reference"", ""indications"": [""Clinician-directed treatment plan"", ""Routine medication review"", ""Safety screening""], ""common_side_effects"": [""Nausea"", ""Dizziness"", ""Mild abdominal discomfort""], ""serious_side_effects"": [""Severe allergic reaction"", ""Persistent vomiting"", ""Severe weakness"", ""Uncontrolled bleeding""], ""monitoring"": [""Dose and timing review"", ""Clinical symptom tracking"", ""Medication interaction screening""], ""contraindications"": [""Known severe allergy"", ""Severe hepatic or renal impairment without clinician review""], ""interactions"": [""Other medicines in the same treatment class"", ""Alcohol where relevant"", ""Traditional preparations without informed review""], ""pregnancy_lactation"": ""Use only when clinically justified and reviewed with the treating clinician."", ""population"": ""Adults and children when prescribed and clinically appropriate"", ""region"": ""Ethiopia: primary care, referral care, and local community settings"", ""safety_notes"": [""Complete the prescribed course unless instructed otherwise"", ""Urgent review is needed for shortness of breath, rash, fainting, confusion, or severe bleeding""], ""source_ref"": ""Ethiopian formulary references; WHO clinical guidance; national medication safety review"", ""evidence_level"": ""Local formulary reference""}"
medication,1.0.0,"Medication effects, interactions, monitoring, adherence, and referral safety.",antibiotics,Antibiotics,Common oral and injectable antibiotics used in Ethiopian primary and referral care.,Infection review|Prescription audit|Antimicrobial education,"{""name"": ""Azithromycin 25 mg Syrup"", ""description"": ""Azithromycin is used in Ethiopian clinical and community care settings for a clinician-directed indication. This reference supports safe prescribing, adherence review, and interaction checking."", ""drug_class"": ""Essential local formulary reference"", ""indications"": [""Clinician-directed treatment plan"", ""Routine medication review"", ""Safety screening""], ""common_side_effects"": [""Nausea"", ""Dizziness"", ""Mild abdominal discomfort""], ""serious_side_effects"": [""Severe allergic reaction"", ""Persistent vomiting"", ""Severe weakness"", ""Uncontrolled bleeding""], ""monitoring"": [""Dose and timing review"", ""Clinical symptom tracking"", ""Medication interaction screening""], ""contraindications"": [""Known severe allergy"", ""Severe hepatic or renal impairment without clinician review""], ""interactions"": [""Other medicines in the same treatment class"", ""Alcohol where relevant"", ""Traditional preparations without informed review""], ""pregnancy_lactation"": ""Use only when clinically justified and reviewed with the treating clinician."", ""population"": ""Adults and children when prescribed and clinically appropriate"", ""region"": ""Ethiopia: primary care, referral care, and local community settings"", ""safety_notes"": [""Complete the prescribed course unless instructed otherwise"", ""Urgent review is needed for shortness of breath, rash, fainting, confusion, or severe bleeding""], ""source_ref"": ""Ethiopian formulary references; WHO clinical guidance; national medication safety review"", ""evidence_level"": ""Local formulary reference""}"
medication,1.0.0,"Medication effects, interactions, monitoring, adherence, and referral safety.",antibiotics,Antibiotics,Common oral and injectable antibiotics used in Ethiopian primary and referral care.,Infection review|Prescription audit|Antimicrobial education,"{""name"": ""Azithromycin 25 mg Injectable"", ""description"": ""Azithromycin is used in Ethiopian clinical and community care settings for a clinician-directed indication. This reference supports safe prescribing, adherence review, and interaction checking."", ""drug_class"": ""Essential local formulary reference"", ""indications"": [""Clinician-directed treatment plan"", ""Routine medication review"", ""Safety screening""], ""common_side_effects"": [""Nausea"", ""Dizziness"", ""Mild abdominal discomfort""], ""serious_side_effects"": [""Severe allergic reaction"", ""Persistent vomiting"", ""Severe weakness"", ""Uncontrolled bleeding""], ""monitoring"": [""Dose and timing review"", ""Clinical symptom tracking"", ""Medication interaction screening""], ""contraindications"": [""Known severe allergy"", ""Severe hepatic or renal impairment without clinician review""], ""interactions"": [""Other medicines in the same treatment class"", ""Alcohol where relevant"", ""Traditional preparations without informed review""], ""pregnancy_lactation"": ""Use only when clinically justified and reviewed with the treating clinician."", ""population"": ""Adults and children when prescribed and clinically appropriate"", ""region"": ""Ethiopia: primary care, referral care, and local community settings"", ""safety_notes"": [""Complete the prescribed course unless instructed otherwise"", ""Urgent review is needed for shortness of breath, rash, fainting, confusion, or severe bleeding""], ""source_ref"": ""Ethiopian formulary references; WHO clinical guidance; national medication safety review"", ""evidence_level"": ""Local formulary reference""}"
medication,1.0.0,"Medication effects, interactions, monitoring, adherence, and referral safety.",antibiotics,Antibiotics,Common oral and injectable antibiotics used in Ethiopian primary and referral care.,Infection review|Prescription audit|Antimicrobial education,"{""name"": ""Azithromycin 25 mg Oral suspension"", ""description"": ""Azithromycin is used in Ethiopian clinical and community care settings for a clinician-directed indication. This reference supports safe prescribing, adherence review, and interaction checking."", ""drug_class"": ""Essential local formulary reference"", ""indications"": [""Clinician-directed treatment plan"", ""Routine medication review"", ""Safety screening""], ""common_side_effects"": [""Nausea"", ""Dizziness"", ""Mild abdominal discomfort""], ""serious_side_effects"": [""Severe allergic reaction"", ""Persistent vomiting"", ""Severe weakness"", ""Uncontrolled bleeding""], ""monitoring"": [""Dose and timing review"", ""Clinical symptom tracking"", ""Medication interaction screening""], ""contraindications"": [""Known severe allergy"", ""Severe hepatic or renal impairment without clinician review""], ""interactions"": [""Other medicines in the same treatment class"", ""Alcohol where relevant"", ""Traditional preparations without informed review""], ""pregnancy_lactation"": ""Use only when clinically justified and reviewed with the treating clinician."", ""population"": ""Adults and children when prescribed and clinically appropriate"", ""region"": ""Ethiopia: primary care, referral care, and local community settings"", ""safety_notes"": [""Complete the prescribed course unless instructed otherwise"", ""Urgent review is needed for shortness of breath, rash, fainting, confusion, or severe bleeding""], ""source_ref"": ""Ethiopian formulary references; WHO clinical guidance; national medication safety review"", ""evidence_level"": ""Local formulary reference""}"
medication,1.0.0,"Medication effects, interactions, monitoring, adherence, and referral safety.",antibiotics,Antibiotics,Common oral and injectable antibiotics used in Ethiopian primary and referral care.,Infection review|Prescription audit|Antimicrobial education,"{""name"": ""Azithromycin 25 mg Inhaler"", ""description"": ""Azithromycin is used in Ethiopian clinical and community care settings for a clinician-directed indication. This reference supports safe prescribing, adherence review, and interaction checking."", ""drug_class"": ""Essential local formulary reference"", ""indications"": [""Clinician-directed treatment plan"", ""Routine medication review"", ""Safety screening""], ""common_side_effects"": [""Nausea"", ""Dizziness"", ""Mild abdominal discomfort""], ""serious_side_effects"": [""Severe allergic reaction"", ""Persistent vomiting"", ""Severe weakness"", ""Uncontrolled bleeding""], ""monitoring"": [""Dose and timing review"", ""Clinical symptom tracking"", ""Medication interaction screening""], ""contraindications"": [""Known severe allergy"", ""Severe hepatic or renal impairment without clinician review""], ""interactions"": [""Other medicines in the same treatment class"", ""Alcohol where relevant"", ""Traditional preparations without informed review""], ""pregnancy_lactation"": ""Use only when clinically justified and reviewed with the treating clinician."", ""population"": ""Adults and children when prescribed and clinically appropriate"", ""region"": ""Ethiopia: primary care, referral care, and local community settings"", ""safety_notes"": [""Complete the prescribed course unless instructed otherwise"", ""Urgent review is needed for shortness of breath, rash, fainting, confusion, or severe bleeding""], ""source_ref"": ""Ethiopian formulary references; WHO clinical guidance; national medication safety review"", ""evidence_level"": ""Local formulary reference""}"
medication,1.0.0,"Medication effects, interactions, monitoring, adherence, and referral safety.",antibiotics,Antibiotics,Common oral and injectable antibiotics used in Ethiopian primary and referral care.,Infection review|Prescription audit|Antimicrobial education,"{""name"": ""Azithromycin 50 mg Tablet"", ""description"": ""Azithromycin is used in Ethiopian clinical and community care settings for a clinician-directed indication. This reference supports safe prescribing, adherence review, and interaction checking."", ""drug_class"": ""Essential local formulary reference"", ""indications"": [""Clinician-directed treatment plan"", ""Routine medication review"", ""Safety screening""], ""common_side_effects"": [""Nausea"", ""Dizziness"", ""Mild abdominal discomfort""], ""serious_side_effects"": [""Severe allergic reaction"", ""Persistent vomiting"", ""Severe weakness"", ""Uncontrolled bleeding""], ""monitoring"": [""Dose and timing review"", ""Clinical symptom tracking"", ""Medication interaction screening""], ""contraindications"": [""Known severe allergy"", ""Severe hepatic or renal impairment without clinician review""], ""interactions"": [""Other medicines in the same treatment class"", ""Alcohol where relevant"", ""Traditional preparations without informed review""], ""pregnancy_lactation"": ""Use only when clinically justified and reviewed with the treating clinician."", ""population"": ""Adults and children when prescribed and clinically appropriate"", ""region"": ""Ethiopia: primary care, referral care, and local community settings"", ""safety_notes"": [""Complete the prescribed course unless instructed otherwise"", ""Urgent review is needed for shortness of breath, rash, fainting, confusion, or severe bleeding""], ""source_ref"": ""Ethiopian formulary references; WHO clinical guidance; national medication safety review"", ""evidence_level"": ""Local formulary reference""}"
medication,1.0.0,"Medication effects, interactions, monitoring, adherence, and referral safety.",antibiotics,Antibiotics,Common oral and injectable antibiotics used in Ethiopian primary and referral care.,Infection review|Prescription audit|Antimicrobial education,"{""name"": ""Azithromycin 50 mg Capsule"", ""description"": ""Azithromycin is used in Ethiopian clinical and community care settings for a clinician-directed indication. This reference supports safe prescribing, adherence review, and interaction checking."", ""drug_class"": ""Essential local formulary reference"", ""indications"": [""Clinician-directed treatment plan"", ""Routine medication review"", ""Safety screening""], ""common_side_effects"": [""Nausea"", ""Dizziness"", ""Mild abdominal discomfort""], ""serious_side_effects"": [""Severe allergic reaction"", ""Persistent vomiting"", ""Severe weakness"", ""Uncontrolled bleeding""], ""monitoring"": [""Dose and timing review"", ""Clinical symptom tracking"", ""Medication interaction screening""], ""contraindications"": [""Known severe allergy"", ""Severe hepatic or renal impairment without clinician review""], ""interactions"": [""Other medicines in the same treatment class"", ""Alcohol where relevant"", ""Traditional preparations without informed review""], ""pregnancy_lactation"": ""Use only when clinically justified and reviewed with the treating clinician."", ""population"": ""Adults and children when prescribed and clinically appropriate"", ""region"": ""Ethiopia: primary care, referral care, and local community settings"", ""safety_notes"": [""Complete the prescribed course unless instructed otherwise"", ""Urgent review is needed for shortness of breath, rash, fainting, confusion, or severe bleeding""], ""source_ref"": ""Ethiopian formulary references; WHO clinical guidance; national medication safety review"", ""evidence_level"": ""Local formulary reference""}"
medication,1.0.0,"Medication effects, interactions, monitoring, adherence, and referral safety.",antibiotics,Antibiotics,Common oral and injectable antibiotics used in Ethiopian primary and referral care.,Infection review|Prescription audit|Antimicrobial education,"{""name"": ""Azithromycin 50 mg Syrup"", ""description"": ""Azithromycin is used in Ethiopian clinical and community care settings for a clinician-directed indication. This reference supports safe prescribing, adherence review, and interaction checking."", ""drug_class"": ""Essential local formulary reference"", ""indications"": [""Clinician-directed treatment plan"", ""Routine medication review"", ""Safety screening""], ""common_side_effects"": [""Nausea"", ""Dizziness"", ""Mild abdominal discomfort""], ""serious_side_effects"": [""Severe allergic reaction"", ""Persistent vomiting"", ""Severe weakness"", ""Uncontrolled bleeding""], ""monitoring"": [""Dose and timing review"", ""Clinical symptom tracking"", ""Medication interaction screening""], ""contraindications"": [""Known severe allergy"", ""Severe hepatic or renal impairment without clinician review""], ""interactions"": [""Other medicines in the same treatment class"", ""Alcohol where relevant"", ""Traditional preparations without informed review""], ""pregnancy_lactation"": ""Use only when clinically justified and reviewed with the treating clinician."", ""population"": ""Adults and children when prescribed and clinically appropriate"", ""region"": ""Ethiopia: primary care, referral care, and local community settings"", ""safety_notes"": [""Complete the prescribed course unless instructed otherwise"", ""Urgent review is needed for shortness of breath, rash, fainting, confusion, or severe bleeding""], ""source_ref"": ""Ethiopian formulary references; WHO clinical guidance; national medication safety review"", ""evidence_level"": ""Local formulary reference""}"
medication,1.0.0,"Medication effects, interactions, monitoring, adherence, and referral safety.",antibiotics,Antibiotics,Common oral and injectable antibiotics used in Ethiopian primary and referral care.,Infection review|Prescription audit|Antimicrobial education,"{""name"": ""Azithromycin 50 mg Injectable"", ""description"": ""Azithromycin is used in Ethiopian clinical and community care settings for a clinician-directed indication. This reference supports safe prescribing, adherence review, and interaction checking."", ""drug_class"": ""Essential local formulary reference"", ""indications"": [""Clinician-directed treatment plan"", ""Routine medication review"", ""Safety screening""], ""common_side_effects"": [""Nausea"", ""Dizziness"", ""Mild abdominal discomfort""], ""serious_side_effects"": [""Severe allergic reaction"", ""Persistent vomiting"", ""Severe weakness"", ""Uncontrolled bleeding""], ""monitoring"": [""Dose and timing review"", ""Clinical symptom tracking"", ""Medication interaction screening""], ""contraindications"": [""Known severe allergy"", ""Severe hepatic or renal impairment without clinician review""], ""interactions"": [""Other medicines in the same treatment class"", ""Alcohol where relevant"", ""Traditional preparations without informed review""], ""pregnancy_lactation"": ""Use only when clinically justified and reviewed with the treating clinician."", ""population"": ""Adults and children when prescribed and clinically appropriate"", ""region"": ""Ethiopia: primary care, referral care, and local community settings"", ""safety_notes"": [""Complete the prescribed course unless instructed otherwise"", ""Urgent review is needed for shortness of breath, rash, fainting, confusion, or severe bleeding""], ""source_ref"": ""Ethiopian formulary references; WHO clinical guidance; national medication safety review"", ""evidence_level"": ""Local formulary reference""}"
medication,1.0.0,"Medication effects, interactions, monitoring, adherence, and referral safety.",antibiotics,Antibiotics,Common oral and injectable antibiotics used in Ethiopian primary and referral care.,Infection review|Prescription audit|Antimicrobial education,"{""name"": ""Azithromycin 50 mg Oral suspension"", ""description"": ""Azithromycin is used in Ethiopian clinical and community care settings for a clinician-directed indication. This reference supports safe prescribing, adherence review, and interaction checking."", ""drug_class"": ""Essential local formulary reference"", ""indications"": [""Clinician-directed treatment plan"", ""Routine medication review"", ""Safety screening""], ""common_side_effects"": [""Nausea"", ""Dizziness"", ""Mild abdominal discomfort""], ""serious_side_effects"": [""Severe allergic reaction"", ""Persistent vomiting"", ""Severe weakness"", ""Uncontrolled bleeding""], ""monitoring"": [""Dose and timing review"", ""Clinical symptom tracking"", ""Medication interaction screening""], ""contraindications"": [""Known severe allergy"", ""Severe hepatic or renal impairment without clinician review""], ""interactions"": [""Other medicines in the same treatment class"", ""Alcohol where relevant"", ""Traditional preparations without informed review""], ""pregnancy_lactation"": ""Use only when clinically justified and reviewed with the treating clinician."", ""population"": ""Adults and children when prescribed and clinically appropriate"", ""region"": ""Ethiopia: primary care, referral care, and local community settings"", ""safety_notes"": [""Complete the prescribed course unless instructed otherwise"", ""Urgent review is needed for shortness of breath, rash, fainting, confusion, or severe bleeding""], ""source_ref"": ""Ethiopian formulary references; WHO clinical guidance; national medication safety review"", ""evidence_level"": ""Local formulary reference""}"
medication,1.0.0,"Medication effects, interactions, monitoring, adherence, and referral safety.",antibiotics,Antibiotics,Common oral and injectable antibiotics used in Ethiopian primary and referral care.,Infection review|Prescription audit|Antimicrobial education,"{""name"": ""Azithromycin 50 mg Inhaler"", ""description"": ""Azithromycin is used in Ethiopian clinical and community care settings for a clinician-directed indication. This reference supports safe prescribing, adherence review, and interaction checking."", ""drug_class"": ""Essential local formulary reference"", ""indications"": [""Clinician-directed treatment plan"", ""Routine medication review"", ""Safety screening""], ""common_side_effects"": [""Nausea"", ""Dizziness"", ""Mild abdominal discomfort""], ""serious_side_effects"": [""Severe allergic reaction"", ""Persistent vomiting"", ""Severe weakness"", ""Uncontrolled bleeding""], ""monitoring"": [""Dose and timing review"", ""Clinical symptom tracking"", ""Medication interaction screening""], ""contraindications"": [""Known severe allergy"", ""Severe hepatic or renal impairment without clinician review""], ""interactions"": [""Other medicines in the same treatment class"", ""Alcohol where relevant"", ""Traditional preparations without informed review""], ""pregnancy_lactation"": ""Use only when clinically justified and reviewed with the treating clinician."", ""population"": ""Adults and children when prescribed and clinically appropriate"", ""region"": ""Ethiopia: primary care, referral care, and local community settings"", ""safety_notes"": [""Complete the prescribed course unless instructed otherwise"", ""Urgent review is needed for shortness of breath, rash, fainting, confusion, or severe bleeding""], ""source_ref"": ""Ethiopian formulary references; WHO clinical guidance; national medication safety review"", ""evidence_level"": ""Local formulary reference""}"
medication,1.0.0,"Medication effects, interactions, monitoring, adherence, and referral safety.",antibiotics,Antibiotics,Common oral and injectable antibiotics used in Ethiopian primary and referral care.,Infection review|Prescription audit|Antimicrobial education,"{""name"": ""Azithromycin 100 mg Tablet"", ""description"": ""Azithromycin is used in Ethiopian clinical and community care settings for a clinician-directed indication. This reference supports safe prescribing, adherence review, and interaction checking."", ""drug_class"": ""Essential local formulary reference"", ""indications"": [""Clinician-directed treatment plan"", ""Routine medication review"", ""Safety screening""], ""common_side_effects"": [""Nausea"", ""Dizziness"", ""Mild abdominal discomfort""], ""serious_side_effects"": [""Severe allergic reaction"", ""Persistent vomiting"", ""Severe weakness"", ""Uncontrolled bleeding""], ""monitoring"": [""Dose and timing review"", ""Clinical symptom tracking"", ""Medication interaction screening""], ""contraindications"": [""Known severe allergy"", ""Severe hepatic or renal impairment without clinician review""], ""interactions"": [""Other medicines in the same treatment class"", ""Alcohol where relevant"", ""Traditional preparations without informed review""], ""pregnancy_lactation"": ""Use only when clinically justified and reviewed with the treating clinician."", ""population"": ""Adults and children when prescribed and clinically appropriate"", ""region"": ""Ethiopia: primary care, referral care, and local community settings"", ""safety_notes"": [""Complete the prescribed course unless instructed otherwise"", ""Urgent review is needed for shortness of breath, rash, fainting, confusion, or severe bleeding""], ""source_ref"": ""Ethiopian formulary references; WHO clinical guidance; national medication safety review"", ""evidence_level"": ""Local formulary reference""}"
medication,1.0.0,"Medication effects, interactions, monitoring, adherence, and referral safety.",antibiotics,Antibiotics,Common oral and injectable antibiotics used in Ethiopian primary and referral care.,Infection review|Prescription audit|Antimicrobial education,"{""name"": ""Azithromycin 100 mg Capsule"", ""description"": ""Azithromycin is used in Ethiopian clinical and community care settings for a clinician-directed indication. This reference supports safe prescribing, adherence review, and interaction checking."", ""drug_class"": ""Essential local formulary reference"", ""indications"": [""Clinician-directed treatment plan"", ""Routine medication review"", ""Safety screening""], ""common_side_effects"": [""Nausea"", ""Dizziness"", ""Mild abdominal discomfort""], ""serious_side_effects"": [""Severe allergic reaction"", ""Persistent vomiting"", ""Severe weakness"", ""Uncontrolled bleeding""], ""monitoring"": [""Dose and timing review"", ""Clinical symptom tracking"", ""Medication interaction screening""], ""contraindications"": [""Known severe allergy"", ""Severe hepatic or renal impairment without clinician review""], ""interactions"": [""Other medicines in the same treatment class"", ""Alcohol where relevant"", ""Traditional preparations without informed review""], ""pregnancy_lactation"": ""Use only when clinically justified and reviewed with the treating clinician."", ""population"": ""Adults and children when prescribed and clinically appropriate"", ""region"": ""Ethiopia: primary care, referral care, and local community settings"", ""safety_notes"": [""Complete the prescribed course unless instructed otherwise"", ""Urgent review is needed for shortness of breath, rash, fainting, confusion, or severe bleeding""], ""source_ref"": ""Ethiopian formulary references; WHO clinical guidance; national medication safety review"", ""evidence_level"": ""Local formulary reference""}"
medication,1.0.0,"Medication effects, interactions, monitoring, adherence, and referral safety.",antibiotics,Antibiotics,Common oral and injectable antibiotics used in Ethiopian primary and referral care.,Infection review|Prescription audit|Antimicrobial education,"{""name"": ""Azithromycin 100 mg Syrup"", ""description"": ""Azithromycin is used in Ethiopian clinical and community care settings for a clinician-directed indication. This reference supports safe prescribing, adherence review, and interaction checking."", ""drug_class"": ""Essential local formulary reference"", ""indications"": [""Clinician-directed treatment plan"", ""Routine medication review"", ""Safety screening""], ""common_side_effects"": [""Nausea"", ""Dizziness"", ""Mild abdominal discomfort""], ""serious_side_effects"": [""Severe allergic reaction"", ""Persistent vomiting"", ""Severe weakness"", ""Uncontrolled bleeding""], ""monitoring"": [""Dose and timing review"", ""Clinical symptom tracking"", ""Medication interaction screening""], ""contraindications"": [""Known severe allergy"", ""Severe hepatic or renal impairment without clinician review""], ""interactions"": [""Other medicines in the same treatment class"", ""Alcohol where relevant"", ""Traditional preparations without informed review""], ""pregnancy_lactation"": ""Use only when clinically justified and reviewed with the treating clinician."", ""population"": ""Adults and children when prescribed and clinically appropriate"", ""region"": ""Ethiopia: primary care, referral care, and local community settings"", ""safety_notes"": [""Complete the prescribed course unless instructed otherwise"", ""Urgent review is needed for shortness of breath, rash, fainting, confusion, or severe bleeding""], ""source_ref"": ""Ethiopian formulary references; WHO clinical guidance; national medication safety review"", ""evidence_level"": ""Local formulary reference""}"
medication,1.0.0,"Medication effects, interactions, monitoring, adherence, and referral safety.",antibiotics,Antibiotics,Common oral and injectable antibiotics used in Ethiopian primary and referral care.,Infection review|Prescription audit|Antimicrobial education,"{""name"": ""Azithromycin 100 mg Injectable"", ""description"": ""Azithromycin is used in Ethiopian clinical and community care settings for a clinician-directed indication. This reference supports safe prescribing, adherence review, and interaction checking."", ""drug_class"": ""Essential local formulary reference"", ""indications"": [""Clinician-directed treatment plan"", ""Routine medication review"", ""Safety screening""], ""common_side_effects"": [""Nausea"", ""Dizziness"", ""Mild abdominal discomfort""], ""serious_side_effects"": [""Severe allergic reaction"", ""Persistent vomiting"", ""Severe weakness"", ""Uncontrolled bleeding""], ""monitoring"": [""Dose and timing review"", ""Clinical symptom tracking"", ""Medication interaction screening""], ""contraindications"": [""Known severe allergy"", ""Severe hepatic or renal impairment without clinician review""], ""interactions"": [""Other medicines in the same treatment class"", ""Alcohol where relevant"", ""Traditional preparations without informed review""], ""pregnancy_lactation"": ""Use only when clinically justified and reviewed with the treating clinician."", ""population"": ""Adults and children when prescribed and clinically appropriate"", ""region"": ""Ethiopia: primary care, referral care, and local community settings"", ""safety_notes"": [""Complete the prescribed course unless instructed otherwise"", ""Urgent review is needed for shortness of breath, rash, fainting, confusion, or severe bleeding""], ""source_ref"": ""Ethiopian formulary references; WHO clinical guidance; national medication safety review"", ""evidence_level"": ""Local formulary reference""}"
medication,1.0.0,"Medication effects, interactions, monitoring, adherence, and referral safety.",antibiotics,Antibiotics,Common oral and injectable antibiotics used in Ethiopian primary and referral care.,Infection review|Prescription audit|Antimicrobial education,"{""name"": ""Azithromycin 100 mg Oral suspension"", ""description"": ""Azithromycin is used in Ethiopian clinical and community care settings for a clinician-directed indication. This reference supports safe prescribing, adherence review, and interaction checking."", ""drug_class"": ""Essential local formulary reference"", ""indications"": [""Clinician-directed treatment plan"", ""Routine medication review"", ""Safety screening""], ""common_side_effects"": [""Nausea"", ""Dizziness"", ""Mild abdominal discomfort""], ""serious_side_effects"": [""Severe allergic reaction"", ""Persistent vomiting"", ""Severe weakness"", ""Uncontrolled bleeding""], ""monitoring"": [""Dose and timing review"", ""Clinical symptom tracking"", ""Medication interaction screening""], ""contraindications"": [""Known severe allergy"", ""Severe hepatic or renal impairment without clinician review""], ""interactions"": [""Other medicines in the same treatment class"", ""Alcohol where relevant"", ""Traditional preparations without informed review""], ""pregnancy_lactation"": ""Use only when clinically justified and reviewed with the treating clinician."", ""population"": ""Adults and children when prescribed and clinically appropriate"", ""region"": ""Ethiopia: primary care, referral care, and local community settings"", ""safety_notes"": [""Complete the prescribed course unless instructed otherwise"", ""Urgent review is needed for shortness of breath, rash, fainting, confusion, or severe bleeding""], ""source_ref"": ""Ethiopian formulary references; WHO clinical guidance; national medication safety review"", ""evidence_level"": ""Local formulary reference""}"
medication,1.0.0,"Medication effects, interactions, monitoring, adherence, and referral safety.",antibiotics,Antibiotics,Common oral and injectable antibiotics used in Ethiopian primary and referral care.,Infection review|Prescription audit|Antimicrobial education,"{""name"": ""Azithromycin 100 mg Inhaler"", ""description"": ""Azithromycin is used in Ethiopian clinical and community care settings for a clinician-directed indication. This reference supports safe prescribing, adherence review, and interaction checking."", ""drug_class"": ""Essential local formulary reference"", ""indications"": [""Clinician-directed treatment plan"", ""Routine medication review"", ""Safety screening""], ""common_side_effects"": [""Nausea"", ""Dizziness"", ""Mild abdominal discomfort""], ""serious_side_effects"": [""Severe allergic reaction"", ""Persistent vomiting"", ""Severe weakness"", ""Uncontrolled bleeding""], ""monitoring"": [""Dose and timing review"", ""Clinical symptom tracking"", ""Medication interaction screening""], ""contraindications"": [""Known severe allergy"", ""Severe hepatic or renal impairment without clinician review""], ""interactions"": [""Other medicines in the same treatment class"", ""Alcohol where relevant"", ""Traditional preparations without informed review""], ""pregnancy_lactation"": ""Use only when clinically justified and reviewed with the treating clinician."", ""population"": ""Adults and children when prescribed and clinically appropriate"", ""region"": ""Ethiopia: primary care, referral care, and local community settings"", ""safety_notes"": [""Complete the prescribed course unless instructed otherwise"", ""Urgent review is needed for shortness of breath, rash, fainting, confusion, or severe bleeding""], ""source_ref"": ""Ethiopian formulary references; WHO clinical guidance; national medication safety review"", ""evidence_level"": ""Local formulary reference""}"
medication,1.0.0,"Medication effects, interactions, monitoring, adherence, and referral safety.",antibiotics,Antibiotics,Common oral and injectable antibiotics used in Ethiopian primary and referral care.,Infection review|Prescription audit|Antimicrobial education,"{""name"": ""Azithromycin 250 mg Tablet"", ""description"": ""Azithromycin is used in Ethiopian clinical and community care settings for a clinician-directed indication. This reference supports safe prescribing, adherence review, and interaction checking."", ""drug_class"": ""Essential local formulary reference"", ""indications"": [""Clinician-directed treatment plan"", ""Routine medication review"", ""Safety screening""], ""common_side_effects"": [""Nausea"", ""Dizziness"", ""Mild abdominal discomfort""], ""serious_side_effects"": [""Severe allergic reaction"", ""Persistent vomiting"", ""Severe weakness"", ""Uncontrolled bleeding""], ""monitoring"": [""Dose and timing review"", ""Clinical symptom tracking"", ""Medication interaction screening""], ""contraindications"": [""Known severe allergy"", ""Severe hepatic or renal impairment without clinician review""], ""interactions"": [""Other medicines in the same treatment class"", ""Alcohol where relevant"", ""Traditional preparations without informed review""], ""pregnancy_lactation"": ""Use only when clinically justified and reviewed with the treating clinician."", ""population"": ""Adults and children when prescribed and clinically appropriate"", ""region"": ""Ethiopia: primary care, referral care, and local community settings"", ""safety_notes"": [""Complete the prescribed course unless instructed otherwise"", ""Urgent review is needed for shortness of breath, rash, fainting, confusion, or severe bleeding""], ""source_ref"": ""Ethiopian formulary references; WHO clinical guidance; national medication safety review"", ""evidence_level"": ""Local formulary reference""}"
medication,1.0.0,"Medication effects, interactions, monitoring, adherence, and referral safety.",antibiotics,Antibiotics,Common oral and injectable antibiotics used in Ethiopian primary and referral care.,Infection review|Prescription audit|Antimicrobial education,"{""name"": ""Azithromycin 250 mg Capsule"", ""description"": ""Azithromycin is used in Ethiopian clinical and community care settings for a clinician-directed indication. This reference supports safe prescribing, adherence review, and interaction checking."", ""drug_class"": ""Essential local formulary reference"", ""indications"": [""Clinician-directed treatment plan"", ""Routine medication review"", ""Safety screening""], ""common_side_effects"": [""Nausea"", ""Dizziness"", ""Mild abdominal discomfort""], ""serious_side_effects"": [""Severe allergic reaction"", ""Persistent vomiting"", ""Severe weakness"", ""Uncontrolled bleeding""], ""monitoring"": [""Dose and timing review"", ""Clinical symptom tracking"", ""Medication interaction screening""], ""contraindications"": [""Known severe allergy"", ""Severe hepatic or renal impairment without clinician review""], ""interactions"": [""Other medicines in the same treatment class"", ""Alcohol where relevant"", ""Traditional preparations without informed review""], ""pregnancy_lactation"": ""Use only when clinically justified and reviewed with the treating clinician."", ""population"": ""Adults and children when prescribed and clinically appropriate"", ""region"": ""Ethiopia: primary care, referral care, and local community settings"", ""safety_notes"": [""Complete the prescribed course unless instructed otherwise"", ""Urgent review is needed for shortness of breath, rash, fainting, confusion, or severe bleeding""], ""source_ref"": ""Ethiopian formulary references; WHO clinical guidance; national medication safety review"", ""evidence_level"": ""Local formulary reference""}"
medication,1.0.0,"Medication effects, interactions, monitoring, adherence, and referral safety.",antibiotics,Antibiotics,Common oral and injectable antibiotics used in Ethiopian primary and referral care.,Infection review|Prescription audit|Antimicrobial education,"{""name"": ""Azithromycin 250 mg Syrup"", ""description"": ""Azithromycin is used in Ethiopian clinical and community care settings for a clinician-directed indication. This reference supports safe prescribing, adherence review, and interaction checking."", ""drug_class"": ""Essential local formulary reference"", ""indications"": [""Clinician-directed treatment plan"", ""Routine medication review"", ""Safety screening""], ""common_side_effects"": [""Nausea"", ""Dizziness"", ""Mild abdominal discomfort""], ""serious_side_effects"": [""Severe allergic reaction"", ""Persistent vomiting"", ""Severe weakness"", ""Uncontrolled bleeding""], ""monitoring"": [""Dose and timing review"", ""Clinical symptom tracking"", ""Medication interaction screening""], ""contraindications"": [""Known severe allergy"", ""Severe hepatic or renal impairment without clinician review""], ""interactions"": [""Other medicines in the same treatment class"", ""Alcohol where relevant"", ""Traditional preparations without informed review""], ""pregnancy_lactation"": ""Use only when clinically justified and reviewed with the treating clinician."", ""population"": ""Adults and children when prescribed and clinically appropriate"", ""region"": ""Ethiopia: primary care, referral care, and local community settings"", ""safety_notes"": [""Complete the prescribed course unless instructed otherwise"", ""Urgent review is needed for shortness of breath, rash, fainting, confusion, or severe bleeding""], ""source_ref"": ""Ethiopian formulary references; WHO clinical guidance; national medication safety review"", ""evidence_level"": ""Local formulary reference""}"
medication,1.0.0,"Medication effects, interactions, monitoring, adherence, and referral safety.",antibiotics,Antibiotics,Common oral and injectable antibiotics used in Ethiopian primary and referral care.,Infection review|Prescription audit|Antimicrobial education,"{""name"": ""Azithromycin 250 mg Injectable"", ""description"": ""Azithromycin is used in Ethiopian clinical and community care settings for a clinician-directed indication. This reference supports safe prescribing, adherence review, and interaction checking."", ""drug_class"": ""Essential local formulary reference"", ""indications"": [""Clinician-directed treatment plan"", ""Routine medication review"", ""Safety screening""], ""common_side_effects"": [""Nausea"", ""Dizziness"", ""Mild abdominal discomfort""], ""serious_side_effects"": [""Severe allergic reaction"", ""Persistent vomiting"", ""Severe weakness"", ""Uncontrolled bleeding""], ""monitoring"": [""Dose and timing review"", ""Clinical symptom tracking"", ""Medication interaction screening""], ""contraindications"": [""Known severe allergy"", ""Severe hepatic or renal impairment without clinician review""], ""interactions"": [""Other medicines in the same treatment class"", ""Alcohol where relevant"", ""Traditional preparations without informed review""], ""pregnancy_lactation"": ""Use only when clinically justified and reviewed with the treating clinician."", ""population"": ""Adults and children when prescribed and clinically appropriate"", ""region"": ""Ethiopia: primary care, referral care, and local community settings"", ""safety_notes"": [""Complete the prescribed course unless instructed otherwise"", ""Urgent review is needed for shortness of breath, rash, fainting, confusion, or severe bleeding""], ""source_ref"": ""Ethiopian formulary references; WHO clinical guidance; national medication safety review"", ""evidence_level"": ""Local formulary reference""}"
medication,1.0.0,"Medication effects, interactions, monitoring, adherence, and referral safety.",antibiotics,Antibiotics,Common oral and injectable antibiotics used in Ethiopian primary and referral care.,Infection review|Prescription audit|Antimicrobial education,"{""name"": ""Azithromycin 250 mg Oral suspension"", ""description"": ""Azithromycin is used in Ethiopian clinical and community care settings for a clinician-directed indication. This reference supports safe prescribing, adherence review, and interaction checking."", ""drug_class"": ""Essential local formulary reference"", ""indications"": [""Clinician-directed treatment plan"", ""Routine medication review"", ""Safety screening""], ""common_side_effects"": [""Nausea"", ""Dizziness"", ""Mild abdominal discomfort""], ""serious_side_effects"": [""Severe allergic reaction"", ""Persistent vomiting"", ""Severe weakness"", ""Uncontrolled bleeding""], ""monitoring"": [""Dose and timing review"", ""Clinical symptom tracking"", ""Medication interaction screening""], ""contraindications"": [""Known severe allergy"", ""Severe hepatic or renal impairment without clinician review""], ""interactions"": [""Other medicines in the same treatment class"", ""Alcohol where relevant"", ""Traditional preparations without informed review""], ""pregnancy_lactation"": ""Use only when clinically justified and reviewed with the treating clinician."", ""population"": ""Adults and children when prescribed and clinically appropriate"", ""region"": ""Ethiopia: primary care, referral care, and local community settings"", ""safety_notes"": [""Complete the prescribed course unless instructed otherwise"", ""Urgent review is needed for shortness of breath, rash, fainting, confusion, or severe bleeding""], ""source_ref"": ""Ethiopian formulary references; WHO clinical guidance; national medication safety review"", ""evidence_level"": ""Local formulary reference""}"
medication,1.0.0,"Medication effects, interactions, monitoring, adherence, and referral safety.",antibiotics,Antibiotics,Common oral and injectable antibiotics used in Ethiopian primary and referral care.,Infection review|Prescription audit|Antimicrobial education,"{""name"": ""Azithromycin 250 mg Inhaler"", ""description"": ""Azithromycin is used in Ethiopian clinical and community care settings for a clinician-directed indication. This reference supports safe prescribing, adherence review, and interaction checking."", ""drug_class"": ""Essential local formulary reference"", ""indications"": [""Clinician-directed treatment plan"", ""Routine medication review"", ""Safety screening""], ""common_side_effects"": [""Nausea"", ""Dizziness"", ""Mild abdominal discomfort""], ""serious_side_effects"": [""Severe allergic reaction"", ""Persistent vomiting"", ""Severe weakness"", ""Uncontrolled bleeding""], ""monitoring"": [""Dose and timing review"", ""Clinical symptom tracking"", ""Medication interaction screening""], ""contraindications"": [""Known severe allergy"", ""Severe hepatic or renal impairment without clinician review""], ""interactions"": [""Other medicines in the same treatment class"", ""Alcohol where relevant"", ""Traditional preparations without informed review""], ""pregnancy_lactation"": ""Use only when clinically justified and reviewed with the treating clinician."", ""population"": ""Adults and children when prescribed and clinically appropriate"", ""region"": ""Ethiopia: primary care, referral care, and local community settings"", ""safety_notes"": [""Complete the prescribed course unless instructed otherwise"", ""Urgent review is needed for shortness of breath, rash, fainting, confusion, or severe bleeding""], ""source_ref"": ""Ethiopian formulary references; WHO clinical guidance; national medication safety review"", ""evidence_level"": ""Local formulary reference""}"
medication,1.0.0,"Medication effects, interactions, monitoring, adherence, and referral safety.",antibiotics,Antibiotics,Common oral and injectable antibiotics used in Ethiopian primary and referral care.,Infection review|Prescription audit|Antimicrobial education,"{""name"": ""Azithromycin 500 mg Tablet"", ""description"": ""Azithromycin is used in Ethiopian clinical and community care settings for a clinician-directed indication. This reference supports safe prescribing, adherence review, and interaction checking."", ""drug_class"": ""Essential local formulary reference"", ""indications"": [""Clinician-directed treatment plan"", ""Routine medication review"", ""Safety screening""], ""common_side_effects"": [""Nausea"", ""Dizziness"", ""Mild abdominal discomfort""], ""serious_side_effects"": [""Severe allergic reaction"", ""Persistent vomiting"", ""Severe weakness"", ""Uncontrolled bleeding""], ""monitoring"": [""Dose and timing review"", ""Clinical symptom tracking"", ""Medication interaction screening""], ""contraindications"": [""Known severe allergy"", ""Severe hepatic or renal impairment without clinician review""], ""interactions"": [""Other medicines in the same treatment class"", ""Alcohol where relevant"", ""Traditional preparations without informed review""], ""pregnancy_lactation"": ""Use only when clinically justified and reviewed with the treating clinician."", ""population"": ""Adults and children when prescribed and clinically appropriate"", ""region"": ""Ethiopia: primary care, referral care, and local community settings"", ""safety_notes"": [""Complete the prescribed course unless instructed otherwise"", ""Urgent review is needed for shortness of breath, rash, fainting, confusion, or severe bleeding""], ""source_ref"": ""Ethiopian formulary references; WHO clinical guidance; national medication safety review"", ""evidence_level"": ""Local formulary reference""}"
medication,1.0.0,"Medication effects, interactions, monitoring, adherence, and referral safety.",antibiotics,Antibiotics,Common oral and injectable antibiotics used in Ethiopian primary and referral care.,Infection review|Prescription audit|Antimicrobial education,"{""name"": ""Azithromycin 500 mg Capsule"", ""description"": ""Azithromycin is used in Ethiopian clinical and community care settings for a clinician-directed indication. This reference supports safe prescribing, adherence review, and interaction checking."", ""drug_class"": ""Essential local formulary reference"", ""indications"": [""Clinician-directed treatment plan"", ""Routine medication review"", ""Safety screening""], ""common_side_effects"": [""Nausea"", ""Dizziness"", ""Mild abdominal discomfort""], ""serious_side_effects"": [""Severe allergic reaction"", ""Persistent vomiting"", ""Severe weakness"", ""Uncontrolled bleeding""], ""monitoring"": [""Dose and timing review"", ""Clinical symptom tracking"", ""Medication interaction screening""], ""contraindications"": [""Known severe allergy"", ""Severe hepatic or renal impairment without clinician review""], ""interactions"": [""Other medicines in the same treatment class"", ""Alcohol where relevant"", ""Traditional preparations without informed review""], ""pregnancy_lactation"": ""Use only when clinically justified and reviewed with the treating clinician."", ""population"": ""Adults and children when prescribed and clinically appropriate"", ""region"": ""Ethiopia: primary care, referral care, and local community settings"", ""safety_notes"": [""Complete the prescribed course unless instructed otherwise"", ""Urgent review is needed for shortness of breath, rash, fainting, confusion, or severe bleeding""], ""source_ref"": ""Ethiopian formulary references; WHO clinical guidance; national medication safety review"", ""evidence_level"": ""Local formulary reference""}"
medication,1.0.0,"Medication effects, interactions, monitoring, adherence, and referral safety.",antibiotics,Antibiotics,Common oral and injectable antibiotics used in Ethiopian primary and referral care.,Infection review|Prescription audit|Antimicrobial education,"{""name"": ""Azithromycin 500 mg Syrup"", ""description"": ""Azithromycin is used in Ethiopian clinical and community care settings for a clinician-directed indication. This reference supports safe prescribing, adherence review, and interaction checking."", ""drug_class"": ""Essential local formulary reference"", ""indications"": [""Clinician-directed treatment plan"", ""Routine medication review"", ""Safety screening""], ""common_side_effects"": [""Nausea"", ""Dizziness"", ""Mild abdominal discomfort""], ""serious_side_effects"": [""Severe allergic reaction"", ""Persistent vomiting"", ""Severe weakness"", ""Uncontrolled bleeding""], ""monitoring"": [""Dose and timing review"", ""Clinical symptom tracking"", ""Medication interaction screening""], ""contraindications"": [""Known severe allergy"", ""Severe hepatic or renal impairment without clinician review""], ""interactions"": [""Other medicines in the same treatment class"", ""Alcohol where relevant"", ""Traditional preparations without informed review""], ""pregnancy_lactation"": ""Use only when clinically justified and reviewed with the treating clinician."", ""population"": ""Adults and children when prescribed and clinically appropriate"", ""region"": ""Ethiopia: primary care, referral care, and local community settings"", ""safety_notes"": [""Complete the prescribed course unless instructed otherwise"", ""Urgent review is needed for shortness of breath, rash, fainting, confusion, or severe bleeding""], ""source_ref"": ""Ethiopian formulary references; WHO clinical guidance; national medication safety review"", ""evidence_level"": ""Local formulary reference""}"
medication,1.0.0,"Medication effects, interactions, monitoring, adherence, and referral safety.",antibiotics,Antibiotics,Common oral and injectable antibiotics used in Ethiopian primary and referral care.,Infection review|Prescription audit|Antimicrobial education,"{""name"": ""Azithromycin 500 mg Injectable"", ""description"": ""Azithromycin is used in Ethiopian clinical and community care settings for a clinician-directed indication. This reference supports safe prescribing, adherence review, and interaction checking."", ""drug_class"": ""Essential local formulary reference"", ""indications"": [""Clinician-directed treatment plan"", ""Routine medication review"", ""Safety screening""], ""common_side_effects"": [""Nausea"", ""Dizziness"", ""Mild abdominal discomfort""], ""serious_side_effects"": [""Severe allergic reaction"", ""Persistent vomiting"", ""Severe weakness"", ""Uncontrolled bleeding""], ""monitoring"": [""Dose and timing review"", ""Clinical symptom tracking"", ""Medication interaction screening""], ""contraindications"": [""Known severe allergy"", ""Severe hepatic or renal impairment without clinician review""], ""interactions"": [""Other medicines in the same treatment class"", ""Alcohol where relevant"", ""Traditional preparations without informed review""], ""pregnancy_lactation"": ""Use only when clinically justified and reviewed with the treating clinician."", ""population"": ""Adults and children when prescribed and clinically appropriate"", ""region"": ""Ethiopia: primary care, referral care, and local community settings"", ""safety_notes"": [""Complete the prescribed course unless instructed otherwise"", ""Urgent review is needed for shortness of breath, rash, fainting, confusion, or severe bleeding""], ""source_ref"": ""Ethiopian formulary references; WHO clinical guidance; national medication safety review"", ""evidence_level"": ""Local formulary reference""}"
medication,1.0.0,"Medication effects, interactions, monitoring, adherence, and referral safety.",antibiotics,Antibiotics,Common oral and injectable antibiotics used in Ethiopian primary and referral care.,Infection review|Prescription audit|Antimicrobial education,"{""name"": ""Azithromycin 500 mg Oral suspension"", ""description"": ""Azithromycin is used in Ethiopian clinical and community care settings for a clinician-directed indication. This reference supports safe prescribing, adherence review, and interaction checking."", ""drug_class"": ""Essential local formulary reference"", ""indications"": [""Clinician-directed treatment plan"", ""Routine medication review"", ""Safety screening""], ""common_side_effects"": [""Nausea"", ""Dizziness"", ""Mild abdominal discomfort""], ""serious_side_effects"": [""Severe allergic reaction"", ""Persistent vomiting"", ""Severe weakness"", ""Uncontrolled bleeding""], ""monitoring"": [""Dose and timing review"", ""Clinical symptom tracking"", ""Medication interaction screening""], ""contraindications"": [""Known severe allergy"", ""Severe hepatic or renal impairment without clinician review""], ""interactions"": [""Other medicines in the same treatment class"", ""Alcohol where relevant"", ""Traditional preparations without informed review""], ""pregnancy_lactation"": ""Use only when clinically justified and reviewed with the treating clinician."", ""population"": ""Adults and children when prescribed and clinically appropriate"", ""region"": ""Ethiopia: primary care, referral care, and local community settings"", ""safety_notes"": [""Complete the prescribed course unless instructed otherwise"", ""Urgent review is needed for shortness of breath, rash, fainting, confusion, or severe bleeding""], ""source_ref"": ""Ethiopian formulary references; WHO clinical guidance; national medication safety review"", ""evidence_level"": ""Local formulary reference""}"
medication,1.0.0,"Medication effects, interactions, monitoring, adherence, and referral safety.",antibiotics,Antibiotics,Common oral and injectable antibiotics used in Ethiopian primary and referral care.,Infection review|Prescription audit|Antimicrobial education,"{""name"": ""Azithromycin 500 mg Inhaler"", ""description"": ""Azithromycin is used in Ethiopian clinical and community care settings for a clinician-directed indication. This reference supports safe prescribing, adherence review, and interaction checking."", ""drug_class"": ""Essential local formulary reference"", ""indications"": [""Clinician-directed treatment plan"", ""Routine medication review"", ""Safety screening""], ""common_side_effects"": [""Nausea"", ""Dizziness"", ""Mild abdominal discomfort""], ""serious_side_effects"": [""Severe allergic reaction"", ""Persistent vomiting"", ""Severe weakness"", ""Uncontrolled bleeding""], ""monitoring"": [""Dose and timing review"", ""Clinical symptom tracking"", ""Medication interaction screening""], ""contraindications"": [""Known severe allergy"", ""Severe hepatic or renal impairment without clinician review""], ""interactions"": [""Other medicines in the same treatment class"", ""Alcohol where relevant"", ""Traditional preparations without informed review""], ""pregnancy_lactation"": ""Use only when clinically justified and reviewed with the treating clinician."", ""population"": ""Adults and children when prescribed and clinically appropriate"", ""region"": ""Ethiopia: primary care, referral care, and local community settings"", ""safety_notes"": [""Complete the prescribed course unless instructed otherwise"", ""Urgent review is needed for shortness of breath, rash, fainting, confusion, or severe bleeding""], ""source_ref"": ""Ethiopian formulary references; WHO clinical guidance; national medication safety review"", ""evidence_level"": ""Local formulary reference""}"
medication,1.0.0,"Medication effects, interactions, monitoring, adherence, and referral safety.",antibiotics,Antibiotics,Common oral and injectable antibiotics used in Ethiopian primary and referral care.,Infection review|Prescription audit|Antimicrobial education,"{""name"": ""Azithromycin 1 g Tablet"", ""description"": ""Azithromycin is used in Ethiopian clinical and community care settings for a clinician-directed indication. This reference supports safe prescribing, adherence review, and interaction checking."", ""drug_class"": ""Essential local formulary reference"", ""indications"": [""Clinician-directed treatment plan"", ""Routine medication review"", ""Safety screening""], ""common_side_effects"": [""Nausea"", ""Dizziness"", ""Mild abdominal discomfort""], ""serious_side_effects"": [""Severe allergic reaction"", ""Persistent vomiting"", ""Severe weakness"", ""Uncontrolled bleeding""], ""monitoring"": [""Dose and timing review"", ""Clinical symptom tracking"", ""Medication interaction screening""], ""contraindications"": [""Known severe allergy"", ""Severe hepatic or renal impairment without clinician review""], ""interactions"": [""Other medicines in the same treatment class"", ""Alcohol where relevant"", ""Traditional preparations without informed review""], ""pregnancy_lactation"": ""Use only when clinically justified and reviewed with the treating clinician."", ""population"": ""Adults and children when prescribed and clinically appropriate"", ""region"": ""Ethiopia: primary care, referral care, and local community settings"", ""safety_notes"": [""Complete the prescribed course unless instructed otherwise"", ""Urgent review is needed for shortness of breath, rash, fainting, confusion, or severe bleeding""], ""source_ref"": ""Ethiopian formulary references; WHO clinical guidance; national medication safety review"", ""evidence_level"": ""Local formulary reference""}"
medication,1.0.0,"Medication effects, interactions, monitoring, adherence, and referral safety.",antibiotics,Antibiotics,Common oral and injectable antibiotics used in Ethiopian primary and referral care.,Infection review|Prescription audit|Antimicrobial education,"{""name"": ""Azithromycin 1 g Capsule"", ""description"": ""Azithromycin is used in Ethiopian clinical and community care settings for a clinician-directed indication. This reference supports safe prescribing, adherence review, and interaction checking."", ""drug_class"": ""Essential local formulary reference"", ""indications"": [""Clinician-directed treatment plan"", ""Routine medication review"", ""Safety screening""], ""common_side_effects"": [""Nausea"", ""Dizziness"", ""Mild abdominal discomfort""], ""serious_side_effects"": [""Severe allergic reaction"", ""Persistent vomiting"", ""Severe weakness"", ""Uncontrolled bleeding""], ""monitoring"": [""Dose and timing review"", ""Clinical symptom tracking"", ""Medication interaction screening""], ""contraindications"": [""Known severe allergy"", ""Severe hepatic or renal impairment without clinician review""], ""interactions"": [""Other medicines in the same treatment class"", ""Alcohol where relevant"", ""Traditional preparations without informed review""], ""pregnancy_lactation"": ""Use only when clinically justified and reviewed with the treating clinician."", ""population"": ""Adults and children when prescribed and clinically appropriate"", ""region"": ""Ethiopia: primary care, referral care, and local community settings"", ""safety_notes"": [""Complete the prescribed course unless instructed otherwise"", ""Urgent review is needed for shortness of breath, rash, fainting, confusion, or severe bleeding""], ""source_ref"": ""Ethiopian formulary references; WHO clinical guidance; national medication safety review"", ""evidence_level"": ""Local formulary reference""}"
medication,1.0.0,"Medication effects, interactions, monitoring, adherence, and referral safety.",antibiotics,Antibiotics,Common oral and injectable antibiotics used in Ethiopian primary and referral care.,Infection review|Prescription audit|Antimicrobial education,"{""name"": ""Azithromycin 1 g Syrup"", ""description"": ""Azithromycin is used in Ethiopian clinical and community care settings for a clinician-directed indication. This reference supports safe prescribing, adherence review, and interaction checking."", ""drug_class"": ""Essential local formulary reference"", ""indications"": [""Clinician-directed treatment plan"", ""Routine medication review"", ""Safety screening""], ""common_side_effects"": [""Nausea"", ""Dizziness"", ""Mild abdominal discomfort""], ""serious_side_effects"": [""Severe allergic reaction"", ""Persistent vomiting"", ""Severe weakness"", ""Uncontrolled bleeding""], ""monitoring"": [""Dose and timing review"", ""Clinical symptom tracking"", ""Medication interaction screening""], ""contraindications"": [""Known severe allergy"", ""Severe hepatic or renal impairment without clinician review""], ""interactions"": [""Other medicines in the same treatment class"", ""Alcohol where relevant"", ""Traditional preparations without informed review""], ""pregnancy_lactation"": ""Use only when clinically justified and reviewed with the treating clinician."", ""population"": ""Adults and children when prescribed and clinically appropriate"", ""region"": ""Ethiopia: primary care, referral care, and local community settings"", ""safety_notes"": [""Complete the prescribed course unless instructed otherwise"", ""Urgent review is needed for shortness of breath, rash, fainting, confusion, or severe bleeding""], ""source_ref"": ""Ethiopian formulary references; WHO clinical guidance; national medication safety review"", ""evidence_level"": ""Local formulary reference""}"
medication,1.0.0,"Medication effects, interactions, monitoring, adherence, and referral safety.",antibiotics,Antibiotics,Common oral and injectable antibiotics used in Ethiopian primary and referral care.,Infection review|Prescription audit|Antimicrobial education,"{""name"": ""Azithromycin 1 g Injectable"", ""description"": ""Azithromycin is used in Ethiopian clinical and community care settings for a clinician-directed indication. This reference supports safe prescribing, adherence review, and interaction checking."", ""drug_class"": ""Essential local formulary reference"", ""indications"": [""Clinician-directed treatment plan"", ""Routine medication review"", ""Safety screening""], ""common_side_effects"": [""Nausea"", ""Dizziness"", ""Mild abdominal discomfort""], ""serious_side_effects"": [""Severe allergic reaction"", ""Persistent vomiting"", ""Severe weakness"", ""Uncontrolled bleeding""], ""monitoring"": [""Dose and timing review"", ""Clinical symptom tracking"", ""Medication interaction screening""], ""contraindications"": [""Known severe allergy"", ""Severe hepatic or renal impairment without clinician review""], ""interactions"": [""Other medicines in the same treatment class"", ""Alcohol where relevant"", ""Traditional preparations without informed review""], ""pregnancy_lactation"": ""Use only when clinically justified and reviewed with the treating clinician."", ""population"": ""Adults and children when prescribed and clinically appropriate"", ""region"": ""Ethiopia: primary care, referral care, and local community settings"", ""safety_notes"": [""Complete the prescribed course unless instructed otherwise"", ""Urgent review is needed for shortness of breath, rash, fainting, confusion, or severe bleeding""], ""source_ref"": ""Ethiopian formulary references; WHO clinical guidance; national medication safety review"", ""evidence_level"": ""Local formulary reference""}"
medication,1.0.0,"Medication effects, interactions, monitoring, adherence, and referral safety.",antibiotics,Antibiotics,Common oral and injectable antibiotics used in Ethiopian primary and referral care.,Infection review|Prescription audit|Antimicrobial education,"{""name"": ""Azithromycin 1 g Oral suspension"", ""description"": ""Azithromycin is used in Ethiopian clinical and community care settings for a clinician-directed indication. This reference supports safe prescribing, adherence review, and interaction checking."", ""drug_class"": ""Essential local formulary reference"", ""indications"": [""Clinician-directed treatment plan"", ""Routine medication review"", ""Safety screening""], ""common_side_effects"": [""Nausea"", ""Dizziness"", ""Mild abdominal discomfort""], ""serious_side_effects"": [""Severe allergic reaction"", ""Persistent vomiting"", ""Severe weakness"", ""Uncontrolled bleeding""], ""monitoring"": [""Dose and timing review"", ""Clinical symptom tracking"", ""Medication interaction screening""], ""contraindications"": [""Known severe allergy"", ""Severe hepatic or renal impairment without clinician review""], ""interactions"": [""Other medicines in the same treatment class"", ""Alcohol where relevant"", ""Traditional preparations without informed review""], ""pregnancy_lactation"": ""Use only when clinically justified and reviewed with the treating clinician."", ""population"": ""Adults and children when prescribed and clinically appropriate"", ""region"": ""Ethiopia: primary care, referral care, and local community settings"", ""safety_notes"": [""Complete the prescribed course unless instructed otherwise"", ""Urgent review is needed for shortness of breath, rash, fainting, confusion, or severe bleeding""], ""source_ref"": ""Ethiopian formulary references; WHO clinical guidance; national medication safety review"", ""evidence_level"": ""Local formulary reference""}"
medication,1.0.0,"Medication effects, interactions, monitoring, adherence, and referral safety.",antibiotics,Antibiotics,Common oral and injectable antibiotics used in Ethiopian primary and referral care.,Infection review|Prescription audit|Antimicrobial education,"{""name"": ""Azithromycin 1 g Inhaler"", ""description"": ""Azithromycin is used in Ethiopian clinical and community care settings for a clinician-directed indication. This reference supports safe prescribing, adherence review, and interaction checking."", ""drug_class"": ""Essential local formulary reference"", ""indications"": [""Clinician-directed treatment plan"", ""Routine medication review"", ""Safety screening""], ""common_side_effects"": [""Nausea"", ""Dizziness"", ""Mild abdominal discomfort""], ""serious_side_effects"": [""Severe allergic reaction"", ""Persistent vomiting"", ""Severe weakness"", ""Uncontrolled bleeding""], ""monitoring"": [""Dose and timing review"", ""Clinical symptom tracking"", ""Medication interaction screening""], ""contraindications"": [""Known severe allergy"", ""Severe hepatic or renal impairment without clinician review""], ""interactions"": [""Other medicines in the same treatment class"", ""Alcohol where relevant"", ""Traditional preparations without informed review""], ""pregnancy_lactation"": ""Use only when clinically justified and reviewed with the treating clinician."", ""population"": ""Adults and children when prescribed and clinically appropriate"", ""region"": ""Ethiopia: primary care, referral care, and local community settings"", ""safety_notes"": [""Complete the prescribed course unless instructed otherwise"", ""Urgent review is needed for shortness of breath, rash, fainting, confusion, or severe bleeding""], ""source_ref"": ""Ethiopian formulary references; WHO clinical guidance; national medication safety review"", ""evidence_level"": ""Local formulary reference""}"
medication,1.0.0,"Medication effects, interactions, monitoring, adherence, and referral safety.",antibiotics,Antibiotics,Common oral and injectable antibiotics used in Ethiopian primary and referral care.,Infection review|Prescription audit|Antimicrobial education,"{""name"": ""Azithromycin 2 g Tablet"", ""description"": ""Azithromycin is used in Ethiopian clinical and community care settings for a clinician-directed indication. This reference supports safe prescribing, adherence review, and interaction checking."", ""drug_class"": ""Essential local formulary reference"", ""indications"": [""Clinician-directed treatment plan"", ""Routine medication review"", ""Safety screening""], ""common_side_effects"": [""Nausea"", ""Dizziness"", ""Mild abdominal discomfort""], ""serious_side_effects"": [""Severe allergic reaction"", ""Persistent vomiting"", ""Severe weakness"", ""Uncontrolled bleeding""], ""monitoring"": [""Dose and timing review"", ""Clinical symptom tracking"", ""Medication interaction screening""], ""contraindications"": [""Known severe allergy"", ""Severe hepatic or renal impairment without clinician review""], ""interactions"": [""Other medicines in the same treatment class"", ""Alcohol where relevant"", ""Traditional preparations without informed review""], ""pregnancy_lactation"": ""Use only when clinically justified and reviewed with the treating clinician."", ""population"": ""Adults and children when prescribed and clinically appropriate"", ""region"": ""Ethiopia: primary care, referral care, and local community settings"", ""safety_notes"": [""Complete the prescribed course unless instructed otherwise"", ""Urgent review is needed for shortness of breath, rash, fainting, confusion, or severe bleeding""], ""source_ref"": ""Ethiopian formulary references; WHO clinical guidance; national medication safety review"", ""evidence_level"": ""Local formulary reference""}"
medication,1.0.0,"Medication effects, interactions, monitoring, adherence, and referral safety.",antibiotics,Antibiotics,Common oral and injectable antibiotics used in Ethiopian primary and referral care.,Infection review|Prescription audit|Antimicrobial education,"{""name"": ""Azithromycin 2 g Capsule"", ""description"": ""Azithromycin is used in Ethiopian clinical and community care settings for a clinician-directed indication. This reference supports safe prescribing, adherence review, and interaction checking."", ""drug_class"": ""Essential local formulary reference"", ""indications"": [""Clinician-directed treatment plan"", ""Routine medication review"", ""Safety screening""], ""common_side_effects"": [""Nausea"", ""Dizziness"", ""Mild abdominal discomfort""], ""serious_side_effects"": [""Severe allergic reaction"", ""Persistent vomiting"", ""Severe weakness"", ""Uncontrolled bleeding""], ""monitoring"": [""Dose and timing review"", ""Clinical symptom tracking"", ""Medication interaction screening""], ""contraindications"": [""Known severe allergy"", ""Severe hepatic or renal impairment without clinician review""], ""interactions"": [""Other medicines in the same treatment class"", ""Alcohol where relevant"", ""Traditional preparations without informed review""], ""pregnancy_lactation"": ""Use only when clinically justified and reviewed with the treating clinician."", ""population"": ""Adults and children when prescribed and clinically appropriate"", ""region"": ""Ethiopia: primary care, referral care, and local community settings"", ""safety_notes"": [""Complete the prescribed course unless instructed otherwise"", ""Urgent review is needed for shortness of breath, rash, fainting, confusion, or severe bleeding""], ""source_ref"": ""Ethiopian formulary references; WHO clinical guidance; national medication safety review"", ""evidence_level"": ""Local formulary reference""}"
medication,1.0.0,"Medication effects, interactions, monitoring, adherence, and referral safety.",antibiotics,Antibiotics,Common oral and injectable antibiotics used in Ethiopian primary and referral care.,Infection review|Prescription audit|Antimicrobial education,"{""name"": ""Azithromycin 2 g Syrup"", ""description"": ""Azithromycin is used in Ethiopian clinical and community care settings for a clinician-directed indication. This reference supports safe prescribing, adherence review, and interaction checking."", ""drug_class"": ""Essential local formulary reference"", ""indications"": [""Clinician-directed treatment plan"", ""Routine medication review"", ""Safety screening""], ""common_side_effects"": [""Nausea"", ""Dizziness"", ""Mild abdominal discomfort""], ""serious_side_effects"": [""Severe allergic reaction"", ""Persistent vomiting"", ""Severe weakness"", ""Uncontrolled bleeding""], ""monitoring"": [""Dose and timing review"", ""Clinical symptom tracking"", ""Medication interaction screening""], ""contraindications"": [""Known severe allergy"", ""Severe hepatic or renal impairment without clinician review""], ""interactions"": [""Other medicines in the same treatment class"", ""Alcohol where relevant"", ""Traditional preparations without informed review""], ""pregnancy_lactation"": ""Use only when clinically justified and reviewed with the treating clinician."", ""population"": ""Adults and children when prescribed and clinically appropriate"", ""region"": ""Ethiopia: primary care, referral care, and local community settings"", ""safety_notes"": [""Complete the prescribed course unless instructed otherwise"", ""Urgent review is needed for shortness of breath, rash, fainting, confusion, or severe bleeding""], ""source_ref"": ""Ethiopian formulary references; WHO clinical guidance; national medication safety review"", ""evidence_level"": ""Local formulary reference""}"
medication,1.0.0,"Medication effects, interactions, monitoring, adherence, and referral safety.",antibiotics,Antibiotics,Common oral and injectable antibiotics used in Ethiopian primary and referral care.,Infection review|Prescription audit|Antimicrobial education,"{""name"": ""Azithromycin 2 g Injectable"", ""description"": ""Azithromycin is used in Ethiopian clinical and community care settings for a clinician-directed indication. This reference supports safe prescribing, adherence review, and interaction checking."", ""drug_class"": ""Essential local formulary reference"", ""indications"": [""Clinician-directed treatment plan"", ""Routine medication review"", ""Safety screening""], ""common_side_effects"": [""Nausea"", ""Dizziness"", ""Mild abdominal discomfort""], ""serious_side_effects"": [""Severe allergic reaction"", ""Persistent vomiting"", ""Severe weakness"", ""Uncontrolled bleeding""], ""monitoring"": [""Dose and timing review"", ""Clinical symptom tracking"", ""Medication interaction screening""], ""contraindications"": [""Known severe allergy"", ""Severe hepatic or renal impairment without clinician review""], ""interactions"": [""Other medicines in the same treatment class"", ""Alcohol where relevant"", ""Traditional preparations without informed review""], ""pregnancy_lactation"": ""Use only when clinically justified and reviewed with the treating clinician."", ""population"": ""Adults and children when prescribed and clinically appropriate"", ""region"": ""Ethiopia: primary care, referral care, and local community settings"", ""safety_notes"": [""Complete the prescribed course unless instructed otherwise"", ""Urgent review is needed for shortness of breath, rash, fainting, confusion, or severe bleeding""], ""source_ref"": ""Ethiopian formulary references; WHO clinical guidance; national medication safety review"", ""evidence_level"": ""Local formulary reference""}"
medication,1.0.0,"Medication effects, interactions, monitoring, adherence, and referral safety.",antibiotics,Antibiotics,Common oral and injectable antibiotics used in Ethiopian primary and referral care.,Infection review|Prescription audit|Antimicrobial education,"{""name"": ""Azithromycin 2 g Oral suspension"", ""description"": ""Azithromycin is used in Ethiopian clinical and community care settings for a clinician-directed indication. This reference supports safe prescribing, adherence review, and interaction checking."", ""drug_class"": ""Essential local formulary reference"", ""indications"": [""Clinician-directed treatment plan"", ""Routine medication review"", ""Safety screening""], ""common_side_effects"": [""Nausea"", ""Dizziness"", ""Mild abdominal discomfort""], ""serious_side_effects"": [""Severe allergic reaction"", ""Persistent vomiting"", ""Severe weakness"", ""Uncontrolled bleeding""], ""monitoring"": [""Dose and timing review"", ""Clinical symptom tracking"", ""Medication interaction screening""], ""contraindications"": [""Known severe allergy"", ""Severe hepatic or renal impairment without clinician review""], ""interactions"": [""Other medicines in the same treatment class"", ""Alcohol where relevant"", ""Traditional preparations without informed review""], ""pregnancy_lactation"": ""Use only when clinically justified and reviewed with the treating clinician."", ""population"": ""Adults and children when prescribed and clinically appropriate"", ""region"": ""Ethiopia: primary care, referral care, and local community settings"", ""safety_notes"": [""Complete the prescribed course unless instructed otherwise"", ""Urgent review is needed for shortness of breath, rash, fainting, confusion, or severe bleeding""], ""source_ref"": ""Ethiopian formulary references; WHO clinical guidance; national medication safety review"", ""evidence_level"": ""Local formulary reference""}"
medication,1.0.0,"Medication effects, interactions, monitoring, adherence, and referral safety.",antibiotics,Antibiotics,Common oral and injectable antibiotics used in Ethiopian primary and referral care.,Infection review|Prescription audit|Antimicrobial education,"{""name"": ""Azithromycin 2 g Inhaler"", ""description"": ""Azithromycin is used in Ethiopian clinical and community care settings for a clinician-directed indication. This reference supports safe prescribing, adherence review, and interaction checking."", ""drug_class"": ""Essential local formulary reference"", ""indications"": [""Clinician-directed treatment plan"", ""Routine medication review"", ""Safety screening""], ""common_side_effects"": [""Nausea"", ""Dizziness"", ""Mild abdominal discomfort""], ""serious_side_effects"": [""Severe allergic reaction"", ""Persistent vomiting"", ""Severe weakness"", ""Uncontrolled bleeding""], ""monitoring"": [""Dose and timing review"", ""Clinical symptom tracking"", ""Medication interaction screening""], ""contraindications"": [""Known severe allergy"", ""Severe hepatic or renal impairment without clinician review""], ""interactions"": [""Other medicines in the same treatment class"", ""Alcohol where relevant"", ""Traditional preparations without informed review""], ""pregnancy_lactation"": ""Use only when clinically justified and reviewed with the treating clinician."", ""population"": ""Adults and children when prescribed and clinically appropriate"", ""region"": ""Ethiopia: primary care, referral care, and local community settings"", ""safety_notes"": [""Complete the prescribed course unless instructed otherwise"", ""Urgent review is needed for shortness of breath, rash, fainting, confusion, or severe bleeding""], ""source_ref"": ""Ethiopian formulary references; WHO clinical guidance; national medication safety review"", ""evidence_level"": ""Local formulary reference""}"
medication,1.0.0,"Medication effects, interactions, monitoring, adherence, and referral safety.",antibiotics,Antibiotics,Common oral and injectable antibiotics used in Ethiopian primary and referral care.,Infection review|Prescription audit|Antimicrobial education,"{""name"": ""Ceftriaxone 5 mg Tablet"", ""description"": ""Ceftriaxone is used in Ethiopian clinical and community care settings for a clinician-directed indication. This reference supports safe prescribing, adherence review, and interaction checking."", ""drug_class"": ""Essential local formulary reference"", ""indications"": [""Clinician-directed treatment plan"", ""Routine medication review"", ""Safety screening""], ""common_side_effects"": [""Nausea"", ""Dizziness"", ""Mild abdominal discomfort""], ""serious_side_effects"": [""Severe allergic reaction"", ""Persistent vomiting"", ""Severe weakness"", ""Uncontrolled bleeding""], ""monitoring"": [""Dose and timing review"", ""Clinical symptom tracking"", ""Medication interaction screening""], ""contraindications"": [""Known severe allergy"", ""Severe hepatic or renal impairment without clinician review""], ""interactions"": [""Other medicines in the same treatment class"", ""Alcohol where relevant"", ""Traditional preparations without informed review""], ""pregnancy_lactation"": ""Use only when clinically justified and reviewed with the treating clinician."", ""population"": ""Adults and children when prescribed and clinically appropriate"", ""region"": ""Ethiopia: primary care, referral care, and local community settings"", ""safety_notes"": [""Complete the prescribed course unless instructed otherwise"", ""Urgent review is needed for shortness of breath, rash, fainting, confusion, or severe bleeding""], ""source_ref"": ""Ethiopian formulary references; WHO clinical guidance; national medication safety review"", ""evidence_level"": ""Local formulary reference""}"
medication,1.0.0,"Medication effects, interactions, monitoring, adherence, and referral safety.",antibiotics,Antibiotics,Common oral and injectable antibiotics used in Ethiopian primary and referral care.,Infection review|Prescription audit|Antimicrobial education,"{""name"": ""Ceftriaxone 5 mg Capsule"", ""description"": ""Ceftriaxone is used in Ethiopian clinical and community care settings for a clinician-directed indication. This reference supports safe prescribing, adherence review, and interaction checking."", ""drug_class"": ""Essential local formulary reference"", ""indications"": [""Clinician-directed treatment plan"", ""Routine medication review"", ""Safety screening""], ""common_side_effects"": [""Nausea"", ""Dizziness"", ""Mild abdominal discomfort""], ""serious_side_effects"": [""Severe allergic reaction"", ""Persistent vomiting"", ""Severe weakness"", ""Uncontrolled bleeding""], ""monitoring"": [""Dose and timing review"", ""Clinical symptom tracking"", ""Medication interaction screening""], ""contraindications"": [""Known severe allergy"", ""Severe hepatic or renal impairment without clinician review""], ""interactions"": [""Other medicines in the same treatment class"", ""Alcohol where relevant"", ""Traditional preparations without informed review""], ""pregnancy_lactation"": ""Use only when clinically justified and reviewed with the treating clinician."", ""population"": ""Adults and children when prescribed and clinically appropriate"", ""region"": ""Ethiopia: primary care, referral care, and local community settings"", ""safety_notes"": [""Complete the prescribed course unless instructed otherwise"", ""Urgent review is needed for shortness of breath, rash, fainting, confusion, or severe bleeding""], ""source_ref"": ""Ethiopian formulary references; WHO clinical guidance; national medication safety review"", ""evidence_level"": ""Local formulary reference""}"
medication,1.0.0,"Medication effects, interactions, monitoring, adherence, and referral safety.",antibiotics,Antibiotics,Common oral and injectable antibiotics used in Ethiopian primary and referral care.,Infection review|Prescription audit|Antimicrobial education,"{""name"": ""Ceftriaxone 5 mg Syrup"", ""description"": ""Ceftriaxone is used in Ethiopian clinical and community care settings for a clinician-directed indication. This reference supports safe prescribing, adherence review, and interaction checking."", ""drug_class"": ""Essential local formulary reference"", ""indications"": [""Clinician-directed treatment plan"", ""Routine medication review"", ""Safety screening""], ""common_side_effects"": [""Nausea"", ""Dizziness"", ""Mild abdominal discomfort""], ""serious_side_effects"": [""Severe allergic reaction"", ""Persistent vomiting"", ""Severe weakness"", ""Uncontrolled bleeding""], ""monitoring"": [""Dose and timing review"", ""Clinical symptom tracking"", ""Medication interaction screening""], ""contraindications"": [""Known severe allergy"", ""Severe hepatic or renal impairment without clinician review""], ""interactions"": [""Other medicines in the same treatment class"", ""Alcohol where relevant"", ""Traditional preparations without informed review""], ""pregnancy_lactation"": ""Use only when clinically justified and reviewed with the treating clinician."", ""population"": ""Adults and children when prescribed and clinically appropriate"", ""region"": ""Ethiopia: primary care, referral care, and local community settings"", ""safety_notes"": [""Complete the prescribed course unless instructed otherwise"", ""Urgent review is needed for shortness of breath, rash, fainting, confusion, or severe bleeding""], ""source_ref"": ""Ethiopian formulary references; WHO clinical guidance; national medication safety review"", ""evidence_level"": ""Local formulary reference""}"
medication,1.0.0,"Medication effects, interactions, monitoring, adherence, and referral safety.",antibiotics,Antibiotics,Common oral and injectable antibiotics used in Ethiopian primary and referral care.,Infection review|Prescription audit|Antimicrobial education,"{""name"": ""Ceftriaxone 5 mg Injectable"", ""description"": ""Ceftriaxone is used in Ethiopian clinical and community care settings for a clinician-directed indication. This reference supports safe prescribing, adherence review, and interaction checking."", ""drug_class"": ""Essential local formulary reference"", ""indications"": [""Clinician-directed treatment plan"", ""Routine medication review"", ""Safety screening""], ""common_side_effects"": [""Nausea"", ""Dizziness"", ""Mild abdominal discomfort""], ""serious_side_effects"": [""Severe allergic reaction"", ""Persistent vomiting"", ""Severe weakness"", ""Uncontrolled bleeding""], ""monitoring"": [""Dose and timing review"", ""Clinical symptom tracking"", ""Medication interaction screening""], ""contraindications"": [""Known severe allergy"", ""Severe hepatic or renal impairment without clinician review""], ""interactions"": [""Other medicines in the same treatment class"", ""Alcohol where relevant"", ""Traditional preparations without informed review""], ""pregnancy_lactation"": ""Use only when clinically justified and reviewed with the treating clinician."", ""population"": ""Adults and children when prescribed and clinically appropriate"", ""region"": ""Ethiopia: primary care, referral care, and local community settings"", ""safety_notes"": [""Complete the prescribed course unless instructed otherwise"", ""Urgent review is needed for shortness of breath, rash, fainting, confusion, or severe bleeding""], ""source_ref"": ""Ethiopian formulary references; WHO clinical guidance; national medication safety review"", ""evidence_level"": ""Local formulary reference""}"
medication,1.0.0,"Medication effects, interactions, monitoring, adherence, and referral safety.",antibiotics,Antibiotics,Common oral and injectable antibiotics used in Ethiopian primary and referral care.,Infection review|Prescription audit|Antimicrobial education,"{""name"": ""Ceftriaxone 5 mg Oral suspension"", ""description"": ""Ceftriaxone is used in Ethiopian clinical and community care settings for a clinician-directed indication. This reference supports safe prescribing, adherence review, and interaction checking."", ""drug_class"": ""Essential local formulary reference"", ""indications"": [""Clinician-directed treatment plan"", ""Routine medication review"", ""Safety screening""], ""common_side_effects"": [""Nausea"", ""Dizziness"", ""Mild abdominal discomfort""], ""serious_side_effects"": [""Severe allergic reaction"", ""Persistent vomiting"", ""Severe weakness"", ""Uncontrolled bleeding""], ""monitoring"": [""Dose and timing review"", ""Clinical symptom tracking"", ""Medication interaction screening""], ""contraindications"": [""Known severe allergy"", ""Severe hepatic or renal impairment without clinician review""], ""interactions"": [""Other medicines in the same treatment class"", ""Alcohol where relevant"", ""Traditional preparations without informed review""], ""pregnancy_lactation"": ""Use only when clinically justified and reviewed with the treating clinician."", ""population"": ""Adults and children when prescribed and clinically appropriate"", ""region"": ""Ethiopia: primary care, referral care, and local community settings"", ""safety_notes"": [""Complete the prescribed course unless instructed otherwise"", ""Urgent review is needed for shortness of breath, rash, fainting, confusion, or severe bleeding""], ""source_ref"": ""Ethiopian formulary references; WHO clinical guidance; national medication safety review"", ""evidence_level"": ""Local formulary reference""}"
medication,1.0.0,"Medication effects, interactions, monitoring, adherence, and referral safety.",antibiotics,Antibiotics,Common oral and injectable antibiotics used in Ethiopian primary and referral care.,Infection review|Prescription audit|Antimicrobial education,"{""name"": ""Ceftriaxone 5 mg Inhaler"", ""description"": ""Ceftriaxone is used in Ethiopian clinical and community care settings for a clinician-directed indication. This reference supports safe prescribing, adherence review, and interaction checking."", ""drug_class"": ""Essential local formulary reference"", ""indications"": [""Clinician-directed treatment plan"", ""Routine medication review"", ""Safety screening""], ""common_side_effects"": [""Nausea"", ""Dizziness"", ""Mild abdominal discomfort""], ""serious_side_effects"": [""Severe allergic reaction"", ""Persistent vomiting"", ""Severe weakness"", ""Uncontrolled bleeding""], ""monitoring"": [""Dose and timing review"", ""Clinical symptom tracking"", ""Medication interaction screening""], ""contraindications"": [""Known severe allergy"", ""Severe hepatic or renal impairment without clinician review""], ""interactions"": [""Other medicines in the same treatment class"", ""Alcohol where relevant"", ""Traditional preparations without informed review""], ""pregnancy_lactation"": ""Use only when clinically justified and reviewed with the treating clinician."", ""population"": ""Adults and children when prescribed and clinically appropriate"", ""region"": ""Ethiopia: primary care, referral care, and local community settings"", ""safety_notes"": [""Complete the prescribed course unless instructed otherwise"", ""Urgent review is needed for shortness of breath, rash, fainting, confusion, or severe bleeding""], ""source_ref"": ""Ethiopian formulary references; WHO clinical guidance; national medication safety review"", ""evidence_level"": ""Local formulary reference""}"
medication,1.0.0,"Medication effects, interactions, monitoring, adherence, and referral safety.",antibiotics,Antibiotics,Common oral and injectable antibiotics used in Ethiopian primary and referral care.,Infection review|Prescription audit|Antimicrobial education,"{""name"": ""Ceftriaxone 10 mg Tablet"", ""description"": ""Ceftriaxone is used in Ethiopian clinical and community care settings for a clinician-directed indication. This reference supports safe prescribing, adherence review, and interaction checking."", ""drug_class"": ""Essential local formulary reference"", ""indications"": [""Clinician-directed treatment plan"", ""Routine medication review"", ""Safety screening""], ""common_side_effects"": [""Nausea"", ""Dizziness"", ""Mild abdominal discomfort""], ""serious_side_effects"": [""Severe allergic reaction"", ""Persistent vomiting"", ""Severe weakness"", ""Uncontrolled bleeding""], ""monitoring"": [""Dose and timing review"", ""Clinical symptom tracking"", ""Medication interaction screening""], ""contraindications"": [""Known severe allergy"", ""Severe hepatic or renal impairment without clinician review""], ""interactions"": [""Other medicines in the same treatment class"", ""Alcohol where relevant"", ""Traditional preparations without informed review""], ""pregnancy_lactation"": ""Use only when clinically justified and reviewed with the treating clinician."", ""population"": ""Adults and children when prescribed and clinically appropriate"", ""region"": ""Ethiopia: primary care, referral care, and local community settings"", ""safety_notes"": [""Complete the prescribed course unless instructed otherwise"", ""Urgent review is needed for shortness of breath, rash, fainting, confusion, or severe bleeding""], ""source_ref"": ""Ethiopian formulary references; WHO clinical guidance; national medication safety review"", ""evidence_level"": ""Local formulary reference""}"
medication,1.0.0,"Medication effects, interactions, monitoring, adherence, and referral safety.",antibiotics,Antibiotics,Common oral and injectable antibiotics used in Ethiopian primary and referral care.,Infection review|Prescription audit|Antimicrobial education,"{""name"": ""Ceftriaxone 10 mg Capsule"", ""description"": ""Ceftriaxone is used in Ethiopian clinical and community care settings for a clinician-directed indication. This reference supports safe prescribing, adherence review, and interaction checking."", ""drug_class"": ""Essential local formulary reference"", ""indications"": [""Clinician-directed treatment plan"", ""Routine medication review"", ""Safety screening""], ""common_side_effects"": [""Nausea"", ""Dizziness"", ""Mild abdominal discomfort""], ""serious_side_effects"": [""Severe allergic reaction"", ""Persistent vomiting"", ""Severe weakness"", ""Uncontrolled bleeding""], ""monitoring"": [""Dose and timing review"", ""Clinical symptom tracking"", ""Medication interaction screening""], ""contraindications"": [""Known severe allergy"", ""Severe hepatic or renal impairment without clinician review""], ""interactions"": [""Other medicines in the same treatment class"", ""Alcohol where relevant"", ""Traditional preparations without informed review""], ""pregnancy_lactation"": ""Use only when clinically justified and reviewed with the treating clinician."", ""population"": ""Adults and children when prescribed and clinically appropriate"", ""region"": ""Ethiopia: primary care, referral care, and local community settings"", ""safety_notes"": [""Complete the prescribed course unless instructed otherwise"", ""Urgent review is needed for shortness of breath, rash, fainting, confusion, or severe bleeding""], ""source_ref"": ""Ethiopian formulary references; WHO clinical guidance; national medication safety review"", ""evidence_level"": ""Local formulary reference""}"
medication,1.0.0,"Medication effects, interactions, monitoring, adherence, and referral safety.",antibiotics,Antibiotics,Common oral and injectable antibiotics used in Ethiopian primary and referral care.,Infection review|Prescription audit|Antimicrobial education,"{""name"": ""Ceftriaxone 10 mg Syrup"", ""description"": ""Ceftriaxone is used in Ethiopian clinical and community care settings for a clinician-directed indication. This reference supports safe prescribing, adherence review, and interaction checking."", ""drug_class"": ""Essential local formulary reference"", ""indications"": [""Clinician-directed treatment plan"", ""Routine medication review"", ""Safety screening""], ""common_side_effects"": [""Nausea"", ""Dizziness"", ""Mild abdominal discomfort""], ""serious_side_effects"": [""Severe allergic reaction"", ""Persistent vomiting"", ""Severe weakness"", ""Uncontrolled bleeding""], ""monitoring"": [""Dose and timing review"", ""Clinical symptom tracking"", ""Medication interaction screening""], ""contraindications"": [""Known severe allergy"", ""Severe hepatic or renal impairment without clinician review""], ""interactions"": [""Other medicines in the same treatment class"", ""Alcohol where relevant"", ""Traditional preparations without informed review""], ""pregnancy_lactation"": ""Use only when clinically justified and reviewed with the treating clinician."", ""population"": ""Adults and children when prescribed and clinically appropriate"", ""region"": ""Ethiopia: primary care, referral care, and local community settings"", ""safety_notes"": [""Complete the prescribed course unless instructed otherwise"", ""Urgent review is needed for shortness of breath, rash, fainting, confusion, or severe bleeding""], ""source_ref"": ""Ethiopian formulary references; WHO clinical guidance; national medication safety review"", ""evidence_level"": ""Local formulary reference""}"
medication,1.0.0,"Medication effects, interactions, monitoring, adherence, and referral safety.",antibiotics,Antibiotics,Common oral and injectable antibiotics used in Ethiopian primary and referral care.,Infection review|Prescription audit|Antimicrobial education,"{""name"": ""Ceftriaxone 10 mg Injectable"", ""description"": ""Ceftriaxone is used in Ethiopian clinical and community care settings for a clinician-directed indication. This reference supports safe prescribing, adherence review, and interaction checking."", ""drug_class"": ""Essential local formulary reference"", ""indications"": [""Clinician-directed treatment plan"", ""Routine medication review"", ""Safety screening""], ""common_side_effects"": [""Nausea"", ""Dizziness"", ""Mild abdominal discomfort""], ""serious_side_effects"": [""Severe allergic reaction"", ""Persistent vomiting"", ""Severe weakness"", ""Uncontrolled bleeding""], ""monitoring"": [""Dose and timing review"", ""Clinical symptom tracking"", ""Medication interaction screening""], ""contraindications"": [""Known severe allergy"", ""Severe hepatic or renal impairment without clinician review""], ""interactions"": [""Other medicines in the same treatment class"", ""Alcohol where relevant"", ""Traditional preparations without informed review""], ""pregnancy_lactation"": ""Use only when clinically justified and reviewed with the treating clinician."", ""population"": ""Adults and children when prescribed and clinically appropriate"", ""region"": ""Ethiopia: primary care, referral care, and local community settings"", ""safety_notes"": [""Complete the prescribed course unless instructed otherwise"", ""Urgent review is needed for shortness of breath, rash, fainting, confusion, or severe bleeding""], ""source_ref"": ""Ethiopian formulary references; WHO clinical guidance; national medication safety review"", ""evidence_level"": ""Local formulary reference""}"
medication,1.0.0,"Medication effects, interactions, monitoring, adherence, and referral safety.",antibiotics,Antibiotics,Common oral and injectable antibiotics used in Ethiopian primary and referral care.,Infection review|Prescription audit|Antimicrobial education,"{""name"": ""Ceftriaxone 10 mg Oral suspension"", ""description"": ""Ceftriaxone is used in Ethiopian clinical and community care settings for a clinician-directed indication. This reference supports safe prescribing, adherence review, and interaction checking."", ""drug_class"": ""Essential local formulary reference"", ""indications"": [""Clinician-directed treatment plan"", ""Routine medication review"", ""Safety screening""], ""common_side_effects"": [""Nausea"", ""Dizziness"", ""Mild abdominal discomfort""], ""serious_side_effects"": [""Severe allergic reaction"", ""Persistent vomiting"", ""Severe weakness"", ""Uncontrolled bleeding""], ""monitoring"": [""Dose and timing review"", ""Clinical symptom tracking"", ""Medication interaction screening""], ""contraindications"": [""Known severe allergy"", ""Severe hepatic or renal impairment without clinician review""], ""interactions"": [""Other medicines in the same treatment class"", ""Alcohol where relevant"", ""Traditional preparations without informed review""], ""pregnancy_lactation"": ""Use only when clinically justified and reviewed with the treating clinician."", ""population"": ""Adults and children when prescribed and clinically appropriate"", ""region"": ""Ethiopia: primary care, referral care, and local community settings"", ""safety_notes"": [""Complete the prescribed course unless instructed otherwise"", ""Urgent review is needed for shortness of breath, rash, fainting, confusion, or severe bleeding""], ""source_ref"": ""Ethiopian formulary references; WHO clinical guidance; national medication safety review"", ""evidence_level"": ""Local formulary reference""}"
medication,1.0.0,"Medication effects, interactions, monitoring, adherence, and referral safety.",antibiotics,Antibiotics,Common oral and injectable antibiotics used in Ethiopian primary and referral care.,Infection review|Prescription audit|Antimicrobial education,"{""name"": ""Ceftriaxone 10 mg Inhaler"", ""description"": ""Ceftriaxone is used in Ethiopian clinical and community care settings for a clinician-directed indication. This reference supports safe prescribing, adherence review, and interaction checking."", ""drug_class"": ""Essential local formulary reference"", ""indications"": [""Clinician-directed treatment plan"", ""Routine medication review"", ""Safety screening""], ""common_side_effects"": [""Nausea"", ""Dizziness"", ""Mild abdominal discomfort""], ""serious_side_effects"": [""Severe allergic reaction"", ""Persistent vomiting"", ""Severe weakness"", ""Uncontrolled bleeding""], ""monitoring"": [""Dose and timing review"", ""Clinical symptom tracking"", ""Medication interaction screening""], ""contraindications"": [""Known severe allergy"", ""Severe hepatic or renal impairment without clinician review""], ""interactions"": [""Other medicines in the same treatment class"", ""Alcohol where relevant"", ""Traditional preparations without informed review""], ""pregnancy_lactation"": ""Use only when clinically justified and reviewed with the treating clinician."", ""population"": ""Adults and children when prescribed and clinically appropriate"", ""region"": ""Ethiopia: primary care, referral care, and local community settings"", ""safety_notes"": [""Complete the prescribed course unless instructed otherwise"", ""Urgent review is needed for shortness of breath, rash, fainting, confusion, or severe bleeding""], ""source_ref"": ""Ethiopian formulary references; WHO clinical guidance; national medication safety review"", ""evidence_level"": ""Local formulary reference""}"
medication,1.0.0,"Medication effects, interactions, monitoring, adherence, and referral safety.",antibiotics,Antibiotics,Common oral and injectable antibiotics used in Ethiopian primary and referral care.,Infection review|Prescription audit|Antimicrobial education,"{""name"": ""Ceftriaxone 25 mg Tablet"", ""description"": ""Ceftriaxone is used in Ethiopian clinical and community care settings for a clinician-directed indication. This reference supports safe prescribing, adherence review, and interaction checking."", ""drug_class"": ""Essential local formulary reference"", ""indications"": [""Clinician-directed treatment plan"", ""Routine medication review"", ""Safety screening""], ""common_side_effects"": [""Nausea"", ""Dizziness"", ""Mild abdominal discomfort""], ""serious_side_effects"": [""Severe allergic reaction"", ""Persistent vomiting"", ""Severe weakness"", ""Uncontrolled bleeding""], ""monitoring"": [""Dose and timing review"", ""Clinical symptom tracking"", ""Medication interaction screening""], ""contraindications"": [""Known severe allergy"", ""Severe hepatic or renal impairment without clinician review""], ""interactions"": [""Other medicines in the same treatment class"", ""Alcohol where relevant"", ""Traditional preparations without informed review""], ""pregnancy_lactation"": ""Use only when clinically justified and reviewed with the treating clinician."", ""population"": ""Adults and children when prescribed and clinically appropriate"", ""region"": ""Ethiopia: primary care, referral care, and local community settings"", ""safety_notes"": [""Complete the prescribed course unless instructed otherwise"", ""Urgent review is needed for shortness of breath, rash, fainting, confusion, or severe bleeding""], ""source_ref"": ""Ethiopian formulary references; WHO clinical guidance; national medication safety review"", ""evidence_level"": ""Local formulary reference""}"
medication,1.0.0,"Medication effects, interactions, monitoring, adherence, and referral safety.",antibiotics,Antibiotics,Common oral and injectable antibiotics used in Ethiopian primary and referral care.,Infection review|Prescription audit|Antimicrobial education,"{""name"": ""Ceftriaxone 25 mg Capsule"", ""description"": ""Ceftriaxone is used in Ethiopian clinical and community care settings for a clinician-directed indication. This reference supports safe prescribing, adherence review, and interaction checking."", ""drug_class"": ""Essential local formulary reference"", ""indications"": [""Clinician-directed treatment plan"", ""Routine medication review"", ""Safety screening""], ""common_side_effects"": [""Nausea"", ""Dizziness"", ""Mild abdominal discomfort""], ""serious_side_effects"": [""Severe allergic reaction"", ""Persistent vomiting"", ""Severe weakness"", ""Uncontrolled bleeding""], ""monitoring"": [""Dose and timing review"", ""Clinical symptom tracking"", ""Medication interaction screening""], ""contraindications"": [""Known severe allergy"", ""Severe hepatic or renal impairment without clinician review""], ""interactions"": [""Other medicines in the same treatment class"", ""Alcohol where relevant"", ""Traditional preparations without informed review""], ""pregnancy_lactation"": ""Use only when clinically justified and reviewed with the treating clinician."", ""population"": ""Adults and children when prescribed and clinically appropriate"", ""region"": ""Ethiopia: primary care, referral care, and local community settings"", ""safety_notes"": [""Complete the prescribed course unless instructed otherwise"", ""Urgent review is needed for shortness of breath, rash, fainting, confusion, or severe bleeding""], ""source_ref"": ""Ethiopian formulary references; WHO clinical guidance; national medication safety review"", ""evidence_level"": ""Local formulary reference""}"
